Datetime,0
2017-01-01 00:00:00,28302.047
2017-01-01 01:00:00,27072.082
2017-01-01 02:00:00,26058.256
2017-01-01 03:00:00,25428.307
2017-01-01 04:00:00,24873.473
2017-01-01 05:00:00,24907.822
2017-01-01 06:00:00,25137.451
2017-01-01 07:00:00,25711.684
2017-01-01 08:00:00,26569.105
2017-01-01 09:00:00,26695.176
2017-01-01 10:00:00,26921.986
2017-01-01 11:00:00,26794.764
2017-01-01 12:00:00,26483.5
2017-01-01 13:00:00,26509.824
2017-01-01 14:00:00,26121.68
2017-01-01 15:00:00,26024.113
2017-01-01 16:00:00,26309.145
2017-01-01 17:00:00,27081.053
2017-01-01 18:00:00,29677.797
2017-01-01 19:00:00,32783.203
2017-01-01 20:00:00,31270.12
2017-01-01 21:00:00,31819.707
2017-01-01 22:00:00,30900.227
2017-01-01 23:00:00,29354.596
2017-01-02 00:00:00,27695.525
2017-01-02 01:00:00,25936.832
2017-01-02 02:00:00,24943.004
2017-01-02 03:00:00,24668.95
2017-01-02 04:00:00,24657.352
2017-01-02 05:00:00,25013.49
2017-01-02 06:00:00,25946.807
2017-01-02 07:00:00,27261.754
2017-01-02 08:00:00,28569.941
2017-01-02 09:00:00,29151.41
2017-01-02 10:00:00,30034.781
2017-01-02 11:00:00,31390.662
2017-01-02 12:00:00,32028.406
2017-01-02 13:00:00,32525.193
2017-01-02 14:00:00,32426.895
2017-01-02 15:00:00,32454.14
2017-01-02 16:00:00,32454.002
2017-01-02 17:00:00,32962.453
2017-01-02 18:00:00,34784.04
2017-01-02 19:00:00,36214.664
2017-01-02 20:00:00,34348.902
2017-01-02 21:00:00,34405.066
2017-01-02 22:00:00,32477.975
2017-01-02 23:00:00,30184.303
2017-01-03 00:00:00,27875.842
2017-01-03 01:00:00,25978.982
2017-01-03 02:00:00,25137.57
2017-01-03 03:00:00,24799.242
2017-01-03 04:00:00,25102.887
2017-01-03 05:00:00,25662.6
2017-01-03 06:00:00,27121.35
2017-01-03 07:00:00,30045.184
2017-01-03 08:00:00,33440.008
2017-01-03 09:00:00,34092.36
2017-01-03 10:00:00,33822.668
2017-01-03 11:00:00,34458.086
2017-01-03 12:00:00,34143.086
2017-01-03 13:00:00,34153.39
2017-01-03 14:00:00,34404.242
2017-01-03 15:00:00,33852.543
2017-01-03 16:00:00,33568.594
2017-01-03 17:00:00,34014.62
2017-01-03 18:00:00,35590.973
2017-01-03 19:00:00,37105.01
2017-01-03 20:00:00,35132.406
2017-01-03 21:00:00,34792.43
2017-01-03 22:00:00,33021.7
2017-01-03 23:00:00,30454.318
2017-01-04 00:00:00,27985.852
2017-01-04 01:00:00,26161.654
2017-01-04 02:00:00,25210.33
2017-01-04 03:00:00,24989.02
2017-01-04 04:00:00,25173.088
2017-01-04 05:00:00,25694.146
2017-01-04 06:00:00,26823.053
2017-01-04 07:00:00,29992.844
2017-01-04 08:00:00,33316.43
2017-01-04 09:00:00,33651.97
2017-01-04 10:00:00,32329.555
2017-01-04 11:00:00,32569.156
2017-01-04 12:00:00,32037.832
2017-01-04 13:00:00,31619.973
2017-01-04 14:00:00,30940.062
2017-01-04 15:00:00,30689.758
2017-01-04 16:00:00,31284.172
2017-01-04 17:00:00,32310.29
2017-01-04 18:00:00,34186.016
2017-01-04 19:00:00,37563.094
2017-01-04 20:00:00,35642.867
2017-01-04 21:00:00,36201.637
2017-01-04 22:00:00,34869.633
2017-01-04 23:00:00,32564.969
2017-01-05 00:00:00,30400.166
2017-01-05 01:00:00,28772.424
2017-01-05 02:00:00,28302.688
2017-01-05 03:00:00,28457.047
2017-01-05 04:00:00,28709.537
2017-01-05 05:00:00,29748.736
2017-01-05 06:00:00,31446.627
2017-01-05 07:00:00,34035.63
2017-01-05 08:00:00,37614.01
2017-01-05 09:00:00,37750.188
2017-01-05 10:00:00,37124.78
2017-01-05 11:00:00,37345.83
2017-01-05 12:00:00,36505.625
2017-01-05 13:00:00,35875.3
2017-01-05 14:00:00,35084.45
2017-01-05 15:00:00,35986.816
2017-01-05 16:00:00,36115.914
2017-01-05 17:00:00,36647.38
2017-01-05 18:00:00,38321.883
2017-01-05 19:00:00,40568.633
2017-01-05 20:00:00,38368.805
2017-01-05 21:00:00,38514.695
2017-01-05 22:00:00,36751.387
2017-01-05 23:00:00,34322.934
2017-01-06 00:00:00,32066.441
2017-01-06 01:00:00,30418.852
2017-01-06 02:00:00,29812.85
2017-01-06 03:00:00,29802.648
2017-01-06 04:00:00,30127.174
2017-01-06 05:00:00,30672.424
2017-01-06 06:00:00,32216.271
2017-01-06 07:00:00,34750.605
2017-01-06 08:00:00,38079.34
2017-01-06 09:00:00,38124.137
2017-01-06 10:00:00,37687.16
2017-01-06 11:00:00,37223.582
2017-01-06 12:00:00,35975.06
2017-01-06 13:00:00,35631.6
2017-01-06 14:00:00,35529.14
2017-01-06 15:00:00,36013.07
2017-01-06 16:00:00,36424.484
2017-01-06 17:00:00,37228.812
2017-01-06 18:00:00,38659.86
2017-01-06 19:00:00,40758.742
2017-01-06 20:00:00,38325.887
2017-01-06 21:00:00,38408.17
2017-01-06 22:00:00,37006.168
2017-01-06 23:00:00,35313.773
2017-01-07 00:00:00,33531.8
2017-01-07 01:00:00,32025.63
2017-01-07 02:00:00,31353.87
2017-01-07 03:00:00,31084.521
2017-01-07 04:00:00,31419.236
2017-01-07 05:00:00,31655.523
2017-01-07 06:00:00,32483.758
2017-01-07 07:00:00,33771.81
2017-01-07 08:00:00,35064.777
2017-01-07 09:00:00,36235.07
2017-01-07 10:00:00,37484.28
2017-01-07 11:00:00,38864.562
2017-01-07 12:00:00,39252.395
2017-01-07 13:00:00,39458.332
2017-01-07 14:00:00,39371.74
2017-01-07 15:00:00,39044.652
2017-01-07 16:00:00,38895.98
2017-01-07 17:00:00,38657.953
2017-01-07 18:00:00,39912.04
2017-01-07 19:00:00,42121.297
2017-01-07 20:00:00,40268.637
2017-01-07 21:00:00,40370.086
2017-01-07 22:00:00,39150.82
2017-01-07 23:00:00,37624.89
2017-01-08 00:00:00,35788.4
2017-01-08 01:00:00,34326.45
2017-01-08 02:00:00,33771.453
2017-01-08 03:00:00,33705.688
2017-01-08 04:00:00,33973.7
2017-01-08 05:00:00,34432.93
2017-01-08 06:00:00,35282.43
2017-01-08 07:00:00,36332.707
2017-01-08 08:00:00,37554.86
2017-01-08 09:00:00,38098.8
2017-01-08 10:00:00,38744.273
2017-01-08 11:00:00,38761.465
2017-01-08 12:00:00,38516.99
2017-01-08 13:00:00,38330.285
2017-01-08 14:00:00,37703.387
2017-01-08 15:00:00,37574.05
2017-01-08 16:00:00,37561.258
2017-01-08 17:00:00,38924.42
2017-01-08 18:00:00,40776.195
2017-01-08 19:00:00,44054.555
2017-01-08 20:00:00,42054.81
2017-01-08 21:00:00,42429.07
2017-01-08 22:00:00,41067.67
2017-01-08 23:00:00,38852.117
2017-01-09 00:00:00,37160.27
2017-01-09 01:00:00,35006.098
2017-01-09 02:00:00,35119.316
2017-01-09 03:00:00,35392.832
2017-01-09 04:00:00,35846.477
2017-01-09 05:00:00,36862.547
2017-01-09 06:00:00,38015.465
2017-01-09 07:00:00,40696.336
2017-01-09 08:00:00,43937.297
2017-01-09 09:00:00,43684.496
2017-01-09 10:00:00,43048.895
2017-01-09 11:00:00,42809.535
2017-01-09 12:00:00,41637.758
2017-01-09 13:00:00,40815.43
2017-01-09 14:00:00,40186.062
2017-01-09 15:00:00,40560.203
2017-01-09 16:00:00,39974.22
2017-01-09 17:00:00,40649.457
2017-01-09 18:00:00,42121.55
2017-01-09 19:00:00,45355.375
2017-01-09 20:00:00,42923.547
2017-01-09 21:00:00,43788.008
2017-01-09 22:00:00,41884.094
2017-01-09 23:00:00,39942.125
2017-01-10 00:00:00,37270.973
2017-01-10 01:00:00,35454.586
2017-01-10 02:00:00,35244.07
2017-01-10 03:00:00,35305.65
2017-01-10 04:00:00,35761.973
2017-01-10 05:00:00,36335.62
2017-01-10 06:00:00,37785.617
2017-01-10 07:00:00,40015.055
2017-01-10 08:00:00,43493.117
2017-01-10 09:00:00,42684.793
2017-01-10 10:00:00,41931.0
2017-01-10 11:00:00,41254.008
2017-01-10 12:00:00,40001.78
2017-01-10 13:00:00,39624.457
2017-01-10 14:00:00,38910.055
2017-01-10 15:00:00,39126.926
2017-01-10 16:00:00,39007.023
2017-01-10 17:00:00,39290.914
2017-01-10 18:00:00,40503.816
2017-01-10 19:00:00,42251.742
2017-01-10 20:00:00,39884.8
2017-01-10 21:00:00,39830.992
2017-01-10 22:00:00,37417.15
2017-01-10 23:00:00,34637.64
2017-01-11 00:00:00,32300.904
2017-01-11 01:00:00,29939.918
2017-01-11 02:00:00,29317.172
2017-01-11 03:00:00,29207.236
2017-01-11 04:00:00,29317.14
2017-01-11 05:00:00,29791.068
2017-01-11 06:00:00,30912.727
2017-01-11 07:00:00,33678.664
2017-01-11 08:00:00,37012.797
2017-01-11 09:00:00,36759.016
2017-01-11 10:00:00,34827.86
2017-01-11 11:00:00,33881.016
2017-01-11 12:00:00,32827.566
2017-01-11 13:00:00,32365.832
2017-01-11 14:00:00,31996.535
2017-01-11 15:00:00,32675.758
2017-01-11 16:00:00,32499.213
2017-01-11 17:00:00,33627.4
2017-01-11 18:00:00,35386.125
2017-01-11 19:00:00,37143.67
2017-01-11 20:00:00,35195.105
2017-01-11 21:00:00,35004.85
2017-01-11 22:00:00,33089.562
2017-01-11 23:00:00,30664.043
2017-01-12 00:00:00,28299.982
2017-01-12 01:00:00,26433.717
2017-01-12 02:00:00,25608.133
2017-01-12 03:00:00,25253.363
2017-01-12 04:00:00,25164.168
2017-01-12 05:00:00,25601.496
2017-01-12 06:00:00,26636.324
2017-01-12 07:00:00,29466.145
2017-01-12 08:00:00,32808.473
2017-01-12 09:00:00,32965.11
2017-01-12 10:00:00,31450.99
2017-01-12 11:00:00,31663.688
2017-01-12 12:00:00,30686.158
2017-01-12 13:00:00,30761.057
2017-01-12 14:00:00,30108.434
2017-01-12 15:00:00,30775.879
2017-01-12 16:00:00,30569.463
2017-01-12 17:00:00,30952.45
2017-01-12 18:00:00,32449.633
2017-01-12 19:00:00,34233.504
2017-01-12 20:00:00,32498.855
2017-01-12 21:00:00,32114.074
2017-01-12 22:00:00,30351.83
2017-01-12 23:00:00,27824.564
2017-01-13 00:00:00,25795.396
2017-01-13 01:00:00,24044.7
2017-01-13 02:00:00,23249.371
2017-01-13 03:00:00,23049.33
2017-01-13 04:00:00,23078.95
2017-01-13 05:00:00,23675.236
2017-01-13 06:00:00,24757.936
2017-01-13 07:00:00,27756.945
2017-01-13 08:00:00,31115.334
2017-01-13 09:00:00,31694.395
2017-01-13 10:00:00,30684.072
2017-01-13 11:00:00,30665.822
2017-01-13 12:00:00,30297.414
2017-01-13 13:00:00,29672.244
2017-01-13 14:00:00,29604.98
2017-01-13 15:00:00,30037.904
2017-01-13 16:00:00,30017.062
2017-01-13 17:00:00,31124.527
2017-01-13 18:00:00,32787.375
2017-01-13 19:00:00,34946.48
2017-01-13 20:00:00,33318.277
2017-01-13 21:00:00,33149.336
2017-01-13 22:00:00,31990.756
2017-01-13 23:00:00,30350.277
2017-01-14 00:00:00,28508.016
2017-01-14 01:00:00,27027.098
2017-01-14 02:00:00,26173.715
2017-01-14 03:00:00,26042.615
2017-01-14 04:00:00,26261.473
2017-01-14 05:00:00,26603.277
2017-01-14 06:00:00,27395.266
2017-01-14 07:00:00,28740.355
2017-01-14 08:00:00,30188.926
2017-01-14 09:00:00,31375.633
2017-01-14 10:00:00,32396.318
2017-01-14 11:00:00,33244.965
2017-01-14 12:00:00,33407.26
2017-01-14 13:00:00,33882.66
2017-01-14 14:00:00,33642.918
2017-01-14 15:00:00,33648.855
2017-01-14 16:00:00,33904.94
2017-01-14 17:00:00,34228.72
2017-01-14 18:00:00,35501.28
2017-01-14 19:00:00,36867.04
2017-01-14 20:00:00,35207.74
2017-01-14 21:00:00,34793.195
2017-01-14 22:00:00,33482.86
2017-01-14 23:00:00,31679.969
2017-01-15 00:00:00,30026.584
2017-01-15 01:00:00,28412.184
2017-01-15 02:00:00,27341.037
2017-01-15 03:00:00,27046.473
2017-01-15 04:00:00,26981.314
2017-01-15 05:00:00,27360.1
2017-01-15 06:00:00,27971.182
2017-01-15 07:00:00,29045.084
2017-01-15 08:00:00,30470.615
2017-01-15 09:00:00,31265.492
2017-01-15 10:00:00,31736.338
2017-01-15 11:00:00,31048.13
2017-01-15 12:00:00,30267.447
2017-01-15 13:00:00,29679.969
2017-01-15 14:00:00,29174.734
2017-01-15 15:00:00,28907.846
2017-01-15 16:00:00,29465.15
2017-01-15 17:00:00,30626.76
2017-01-15 18:00:00,32705.219
2017-01-15 19:00:00,35387.42
2017-01-15 20:00:00,34380.062
2017-01-15 21:00:00,34046.957
2017-01-15 22:00:00,33682.715
2017-01-15 23:00:00,31559.861
2017-01-16 00:00:00,30200.803
2017-01-16 01:00:00,28749.436
2017-01-16 02:00:00,27927.434
2017-01-16 03:00:00,28264.5
2017-01-16 04:00:00,28451.965
2017-01-16 05:00:00,29245.217
2017-01-16 06:00:00,30618.41
2017-01-16 07:00:00,32582.535
2017-01-16 08:00:00,34895.24
2017-01-16 09:00:00,35637.88
2017-01-16 10:00:00,35537.457
2017-01-16 11:00:00,34968.496
2017-01-16 12:00:00,34060.266
2017-01-16 13:00:00,33511.508
2017-01-16 14:00:00,33154.316
2017-01-16 15:00:00,33154.18
2017-01-16 16:00:00,33573.918
2017-01-16 17:00:00,34199.33
2017-01-16 18:00:00,35700.87
2017-01-16 19:00:00,37911.555
2017-01-16 20:00:00,35936.504
2017-01-16 21:00:00,35835.062
2017-01-16 22:00:00,33850.438
2017-01-16 23:00:00,31322.387
2017-01-17 00:00:00,29009.887
2017-01-17 01:00:00,27446.555
2017-01-17 02:00:00,26831.277
2017-01-17 03:00:00,26440.363
2017-01-17 04:00:00,26788.701
2017-01-17 05:00:00,27379.268
2017-01-17 06:00:00,28658.293
2017-01-17 07:00:00,31679.51
2017-01-17 08:00:00,35037.188
2017-01-17 09:00:00,35335.406
2017-01-17 10:00:00,34752.254
2017-01-17 11:00:00,34892.992
2017-01-17 12:00:00,34884.27
2017-01-17 13:00:00,34298.082
2017-01-17 14:00:00,34379.47
2017-01-17 15:00:00,34434.645
2017-01-17 16:00:00,34150.023
2017-01-17 17:00:00,34770.773
2017-01-17 18:00:00,35902.68
2017-01-17 19:00:00,37063.71
2017-01-17 20:00:00,35376.19
2017-01-17 21:00:00,34901.785
2017-01-17 22:00:00,32975.688
2017-01-17 23:00:00,30465.828
2017-01-18 00:00:00,28248.518
2017-01-18 01:00:00,26523.578
2017-01-18 02:00:00,25547.555
2017-01-18 03:00:00,25512.238
2017-01-18 04:00:00,25575.076
2017-01-18 05:00:00,26122.764
2017-01-18 06:00:00,27337.621
2017-01-18 07:00:00,30626.258
2017-01-18 08:00:00,33950.258
2017-01-18 09:00:00,34432.027
2017-01-18 10:00:00,33349.945
2017-01-18 11:00:00,33506.574
2017-01-18 12:00:00,32588.838
2017-01-18 13:00:00,32679.303
2017-01-18 14:00:00,32265.752
2017-01-18 15:00:00,32638.375
2017-01-18 16:00:00,32432.617
2017-01-18 17:00:00,33005.09
2017-01-18 18:00:00,34435.633
2017-01-18 19:00:00,36075.223
2017-01-18 20:00:00,34564.668
2017-01-18 21:00:00,34164.332
2017-01-18 22:00:00,32615.309
2017-01-18 23:00:00,30125.164
2017-01-19 00:00:00,27743.387
2017-01-19 01:00:00,26004.512
2017-01-19 02:00:00,25375.229
2017-01-19 03:00:00,25129.994
2017-01-19 04:00:00,25273.8
2017-01-19 05:00:00,25889.975
2017-01-19 06:00:00,27203.646
2017-01-19 07:00:00,30436.867
2017-01-19 08:00:00,33734.22
2017-01-19 09:00:00,33950.1
2017-01-19 10:00:00,32745.314
2017-01-19 11:00:00,32196.334
2017-01-19 12:00:00,31574.205
2017-01-19 13:00:00,31015.684
2017-01-19 14:00:00,31245.23
2017-01-19 15:00:00,31829.594
2017-01-19 16:00:00,31765.867
2017-01-19 17:00:00,31994.215
2017-01-19 18:00:00,33459.47
2017-01-19 19:00:00,35605.66
2017-01-19 20:00:00,34603.0
2017-01-19 21:00:00,34287.863
2017-01-19 22:00:00,33288.008
2017-01-19 23:00:00,30993.354
2017-01-20 00:00:00,28838.35
2017-01-20 01:00:00,27306.584
2017-01-20 02:00:00,26718.928
2017-01-20 03:00:00,26736.705
2017-01-20 04:00:00,26989.387
2017-01-20 05:00:00,27553.982
2017-01-20 06:00:00,29047.688
2017-01-20 07:00:00,31656.254
2017-01-20 08:00:00,34870.88
2017-01-20 09:00:00,35088.098
2017-01-20 10:00:00,34564.887
2017-01-20 11:00:00,34666.113
2017-01-20 12:00:00,34217.25
2017-01-20 13:00:00,33560.492
2017-01-20 14:00:00,33720.414
2017-01-20 15:00:00,34242.684
2017-01-20 16:00:00,33613.83
2017-01-20 17:00:00,33909.77
2017-01-20 18:00:00,34557.4
2017-01-20 19:00:00,35898.31
2017-01-20 20:00:00,33917.41
2017-01-20 21:00:00,33224.402
2017-01-20 22:00:00,31879.803
2017-01-20 23:00:00,29914.371
2017-01-21 00:00:00,27955.498
2017-01-21 01:00:00,26282.516
2017-01-21 02:00:00,25164.643
2017-01-21 03:00:00,24790.14
2017-01-21 04:00:00,24667.424
2017-01-21 05:00:00,24785.348
2017-01-21 06:00:00,25403.307
2017-01-21 07:00:00,26517.332
2017-01-21 08:00:00,27830.01
2017-01-21 09:00:00,28848.527
2017-01-21 10:00:00,30128.877
2017-01-21 11:00:00,30587.11
2017-01-21 12:00:00,30664.855
2017-01-21 13:00:00,30290.127
2017-01-21 14:00:00,29621.287
2017-01-21 15:00:00,29112.037
2017-01-21 16:00:00,29038.426
2017-01-21 17:00:00,29384.875
2017-01-21 18:00:00,30839.734
2017-01-21 19:00:00,32482.592
2017-01-21 20:00:00,30958.057
2017-01-21 21:00:00,30473.412
2017-01-21 22:00:00,29049.15
2017-01-21 23:00:00,27573.174
2017-01-22 00:00:00,25828.818
2017-01-22 01:00:00,24453.145
2017-01-22 02:00:00,23495.898
2017-01-22 03:00:00,23200.752
2017-01-22 04:00:00,23137.836
2017-01-22 05:00:00,23380.803
2017-01-22 06:00:00,23741.0
2017-01-22 07:00:00,24637.771
2017-01-22 08:00:00,25597.29
2017-01-22 09:00:00,26463.76
2017-01-22 10:00:00,27591.648
2017-01-22 11:00:00,28438.09
2017-01-22 12:00:00,28589.979
2017-01-22 13:00:00,28686.941
2017-01-22 14:00:00,28718.055
2017-01-22 15:00:00,28717.338
2017-01-22 16:00:00,28894.39
2017-01-22 17:00:00,29487.133
2017-01-22 18:00:00,30764.807
2017-01-22 19:00:00,32509.59
2017-01-22 20:00:00,31485.236
2017-01-22 21:00:00,30698.918
2017-01-22 22:00:00,29645.076
2017-01-22 23:00:00,27290.764
2017-01-23 00:00:00,25473.13
2017-01-23 01:00:00,23942.154
2017-01-23 02:00:00,23420.238
2017-01-23 03:00:00,23386.477
2017-01-23 04:00:00,23723.338
2017-01-23 05:00:00,24482.434
2017-01-23 06:00:00,25955.08
2017-01-23 07:00:00,28963.145
2017-01-23 08:00:00,32531.822
2017-01-23 09:00:00,33417.1
2017-01-23 10:00:00,33576.3
2017-01-23 11:00:00,34438.207
2017-01-23 12:00:00,34666.742
2017-01-23 13:00:00,34985.844
2017-01-23 14:00:00,35247.633
2017-01-23 15:00:00,35473.25
2017-01-23 16:00:00,35376.973
2017-01-23 17:00:00,35657.184
2017-01-23 18:00:00,36617.15
2017-01-23 19:00:00,37990.676
2017-01-23 20:00:00,36463.727
2017-01-23 21:00:00,35962.25
2017-01-23 22:00:00,34242.742
2017-01-23 23:00:00,31704.11
2017-01-24 00:00:00,29420.68
2017-01-24 01:00:00,27759.654
2017-01-24 02:00:00,26897.764
2017-01-24 03:00:00,26768.662
2017-01-24 04:00:00,26942.822
2017-01-24 05:00:00,27647.002
2017-01-24 06:00:00,29148.232
2017-01-24 07:00:00,32066.334
2017-01-24 08:00:00,35645.938
2017-01-24 09:00:00,35915.55
2017-01-24 10:00:00,35046.117
2017-01-24 11:00:00,34874.56
2017-01-24 12:00:00,34126.742
2017-01-24 13:00:00,33994.652
2017-01-24 14:00:00,34133.66
2017-01-24 15:00:00,34088.85
2017-01-24 16:00:00,34486.117
2017-01-24 17:00:00,34830.234
2017-01-24 18:00:00,35748.992
2017-01-24 19:00:00,37627.863
2017-01-24 20:00:00,36190.664
2017-01-24 21:00:00,35751.75
2017-01-24 22:00:00,34147.23
2017-01-24 23:00:00,31631.254
2017-01-25 00:00:00,29179.6
2017-01-25 01:00:00,27633.248
2017-01-25 02:00:00,26733.312
2017-01-25 03:00:00,26414.047
2017-01-25 04:00:00,26759.305
2017-01-25 05:00:00,27154.178
2017-01-25 06:00:00,28503.275
2017-01-25 07:00:00,31611.867
2017-01-25 08:00:00,35067.277
2017-01-25 09:00:00,34799.36
2017-01-25 10:00:00,33159.992
2017-01-25 11:00:00,31845.012
2017-01-25 12:00:00,30828.865
2017-01-25 13:00:00,30235.936
2017-01-25 14:00:00,30080.78
2017-01-25 15:00:00,30167.268
2017-01-25 16:00:00,30156.479
2017-01-25 17:00:00,30879.174
2017-01-25 18:00:00,32115.51
2017-01-25 19:00:00,34629.55
2017-01-25 20:00:00,33959.152
2017-01-25 21:00:00,33402.098
2017-01-25 22:00:00,32260.703
2017-01-25 23:00:00,29620.365
2017-01-26 00:00:00,27316.197
2017-01-26 01:00:00,25640.771
2017-01-26 02:00:00,24718.51
2017-01-26 03:00:00,24655.342
2017-01-26 04:00:00,24840.697
2017-01-26 05:00:00,25335.678
2017-01-26 06:00:00,26587.71
2017-01-26 07:00:00,29479.32
2017-01-26 08:00:00,32656.328
2017-01-26 09:00:00,33016.05
2017-01-26 10:00:00,32320.049
2017-01-26 11:00:00,32194.666
2017-01-26 12:00:00,31064.297
2017-01-26 13:00:00,30939.291
2017-01-26 14:00:00,30200.467
2017-01-26 15:00:00,30843.85
2017-01-26 16:00:00,31072.592
2017-01-26 17:00:00,32188.861
2017-01-26 18:00:00,33432.414
2017-01-26 19:00:00,35733.66
2017-01-26 20:00:00,34874.543
2017-01-26 21:00:00,34203.434
2017-01-26 22:00:00,33135.13
2017-01-26 23:00:00,30419.744
2017-01-27 00:00:00,28090.639
2017-01-27 01:00:00,26629.889
2017-01-27 02:00:00,25697.066
2017-01-27 03:00:00,25774.191
2017-01-27 04:00:00,25891.473
2017-01-27 05:00:00,26483.527
2017-01-27 06:00:00,27964.07
2017-01-27 07:00:00,30862.977
2017-01-27 08:00:00,34163.23
2017-01-27 09:00:00,34493.676
2017-01-27 10:00:00,33907.68
2017-01-27 11:00:00,33222.277
2017-01-27 12:00:00,32208.703
2017-01-27 13:00:00,32755.14
2017-01-27 14:00:00,33166.695
2017-01-27 15:00:00,33789.215
2017-01-27 16:00:00,33846.47
2017-01-27 17:00:00,34086.477
2017-01-27 18:00:00,35265.047
2017-01-27 19:00:00,36687.324
2017-01-27 20:00:00,35497.54
2017-01-27 21:00:00,34746.168
2017-01-27 22:00:00,33737.18
2017-01-27 23:00:00,31774.822
2017-01-28 00:00:00,29899.97
2017-01-28 01:00:00,28432.031
2017-01-28 02:00:00,27478.182
2017-01-28 03:00:00,27229.348
2017-01-28 04:00:00,27286.266
2017-01-28 05:00:00,27576.15
2017-01-28 06:00:00,28114.525
2017-01-28 07:00:00,29241.73
2017-01-28 08:00:00,30842.26
2017-01-28 09:00:00,31611.307
2017-01-28 10:00:00,33001.895
2017-01-28 11:00:00,33234.363
2017-01-28 12:00:00,33167.12
2017-01-28 13:00:00,32842.387
2017-01-28 14:00:00,31959.906
2017-01-28 15:00:00,31518.883
2017-01-28 16:00:00,31091.682
2017-01-28 17:00:00,31039.746
2017-01-28 18:00:00,32468.896
2017-01-28 19:00:00,34460.79
2017-01-28 20:00:00,34041.62
2017-01-28 21:00:00,33346.543
2017-01-28 22:00:00,32609.348
2017-01-28 23:00:00,30971.605
2017-01-29 00:00:00,29402.193
2017-01-29 01:00:00,27826.352
2017-01-29 02:00:00,26969.377
2017-01-29 03:00:00,26834.822
2017-01-29 04:00:00,26732.734
2017-01-29 05:00:00,26840.676
2017-01-29 06:00:00,27374.81
2017-01-29 07:00:00,28367.1
2017-01-29 08:00:00,29499.902
2017-01-29 09:00:00,29956.357
2017-01-29 10:00:00,30644.896
2017-01-29 11:00:00,30445.857
2017-01-29 12:00:00,30041.271
2017-01-29 13:00:00,29156.844
2017-01-29 14:00:00,28915.465
2017-01-29 15:00:00,29308.293
2017-01-29 16:00:00,29827.49
2017-01-29 17:00:00,30322.6
2017-01-29 18:00:00,32182.234
2017-01-29 19:00:00,34698.35
2017-01-29 20:00:00,34325.445
2017-01-29 21:00:00,33939.66
2017-01-29 22:00:00,32971.82
2017-01-29 23:00:00,30864.662
2017-01-30 00:00:00,28669.924
2017-01-30 01:00:00,27314.256
2017-01-30 02:00:00,26525.906
2017-01-30 03:00:00,26700.174
2017-01-30 04:00:00,27165.092
2017-01-30 05:00:00,27929.322
2017-01-30 06:00:00,29692.447
2017-01-30 07:00:00,32453.45
2017-01-30 08:00:00,35935.977
2017-01-30 09:00:00,36328.453
2017-01-30 10:00:00,35880.723
2017-01-30 11:00:00,35112.848
2017-01-30 12:00:00,33740.02
2017-01-30 13:00:00,33458.855
2017-01-30 14:00:00,33676.87
2017-01-30 15:00:00,34313.34
2017-01-30 16:00:00,34440.3
2017-01-30 17:00:00,34914.62
2017-01-30 18:00:00,36279.254
2017-01-30 19:00:00,38877.848
2017-01-30 20:00:00,38166.87
2017-01-30 21:00:00,37700.402
2017-01-30 22:00:00,36573.62
2017-01-30 23:00:00,33951.863
2017-01-31 00:00:00,31638.58
2017-01-31 01:00:00,30337.541
2017-01-31 02:00:00,29899.264
2017-01-31 03:00:00,30405.918
2017-01-31 04:00:00,30680.635
2017-01-31 05:00:00,31084.262
2017-01-31 06:00:00,32451.6
2017-01-31 07:00:00,35063.094
2017-01-31 08:00:00,38379.77
2017-01-31 09:00:00,38129.504
2017-01-31 10:00:00,37646.156
2017-01-31 11:00:00,37543.184
2017-01-31 12:00:00,36356.71
2017-01-31 13:00:00,35148.195
2017-01-31 14:00:00,35259.32
2017-01-31 15:00:00,34923.89
2017-01-31 16:00:00,34280.965
2017-01-31 17:00:00,34561.344
2017-01-31 18:00:00,35757.715
2017-01-31 19:00:00,37938.92
2017-01-31 20:00:00,37144.773
2017-01-31 21:00:00,36473.426
2017-01-31 22:00:00,35224.46
2017-01-31 23:00:00,32624.771
2017-02-01 00:00:00,30211.633
2017-02-01 01:00:00,28784.041
2017-02-01 02:00:00,28144.354
2017-02-01 03:00:00,28341.58
2017-02-01 04:00:00,28315.582
2017-02-01 05:00:00,29053.97
2017-02-01 06:00:00,30243.535
2017-02-01 07:00:00,33300.945
2017-02-01 08:00:00,36646.27
2017-02-01 09:00:00,36151.156
2017-02-01 10:00:00,35117.973
2017-02-01 11:00:00,34141.92
2017-02-01 12:00:00,33338.973
2017-02-01 13:00:00,33785.605
2017-02-01 14:00:00,33441.535
2017-02-01 15:00:00,33916.484
2017-02-01 16:00:00,33610.65
2017-02-01 17:00:00,33640.785
2017-02-01 18:00:00,34578.887
2017-02-01 19:00:00,36898.945
2017-02-01 20:00:00,35809.863
2017-02-01 21:00:00,35203.645
2017-02-01 22:00:00,34081.99
2017-02-01 23:00:00,31355.838
2017-02-02 00:00:00,29126.42
2017-02-02 01:00:00,27616.156
2017-02-02 02:00:00,26913.654
2017-02-02 03:00:00,26988.844
2017-02-02 04:00:00,27158.29
2017-02-02 05:00:00,27720.156
2017-02-02 06:00:00,29376.588
2017-02-02 07:00:00,32163.809
2017-02-02 08:00:00,35787.504
2017-02-02 09:00:00,35714.785
2017-02-02 10:00:00,34480.336
2017-02-02 11:00:00,33075.375
2017-02-02 12:00:00,32668.174
2017-02-02 13:00:00,32634.871
2017-02-02 14:00:00,32922.164
2017-02-02 15:00:00,32946.895
2017-02-02 16:00:00,32617.012
2017-02-02 17:00:00,33167.484
2017-02-02 18:00:00,34645.383
2017-02-02 19:00:00,36790.273
2017-02-02 20:00:00,36767.047
2017-02-02 21:00:00,35991.43
2017-02-02 22:00:00,35401.027
2017-02-02 23:00:00,32989.52
2017-02-03 00:00:00,30544.887
2017-02-03 01:00:00,29292.111
2017-02-03 02:00:00,28654.775
2017-02-03 03:00:00,29022.451
2017-02-03 04:00:00,29358.234
2017-02-03 05:00:00,30011.998
2017-02-03 06:00:00,31522.215
2017-02-03 07:00:00,34229.547
2017-02-03 08:00:00,37749.188
2017-02-03 09:00:00,37551.605
2017-02-03 10:00:00,37101.074
2017-02-03 11:00:00,36828.766
2017-02-03 12:00:00,35756.41
2017-02-03 13:00:00,35348.594
2017-02-03 14:00:00,34693.64
2017-02-03 15:00:00,34738.848
2017-02-03 16:00:00,35151.285
2017-02-03 17:00:00,35927.105
2017-02-03 18:00:00,36830.88
2017-02-03 19:00:00,38692.773
2017-02-03 20:00:00,37599.883
2017-02-03 21:00:00,36839.082
2017-02-03 22:00:00,36231.77
2017-02-03 23:00:00,34232.977
2017-02-04 00:00:00,32673.738
2017-02-04 01:00:00,31432.328
2017-02-04 02:00:00,30808.14
2017-02-04 03:00:00,31067.861
2017-02-04 04:00:00,31341.31
2017-02-04 05:00:00,31729.266
2017-02-04 06:00:00,32446.121
2017-02-04 07:00:00,33807.754
2017-02-04 08:00:00,35291.25
2017-02-04 09:00:00,35820.387
2017-02-04 10:00:00,35464.957
2017-02-04 11:00:00,34638.133
2017-02-04 12:00:00,33662.93
2017-02-04 13:00:00,32477.725
2017-02-04 14:00:00,31648.223
2017-02-04 15:00:00,30971.893
2017-02-04 16:00:00,31040.209
2017-02-04 17:00:00,31714.762
2017-02-04 18:00:00,33871.625
2017-02-04 19:00:00,36337.906
2017-02-04 20:00:00,36256.207
2017-02-04 21:00:00,35275.52
2017-02-04 22:00:00,34759.125
2017-02-04 23:00:00,32875.043
2017-02-05 00:00:00,31200.701
2017-02-05 01:00:00,29733.203
2017-02-05 02:00:00,28832.562
2017-02-05 03:00:00,28989.828
2017-02-05 04:00:00,28956.777
2017-02-05 05:00:00,29173.64
2017-02-05 06:00:00,29631.406
2017-02-05 07:00:00,30292.014
2017-02-05 08:00:00,31247.514
2017-02-05 09:00:00,31663.139
2017-02-05 10:00:00,32838.492
2017-02-05 11:00:00,32938.043
2017-02-05 12:00:00,32122.361
2017-02-05 13:00:00,31808.682
2017-02-05 14:00:00,31506.564
2017-02-05 15:00:00,31311.68
2017-02-05 16:00:00,31097.09
2017-02-05 17:00:00,31371.176
2017-02-05 18:00:00,32479.426
2017-02-05 19:00:00,34683.266
2017-02-05 20:00:00,34127.883
2017-02-05 21:00:00,32489.057
2017-02-05 22:00:00,32403.254
2017-02-05 23:00:00,30705.377
2017-02-06 00:00:00,28939.154
2017-02-06 01:00:00,27723.691
2017-02-06 02:00:00,26202.262
2017-02-06 03:00:00,26431.865
2017-02-06 04:00:00,26582.914
2017-02-06 05:00:00,27359.361
2017-02-06 06:00:00,29097.062
2017-02-06 07:00:00,32134.36
2017-02-06 08:00:00,35637.88
2017-02-06 09:00:00,35480.656
2017-02-06 10:00:00,33575.258
2017-02-06 11:00:00,32248.15
2017-02-06 12:00:00,31011.95
2017-02-06 13:00:00,30381.889
2017-02-06 14:00:00,30267.285
2017-02-06 15:00:00,30336.002
2017-02-06 16:00:00,29967.186
2017-02-06 17:00:00,30660.549
2017-02-06 18:00:00,31771.965
2017-02-06 19:00:00,34251.945
2017-02-06 20:00:00,34641.5
2017-02-06 21:00:00,33666.04
2017-02-06 22:00:00,32939.043
2017-02-06 23:00:00,30067.92
2017-02-07 00:00:00,27862.303
2017-02-07 01:00:00,26136.094
2017-02-07 02:00:00,25656.178
2017-02-07 03:00:00,25412.123
2017-02-07 04:00:00,25737.791
2017-02-07 05:00:00,26107.861
2017-02-07 06:00:00,27300.424
2017-02-07 07:00:00,30309.52
2017-02-07 08:00:00,33551.086
2017-02-07 09:00:00,33569.133
2017-02-07 10:00:00,32573.58
2017-02-07 11:00:00,33116.836
2017-02-07 12:00:00,32687.98
2017-02-07 13:00:00,32047.898
2017-02-07 14:00:00,32083.559
2017-02-07 15:00:00,32121.35
2017-02-07 16:00:00,31732.25
2017-02-07 17:00:00,31877.547
2017-02-07 18:00:00,32983.438
2017-02-07 19:00:00,34703.254
2017-02-07 20:00:00,34426.996
2017-02-07 21:00:00,33348.992
2017-02-07 22:00:00,32027.94
2017-02-07 23:00:00,29150.26
2017-02-08 00:00:00,26751.865
2017-02-08 01:00:00,25010.215
2017-02-08 02:00:00,24174.252
2017-02-08 03:00:00,23992.273
2017-02-08 04:00:00,23967.758
2017-02-08 05:00:00,24375.752
2017-02-08 06:00:00,25550.465
2017-02-08 07:00:00,28492.865
2017-02-08 08:00:00,32035.322
2017-02-08 09:00:00,31871.385
2017-02-08 10:00:00,30718.443
2017-02-08 11:00:00,30343.668
2017-02-08 12:00:00,29452.906
2017-02-08 13:00:00,28966.707
2017-02-08 14:00:00,29150.309
2017-02-08 15:00:00,29227.82
2017-02-08 16:00:00,29265.9
2017-02-08 17:00:00,29692.13
2017-02-08 18:00:00,30523.357
2017-02-08 19:00:00,32467.0
2017-02-08 20:00:00,32639.348
2017-02-08 21:00:00,31342.004
2017-02-08 22:00:00,30485.45
2017-02-08 23:00:00,27997.072
2017-02-09 00:00:00,26281.23
2017-02-09 01:00:00,24563.727
2017-02-09 02:00:00,23980.729
2017-02-09 03:00:00,24043.234
2017-02-09 04:00:00,24227.416
2017-02-09 05:00:00,25426.97
2017-02-09 06:00:00,26846.629
2017-02-09 07:00:00,29697.012
2017-02-09 08:00:00,32460.781
2017-02-09 09:00:00,33617.77
2017-02-09 10:00:00,34697.766
2017-02-09 11:00:00,35438.348
2017-02-09 12:00:00,35522.28
2017-02-09 13:00:00,35597.492
2017-02-09 14:00:00,35617.004
2017-02-09 15:00:00,35233.055
2017-02-09 16:00:00,35436.27
2017-02-09 17:00:00,35468.26
2017-02-09 18:00:00,36984.348
2017-02-09 19:00:00,39815.53
2017-02-09 20:00:00,39922.004
2017-02-09 21:00:00,38880.594
2017-02-09 22:00:00,38150.99
2017-02-09 23:00:00,35514.047
2017-02-10 00:00:00,33191.156
2017-02-10 01:00:00,31864.793
2017-02-10 02:00:00,31310.32
2017-02-10 03:00:00,31782.426
2017-02-10 04:00:00,32335.188
2017-02-10 05:00:00,32869.316
2017-02-10 06:00:00,34486.535
2017-02-10 07:00:00,36893.42
2017-02-10 08:00:00,40077.85
2017-02-10 09:00:00,39491.484
2017-02-10 10:00:00,38799.598
2017-02-10 11:00:00,37357.14
2017-02-10 12:00:00,36519.805
2017-02-10 13:00:00,35632.965
2017-02-10 14:00:00,34926.36
2017-02-10 15:00:00,34994.473
2017-02-10 16:00:00,35558.14
2017-02-10 17:00:00,36244.39
2017-02-10 18:00:00,37242.39
2017-02-10 19:00:00,38798.203
2017-02-10 20:00:00,38048.9
2017-02-10 21:00:00,36674.082
2017-02-10 22:00:00,35635.035
2017-02-10 23:00:00,33430.723
2017-02-11 00:00:00,31346.48
2017-02-11 01:00:00,29657.023
2017-02-11 02:00:00,28757.344
2017-02-11 03:00:00,28626.705
2017-02-11 04:00:00,28660.514
2017-02-11 05:00:00,28951.848
2017-02-11 06:00:00,29256.104
2017-02-11 07:00:00,30422.947
2017-02-11 08:00:00,31695.293
2017-02-11 09:00:00,32253.8
2017-02-11 10:00:00,33176.652
2017-02-11 11:00:00,32373.797
2017-02-11 12:00:00,31610.35
2017-02-11 13:00:00,31360.996
2017-02-11 14:00:00,29885.807
2017-02-11 15:00:00,29836.219
2017-02-11 16:00:00,29339.47
2017-02-11 17:00:00,28920.867
2017-02-11 18:00:00,30722.697
2017-02-11 19:00:00,32701.297
2017-02-11 20:00:00,32721.918
2017-02-11 21:00:00,31431.145
2017-02-11 22:00:00,30604.072
2017-02-11 23:00:00,28907.547
2017-02-12 00:00:00,27163.865
2017-02-12 01:00:00,25833.78
2017-02-12 02:00:00,24796.86
2017-02-12 03:00:00,24700.627
2017-02-12 04:00:00,24491.871
2017-02-12 05:00:00,24745.545
2017-02-12 06:00:00,25291.39
2017-02-12 07:00:00,26175.562
2017-02-12 08:00:00,27352.605
2017-02-12 09:00:00,28135.555
2017-02-12 10:00:00,30038.354
2017-02-12 11:00:00,31015.445
2017-02-12 12:00:00,31596.047
2017-02-12 13:00:00,31941.828
2017-02-12 14:00:00,31694.041
2017-02-12 15:00:00,31419.82
2017-02-12 16:00:00,31119.236
2017-02-12 17:00:00,31461.943
2017-02-12 18:00:00,32619.82
2017-02-12 19:00:00,33885.035
2017-02-12 20:00:00,34064.434
2017-02-12 21:00:00,33167.562
2017-02-12 22:00:00,32096.354
2017-02-12 23:00:00,29503.69
2017-02-13 00:00:00,27744.76
2017-02-13 01:00:00,26075.863
2017-02-13 02:00:00,26243.582
2017-02-13 03:00:00,26088.65
2017-02-13 04:00:00,26809.738
2017-02-13 05:00:00,27711.691
2017-02-13 06:00:00,29531.62
2017-02-13 07:00:00,32571.57
2017-02-13 08:00:00,36094.3
2017-02-13 09:00:00,36083.863
2017-02-13 10:00:00,35656.23
2017-02-13 11:00:00,34955.734
2017-02-13 12:00:00,34244.4
2017-02-13 13:00:00,33925.168
2017-02-13 14:00:00,33530.3
2017-02-13 15:00:00,33919.258
2017-02-13 16:00:00,33500.555
2017-02-13 17:00:00,34252.973
2017-02-13 18:00:00,35179.594
2017-02-13 19:00:00,37219.492
2017-02-13 20:00:00,37793.754
2017-02-13 21:00:00,36410.96
2017-02-13 22:00:00,36002.8
2017-02-13 23:00:00,33144.727
2017-02-14 00:00:00,30961.047
2017-02-14 01:00:00,29543.45
2017-02-14 02:00:00,28948.15
2017-02-14 03:00:00,29258.754
2017-02-14 04:00:00,29677.658
2017-02-14 05:00:00,30360.105
2017-02-14 06:00:00,32009.223
2017-02-14 07:00:00,34641.32
2017-02-14 08:00:00,38178.668
2017-02-14 09:00:00,37197.094
2017-02-14 10:00:00,36314.19
2017-02-14 11:00:00,35441.53
2017-02-14 12:00:00,34666.117
2017-02-14 13:00:00,33914.17
2017-02-14 14:00:00,32910.375
2017-02-14 15:00:00,32790.496
2017-02-14 16:00:00,31936.016
2017-02-14 17:00:00,32597.875
2017-02-14 18:00:00,33965.41
2017-02-14 19:00:00,35942.055
2017-02-14 20:00:00,36759.87
2017-02-14 21:00:00,35230.043
2017-02-14 22:00:00,34666.367
2017-02-14 23:00:00,32101.057
2017-02-15 00:00:00,29468.727
2017-02-15 01:00:00,28312.62
2017-02-15 02:00:00,27633.676
2017-02-15 03:00:00,27767.469
2017-02-15 04:00:00,27986.283
2017-02-15 05:00:00,28665.71
2017-02-15 06:00:00,30046.598
2017-02-15 07:00:00,32896.957
2017-02-15 08:00:00,36330.715
2017-02-15 09:00:00,35703.48
2017-02-15 10:00:00,35156.19
2017-02-15 11:00:00,34514.04
2017-02-15 12:00:00,33483.05
2017-02-15 13:00:00,32401.668
2017-02-15 14:00:00,31513.904
2017-02-15 15:00:00,31813.209
2017-02-15 16:00:00,32687.826
2017-02-15 17:00:00,33394.52
2017-02-15 18:00:00,34638.95
2017-02-15 19:00:00,36629.582
2017-02-15 20:00:00,37217.727
2017-02-15 21:00:00,35944.074
2017-02-15 22:00:00,35459.574
2017-02-15 23:00:00,32534.324
2017-02-16 00:00:00,30277.178
2017-02-16 01:00:00,28818.719
2017-02-16 02:00:00,28176.291
2017-02-16 03:00:00,28412.96
2017-02-16 04:00:00,28918.629
2017-02-16 05:00:00,29561.158
2017-02-16 06:00:00,31054.162
2017-02-16 07:00:00,33976.5
2017-02-16 08:00:00,37303.594
2017-02-16 09:00:00,36569.742
2017-02-16 10:00:00,35641.83
2017-02-16 11:00:00,34933.355
2017-02-16 12:00:00,34479.562
2017-02-16 13:00:00,34276.652
2017-02-16 14:00:00,34430.46
2017-02-16 15:00:00,34591.0
2017-02-16 16:00:00,34469.66
2017-02-16 17:00:00,34815.594
2017-02-16 18:00:00,36073.473
2017-02-16 19:00:00,38012.8
2017-02-16 20:00:00,38753.035
2017-02-16 21:00:00,37350.05
2017-02-16 22:00:00,36937.426
2017-02-16 23:00:00,34231.18
2017-02-17 00:00:00,31825.893
2017-02-17 01:00:00,30505.02
2017-02-17 02:00:00,29800.09
2017-02-17 03:00:00,30320.068
2017-02-17 04:00:00,30676.09
2017-02-17 05:00:00,31310.918
2017-02-17 06:00:00,32914.043
2017-02-17 07:00:00,35419.457
2017-02-17 08:00:00,38442.285
2017-02-17 09:00:00,37687.125
2017-02-17 10:00:00,36440.35
2017-02-17 11:00:00,35212.895
2017-02-17 12:00:00,33770.05
2017-02-17 13:00:00,32282.277
2017-02-17 14:00:00,31942.43
2017-02-17 15:00:00,31478.635
2017-02-17 16:00:00,31347.854
2017-02-17 17:00:00,31555.729
2017-02-17 18:00:00,32948.36
2017-02-17 19:00:00,34562.676
2017-02-17 20:00:00,35670.316
2017-02-17 21:00:00,33966.242
2017-02-17 22:00:00,33682.69
2017-02-17 23:00:00,31748.15
2017-02-18 00:00:00,29818.701
2017-02-18 01:00:00,28437.047
2017-02-18 02:00:00,27668.148
2017-02-18 03:00:00,27768.77
2017-02-18 04:00:00,27893.953
2017-02-18 05:00:00,28310.059
2017-02-18 06:00:00,29022.057
2017-02-18 07:00:00,30169.672
2017-02-18 08:00:00,31473.49
2017-02-18 09:00:00,31391.287
2017-02-18 10:00:00,30562.83
2017-02-18 11:00:00,29165.062
2017-02-18 12:00:00,28089.568
2017-02-18 13:00:00,27075.672
2017-02-18 14:00:00,26387.57
2017-02-18 15:00:00,26008.543
2017-02-18 16:00:00,25814.037
2017-02-18 17:00:00,26235.855
2017-02-18 18:00:00,27139.406
2017-02-18 19:00:00,28974.31
2017-02-18 20:00:00,30425.465
2017-02-18 21:00:00,28219.383
2017-02-18 22:00:00,27902.701
2017-02-18 23:00:00,26172.361
2017-02-19 00:00:00,24687.584
2017-02-19 01:00:00,23526.42
2017-02-19 02:00:00,22649.217
2017-02-19 03:00:00,22496.219
2017-02-19 04:00:00,22345.959
2017-02-19 05:00:00,22552.674
2017-02-19 06:00:00,22886.732
2017-02-19 07:00:00,23557.227
2017-02-19 08:00:00,24528.314
2017-02-19 09:00:00,24713.814
2017-02-19 10:00:00,25881.49
2017-02-19 11:00:00,25552.498
2017-02-19 12:00:00,24682.037
2017-02-19 13:00:00,24679.863
2017-02-19 14:00:00,24376.66
2017-02-19 15:00:00,23490.617
2017-02-19 16:00:00,23953.846
2017-02-19 17:00:00,24585.191
2017-02-19 18:00:00,25827.96
2017-02-19 19:00:00,27539.965
2017-02-19 20:00:00,29294.69
2017-02-19 21:00:00,27321.8
2017-02-19 22:00:00,26865.148
2017-02-19 23:00:00,25014.666
2017-02-20 00:00:00,23503.219
2017-02-20 01:00:00,22688.318
2017-02-20 02:00:00,22030.738
2017-02-20 03:00:00,22105.852
2017-02-20 04:00:00,22302.584
2017-02-20 05:00:00,22915.621
2017-02-20 06:00:00,24268.729
2017-02-20 07:00:00,26483.143
2017-02-20 08:00:00,28481.291
2017-02-20 09:00:00,28514.002
2017-02-20 10:00:00,28184.453
2017-02-20 11:00:00,27964.543
2017-02-20 12:00:00,27773.34
2017-02-20 13:00:00,27212.45
2017-02-20 14:00:00,27025.367
2017-02-20 15:00:00,27111.467
2017-02-20 16:00:00,27129.924
2017-02-20 17:00:00,27512.64
2017-02-20 18:00:00,28875.156
2017-02-20 19:00:00,30525.648
2017-02-20 20:00:00,32101.43
2017-02-20 21:00:00,30768.156
2017-02-20 22:00:00,30225.18
2017-02-20 23:00:00,27757.564
2017-02-21 00:00:00,25680.213
2017-02-21 01:00:00,24513.768
2017-02-21 02:00:00,23890.059
2017-02-21 03:00:00,24175.318
2017-02-21 04:00:00,24880.555
2017-02-21 05:00:00,25337.51
2017-02-21 06:00:00,27124.469
2017-02-21 07:00:00,29989.336
2017-02-21 08:00:00,33232.094
2017-02-21 09:00:00,32912.93
2017-02-21 10:00:00,31865.271
2017-02-21 11:00:00,30815.986
2017-02-21 12:00:00,30042.035
2017-02-21 13:00:00,29843.703
2017-02-21 14:00:00,29699.508
2017-02-21 15:00:00,29764.791
2017-02-21 16:00:00,29752.21
2017-02-21 17:00:00,30387.844
2017-02-21 18:00:00,31545.098
2017-02-21 19:00:00,33095.26
2017-02-21 20:00:00,34005.055
2017-02-21 21:00:00,32490.45
2017-02-21 22:00:00,31748.062
2017-02-21 23:00:00,28954.846
2017-02-22 00:00:00,26761.691
2017-02-22 01:00:00,25327.896
2017-02-22 02:00:00,24348.297
2017-02-22 03:00:00,24457.047
2017-02-22 04:00:00,24582.031
2017-02-22 05:00:00,24996.996
2017-02-22 06:00:00,26407.68
2017-02-22 07:00:00,29276.281
2017-02-22 08:00:00,32485.266
2017-02-22 09:00:00,32248.682
2017-02-22 10:00:00,31808.387
2017-02-22 11:00:00,30998.668
2017-02-22 12:00:00,30467.268
2017-02-22 13:00:00,29362.988
2017-02-22 14:00:00,29127.168
2017-02-22 15:00:00,29112.979
2017-02-22 16:00:00,28746.148
2017-02-22 17:00:00,29148.916
2017-02-22 18:00:00,30162.738
2017-02-22 19:00:00,31501.658
2017-02-22 20:00:00,32654.129
2017-02-22 21:00:00,30975.56
2017-02-22 22:00:00,30165.035
2017-02-22 23:00:00,27637.84
2017-02-23 00:00:00,25319.266
2017-02-23 01:00:00,24057.959
2017-02-23 02:00:00,23314.86
2017-02-23 03:00:00,23283.242
2017-02-23 04:00:00,23390.18
2017-02-23 05:00:00,23979.426
2017-02-23 06:00:00,25347.834
2017-02-23 07:00:00,28064.906
2017-02-23 08:00:00,31253.215
2017-02-23 09:00:00,30909.645
2017-02-23 10:00:00,29933.572
2017-02-23 11:00:00,29350.975
2017-02-23 12:00:00,28763.19
2017-02-23 13:00:00,28188.14
2017-02-23 14:00:00,27895.6
2017-02-23 15:00:00,28499.365
2017-02-23 16:00:00,28433.133
2017-02-23 17:00:00,28892.273
2017-02-23 18:00:00,29434.107
2017-02-23 19:00:00,30507.682
2017-02-23 20:00:00,31733.963
2017-02-23 21:00:00,29610.219
2017-02-23 22:00:00,28892.281
2017-02-23 23:00:00,26337.545
2017-02-24 00:00:00,24065.928
2017-02-24 01:00:00,22808.7
2017-02-24 02:00:00,21849.701
2017-02-24 03:00:00,21927.205
2017-02-24 04:00:00,21896.047
2017-02-24 05:00:00,22441.258
2017-02-24 06:00:00,23398.79
2017-02-24 07:00:00,26330.611
2017-02-24 08:00:00,29263.809
2017-02-24 09:00:00,28526.865
2017-02-24 10:00:00,27924.28
2017-02-24 11:00:00,27806.879
2017-02-24 12:00:00,27783.242
2017-02-24 13:00:00,28062.002
2017-02-24 14:00:00,28088.059
2017-02-24 15:00:00,28649.186
2017-02-24 16:00:00,28469.33
2017-02-24 17:00:00,28478.812
2017-02-24 18:00:00,28754.547
2017-02-24 19:00:00,29275.074
2017-02-24 20:00:00,30401.146
2017-02-24 21:00:00,28080.312
2017-02-24 22:00:00,27355.559
2017-02-24 23:00:00,25320.842
2017-02-25 00:00:00,23585.363
2017-02-25 01:00:00,22347.52
2017-02-25 02:00:00,21404.154
2017-02-25 03:00:00,21306.316
2017-02-25 04:00:00,21170.168
2017-02-25 05:00:00,21255.895
2017-02-25 06:00:00,21715.33
2017-02-25 07:00:00,22554.87
2017-02-25 08:00:00,23470.45
2017-02-25 09:00:00,24173.902
2017-02-25 10:00:00,25746.635
2017-02-25 11:00:00,25682.064
2017-02-25 12:00:00,25830.81
2017-02-25 13:00:00,25709.346
2017-02-25 14:00:00,25533.559
2017-02-25 15:00:00,25462.6
2017-02-25 16:00:00,25424.69
2017-02-25 17:00:00,25822.438
2017-02-25 18:00:00,26706.867
2017-02-25 19:00:00,27811.754
2017-02-25 20:00:00,28150.123
2017-02-25 21:00:00,26756.08
2017-02-25 22:00:00,26165.414
2017-02-25 23:00:00,24776.686
2017-02-26 00:00:00,23499.82
2017-02-26 01:00:00,22757.598
2017-02-26 02:00:00,22111.352
2017-02-26 03:00:00,22259.168
2017-02-26 04:00:00,22329.133
2017-02-26 05:00:00,22918.6
2017-02-26 06:00:00,23539.447
2017-02-26 07:00:00,24640.803
2017-02-26 08:00:00,25968.004
2017-02-26 09:00:00,26767.732
2017-02-26 10:00:00,27958.406
2017-02-26 11:00:00,27789.71
2017-02-26 12:00:00,27382.492
2017-02-26 13:00:00,26993.258
2017-02-26 14:00:00,26236.482
2017-02-26 15:00:00,26133.32
2017-02-26 16:00:00,26085.27
2017-02-26 17:00:00,26801.361
2017-02-26 18:00:00,28399.992
2017-02-26 19:00:00,30352.041
2017-02-26 20:00:00,32439.576
2017-02-26 21:00:00,31451.137
2017-02-26 22:00:00,31155.01
2017-02-26 23:00:00,29248.982
2017-02-27 00:00:00,27166.816
2017-02-27 01:00:00,26023.59
2017-02-27 02:00:00,25466.588
2017-02-27 03:00:00,25702.395
2017-02-27 04:00:00,26206.25
2017-02-27 05:00:00,26899.504
2017-02-27 06:00:00,28593.738
2017-02-27 07:00:00,31298.445
2017-02-27 08:00:00,34501.496
2017-02-27 09:00:00,33863.18
2017-02-27 10:00:00,32932.258
2017-02-27 11:00:00,31405.668
2017-02-27 12:00:00,30515.328
2017-02-27 13:00:00,29613.457
2017-02-27 14:00:00,29692.805
2017-02-27 15:00:00,30816.99
2017-02-27 16:00:00,30866.148
2017-02-27 17:00:00,31218.541
2017-02-27 18:00:00,32066.555
2017-02-27 19:00:00,33178.67
2017-02-27 20:00:00,34239.383
2017-02-27 21:00:00,32506.152
2017-02-27 22:00:00,31728.785
2017-02-27 23:00:00,29225.16
2017-02-28 00:00:00,26642.477
2017-02-28 01:00:00,25384.139
2017-02-28 02:00:00,24756.104
2017-02-28 03:00:00,24159.145
2017-02-28 04:00:00,24602.89
2017-02-28 05:00:00,24951.918
2017-02-28 06:00:00,26439.39
2017-02-28 07:00:00,29375.984
2017-02-28 08:00:00,32464.842
2017-02-28 09:00:00,31699.754
2017-02-28 10:00:00,29585.164
2017-02-28 11:00:00,28695.455
2017-02-28 12:00:00,28192.664
2017-02-28 13:00:00,28203.96
2017-02-28 14:00:00,28426.693
2017-02-28 15:00:00,29079.215
2017-02-28 16:00:00,29367.746
2017-02-28 17:00:00,29428.0
2017-02-28 18:00:00,30562.861
2017-02-28 19:00:00,31832.293
2017-02-28 20:00:00,32126.457
2017-02-28 21:00:00,30644.178
2017-02-28 22:00:00,29505.484
2017-02-28 23:00:00,26744.04
2017-03-01 00:00:00,24836.242
2017-03-01 01:00:00,23227.92
2017-03-01 02:00:00,22523.082
2017-03-01 03:00:00,22383.611
2017-03-01 04:00:00,22440.328
2017-03-01 05:00:00,22828.26
2017-03-01 06:00:00,23969.703
2017-03-01 07:00:00,26992.365
2017-03-01 08:00:00,29920.346
2017-03-01 09:00:00,29759.64
2017-03-01 10:00:00,29579.252
2017-03-01 11:00:00,29751.031
2017-03-01 12:00:00,29880.338
2017-03-01 13:00:00,29267.178
2017-03-01 14:00:00,29001.982
2017-03-01 15:00:00,29807.709
2017-03-01 16:00:00,29342.15
2017-03-01 17:00:00,29978.031
2017-03-01 18:00:00,30146.543
2017-03-01 19:00:00,31201.85
2017-03-01 20:00:00,31801.443
2017-03-01 21:00:00,30013.135
2017-03-01 22:00:00,29090.168
2017-03-01 23:00:00,26369.865
2017-03-02 00:00:00,24222.717
2017-03-02 01:00:00,22764.701
2017-03-02 02:00:00,22126.355
2017-03-02 03:00:00,22206.504
2017-03-02 04:00:00,22465.604
2017-03-02 05:00:00,22969.176
2017-03-02 06:00:00,24539.3
2017-03-02 07:00:00,27717.613
2017-03-02 08:00:00,30995.83
2017-03-02 09:00:00,30781.328
2017-03-02 10:00:00,29751.203
2017-03-02 11:00:00,29304.275
2017-03-02 12:00:00,29222.799
2017-03-02 13:00:00,29086.977
2017-03-02 14:00:00,28978.154
2017-03-02 15:00:00,29307.654
2017-03-02 16:00:00,29212.602
2017-03-02 17:00:00,29570.996
2017-03-02 18:00:00,30945.076
2017-03-02 19:00:00,32269.453
2017-03-02 20:00:00,34043.863
2017-03-02 21:00:00,32742.81
2017-03-02 22:00:00,32353.182
2017-03-02 23:00:00,30485.738
2017-03-03 00:00:00,27455.752
2017-03-03 01:00:00,26398.021
2017-03-03 02:00:00,25806.885
2017-03-03 03:00:00,25704.424
2017-03-03 04:00:00,26495.08
2017-03-03 05:00:00,26998.783
2017-03-03 06:00:00,28756.914
2017-03-03 07:00:00,31633.547
2017-03-03 08:00:00,34559.73
2017-03-03 09:00:00,33930.164
2017-03-03 10:00:00,32846.797
2017-03-03 11:00:00,32256.533
2017-03-03 12:00:00,31810.42
2017-03-03 13:00:00,31937.83
2017-03-03 14:00:00,32219.982
2017-03-03 15:00:00,32308.252
2017-03-03 16:00:00,32484.877
2017-03-03 17:00:00,32703.43
2017-03-03 18:00:00,33639.2
2017-03-03 19:00:00,35136.805
2017-03-03 20:00:00,36528.008
2017-03-03 21:00:00,35139.836
2017-03-03 22:00:00,34949.14
2017-03-03 23:00:00,33258.895
2017-03-04 00:00:00,31124.383
2017-03-04 01:00:00,29960.27
2017-03-04 02:00:00,29174.285
2017-03-04 03:00:00,29300.834
2017-03-04 04:00:00,29636.518
2017-03-04 05:00:00,29978.621
2017-03-04 06:00:00,30745.91
2017-03-04 07:00:00,32250.79
2017-03-04 08:00:00,33136.273
2017-03-04 09:00:00,33246.51
2017-03-04 10:00:00,32832.805
2017-03-04 11:00:00,33183.38
2017-03-04 12:00:00,32739.717
2017-03-04 13:00:00,31887.35
2017-03-04 14:00:00,31226.11
2017-03-04 15:00:00,30457.463
2017-03-04 16:00:00,30498.729
2017-03-04 17:00:00,30796.754
2017-03-04 18:00:00,32247.035
2017-03-04 19:00:00,34033.438
2017-03-04 20:00:00,36368.996
2017-03-04 21:00:00,35071.914
2017-03-04 22:00:00,35263.312
2017-03-04 23:00:00,33649.254
2017-03-05 00:00:00,32230.217
2017-03-05 01:00:00,31331.318
2017-03-05 02:00:00,30559.635
2017-03-05 03:00:00,31018.543
2017-03-05 04:00:00,31239.13
2017-03-05 05:00:00,31821.594
2017-03-05 06:00:00,32577.816
2017-03-05 07:00:00,33565.727
2017-03-05 08:00:00,34248.836
2017-03-05 09:00:00,34003.547
2017-03-05 10:00:00,33314.195
2017-03-05 11:00:00,32380.361
2017-03-05 12:00:00,31423.244
2017-03-05 13:00:00,30639.879
2017-03-05 14:00:00,29896.633
2017-03-05 15:00:00,29253.545
2017-03-05 16:00:00,29156.684
2017-03-05 17:00:00,29661.244
2017-03-05 18:00:00,31167.686
2017-03-05 19:00:00,33348.156
2017-03-05 20:00:00,36031.95
2017-03-05 21:00:00,35163.668
2017-03-05 22:00:00,34965.184
2017-03-05 23:00:00,32941.19
2017-03-06 00:00:00,30326.553
2017-03-06 01:00:00,29676.408
2017-03-06 02:00:00,29163.824
2017-03-06 03:00:00,29324.203
2017-03-06 04:00:00,29936.234
2017-03-06 05:00:00,30366.535
2017-03-06 06:00:00,31999.266
2017-03-06 07:00:00,34217.19
2017-03-06 08:00:00,37223.25
2017-03-06 09:00:00,35943.504
2017-03-06 10:00:00,33917.145
2017-03-06 11:00:00,32443.988
2017-03-06 12:00:00,31261.719
2017-03-06 13:00:00,30767.729
2017-03-06 14:00:00,30540.428
2017-03-06 15:00:00,30659.334
2017-03-06 16:00:00,30612.766
2017-03-06 17:00:00,31355.596
2017-03-06 18:00:00,32752.832
2017-03-06 19:00:00,34039.93
2017-03-06 20:00:00,35435.14
2017-03-06 21:00:00,33588.656
2017-03-06 22:00:00,32813.02
2017-03-06 23:00:00,29781.947
2017-03-07 00:00:00,27326.639
2017-03-07 01:00:00,26031.805
2017-03-07 02:00:00,25220.62
2017-03-07 03:00:00,25024.082
2017-03-07 04:00:00,25376.273
2017-03-07 05:00:00,25678.928
2017-03-07 06:00:00,26974.844
2017-03-07 07:00:00,29843.123
2017-03-07 08:00:00,32828.305
2017-03-07 09:00:00,32559.795
2017-03-07 10:00:00,32431.236
2017-03-07 11:00:00,32035.914
2017-03-07 12:00:00,31117.46
2017-03-07 13:00:00,30898.834
2017-03-07 14:00:00,30281.45
2017-03-07 15:00:00,30225.812
2017-03-07 16:00:00,30093.115
2017-03-07 17:00:00,30512.877
2017-03-07 18:00:00,30970.52
2017-03-07 19:00:00,32088.688
2017-03-07 20:00:00,33301.83
2017-03-07 21:00:00,31353.82
2017-03-07 22:00:00,30337.129
2017-03-07 23:00:00,27630.475
2017-03-08 00:00:00,25170.383
2017-03-08 01:00:00,23960.96
2017-03-08 02:00:00,23002.01
2017-03-08 03:00:00,22947.186
2017-03-08 04:00:00,23010.115
2017-03-08 05:00:00,23665.057
2017-03-08 06:00:00,24858.596
2017-03-08 07:00:00,27947.951
2017-03-08 08:00:00,31220.37
2017-03-08 09:00:00,30856.295
2017-03-08 10:00:00,30140.16
2017-03-08 11:00:00,28823.64
2017-03-08 12:00:00,27989.697
2017-03-08 13:00:00,27872.85
2017-03-08 14:00:00,27885.117
2017-03-08 15:00:00,28157.596
2017-03-08 16:00:00,28312.662
2017-03-08 17:00:00,28560.61
2017-03-08 18:00:00,29396.523
2017-03-08 19:00:00,30392.176
2017-03-08 20:00:00,32037.322
2017-03-08 21:00:00,30922.225
2017-03-08 22:00:00,29927.17
2017-03-08 23:00:00,27434.46
2017-03-09 00:00:00,25136.11
2017-03-09 01:00:00,23822.541
2017-03-09 02:00:00,23163.13
2017-03-09 03:00:00,23133.547
2017-03-09 04:00:00,23438.186
2017-03-09 05:00:00,23901.053
2017-03-09 06:00:00,25306.115
2017-03-09 07:00:00,28275.916
2017-03-09 08:00:00,30740.545
2017-03-09 09:00:00,30044.412
2017-03-09 10:00:00,28636.191
2017-03-09 11:00:00,28171.182
2017-03-09 12:00:00,27716.818
2017-03-09 13:00:00,27574.367
2017-03-09 14:00:00,27600.992
2017-03-09 15:00:00,27900.414
2017-03-09 16:00:00,28027.396
2017-03-09 17:00:00,28415.432
2017-03-09 18:00:00,29081.639
2017-03-09 19:00:00,30208.896
2017-03-09 20:00:00,31728.053
2017-03-09 21:00:00,30353.535
2017-03-09 22:00:00,29451.457
2017-03-09 23:00:00,27243.852
2017-03-10 00:00:00,24845.979
2017-03-10 01:00:00,23747.443
2017-03-10 02:00:00,23041.775
2017-03-10 03:00:00,23081.807
2017-03-10 04:00:00,23664.047
2017-03-10 05:00:00,23870.754
2017-03-10 06:00:00,25662.979
2017-03-10 07:00:00,28284.697
2017-03-10 08:00:00,31383.066
2017-03-10 09:00:00,32049.977
2017-03-10 10:00:00,32872.344
2017-03-10 11:00:00,33590.18
2017-03-10 12:00:00,34128.74
2017-03-10 13:00:00,34014.496
2017-03-10 14:00:00,33113.566
2017-03-10 15:00:00,32458.63
2017-03-10 16:00:00,31880.617
2017-03-10 17:00:00,32259.756
2017-03-10 18:00:00,33231.402
2017-03-10 19:00:00,34184.55
2017-03-10 20:00:00,35871.465
2017-03-10 21:00:00,34515.438
2017-03-10 22:00:00,34341.26
2017-03-10 23:00:00,32857.59
2017-03-11 00:00:00,30767.037
2017-03-11 01:00:00,29864.977
2017-03-11 02:00:00,29033.676
2017-03-11 03:00:00,29526.412
2017-03-11 04:00:00,29919.955
2017-03-11 05:00:00,30486.758
2017-03-11 06:00:00,31348.227
2017-03-11 07:00:00,32773.824
2017-03-11 08:00:00,33627.656
2017-03-11 09:00:00,33956.27
2017-03-11 10:00:00,34510.01
2017-03-11 11:00:00,34525.965
2017-03-11 12:00:00,33796.867
2017-03-11 13:00:00,33171.973
2017-03-11 14:00:00,32336.107
2017-03-11 15:00:00,31798.512
2017-03-11 16:00:00,31554.4
2017-03-11 17:00:00,31960.262
2017-03-11 18:00:00,33187.39
2017-03-11 19:00:00,34640.79
2017-03-11 20:00:00,36979.812
2017-03-11 21:00:00,35613.55
2017-03-11 22:00:00,35511.957
2017-03-11 23:00:00,33851.14
2017-03-12 00:00:00,32139.273
2017-03-12 01:00:00,30997.06
2017-03-12 02:00:00,30028.846
2017-03-12 03:00:00,30428.205
2017-03-12 04:00:00,30558.049
2017-03-12 05:00:00,30445.213
2017-03-12 06:00:00,31012.184
2017-03-12 07:00:00,31372.338
2017-03-12 08:00:00,32941.758
2017-03-12 09:00:00,32963.87
2017-03-12 10:00:00,33445.637
2017-03-12 11:00:00,32916.67
2017-03-12 12:00:00,32845.895
2017-03-12 13:00:00,32602.484
2017-03-12 14:00:00,32185.666
2017-03-12 15:00:00,31694.521
2017-03-12 16:00:00,31331.775
2017-03-12 17:00:00,31366.521
2017-03-12 18:00:00,31626.51
2017-03-12 19:00:00,32832.54
2017-03-12 20:00:00,31763.17
2017-03-12 21:00:00,38026.19
2017-03-12 22:00:00,34987.0
2017-03-12 23:00:00,35113.117
2017-03-13 00:00:00,32605.84
2017-03-13 01:00:00,30157.129
2017-03-13 02:00:00,30045.695
2017-03-13 03:00:00,29852.309
2017-03-13 04:00:00,30954.938
2017-03-13 05:00:00,31323.584
2017-03-13 06:00:00,33075.375
2017-03-13 07:00:00,35901.3
2017-03-13 08:00:00,39550.27
2017-03-13 09:00:00,39498.2
2017-03-13 10:00:00,37858.805
2017-03-13 11:00:00,36173.27
2017-03-13 12:00:00,34836.355
2017-03-13 13:00:00,33615.645
2017-03-13 14:00:00,32883.906
2017-03-13 15:00:00,32745.936
2017-03-13 16:00:00,32038.895
2017-03-13 17:00:00,32328.004
2017-03-13 18:00:00,33454.973
2017-03-13 19:00:00,34665.5
2017-03-13 20:00:00,35600.617
2017-03-13 21:00:00,37261.082
2017-03-13 22:00:00,35247.918
2017-03-13 23:00:00,33984.68
2017-03-14 00:00:00,31459.955
2017-03-14 01:00:00,29893.402
2017-03-14 02:00:00,29057.256
2017-03-14 03:00:00,29230.63
2017-03-14 04:00:00,29489.156
2017-03-14 05:00:00,30096.855
2017-03-14 06:00:00,30888.611
2017-03-14 07:00:00,32442.018
2017-03-14 08:00:00,33794.52
2017-03-14 09:00:00,34406.418
2017-03-14 10:00:00,35140.695
2017-03-14 11:00:00,35804.84
2017-03-14 12:00:00,35706.09
2017-03-14 13:00:00,35403.88
2017-03-14 14:00:00,35156.746
2017-03-14 15:00:00,34830.06
2017-03-14 16:00:00,33972.613
2017-03-14 17:00:00,34432.816
2017-03-14 18:00:00,34965.715
2017-03-14 19:00:00,35925.81
2017-03-14 20:00:00,36186.76
2017-03-14 21:00:00,38142.93
2017-03-14 22:00:00,36468.2
2017-03-14 23:00:00,35168.754
2017-03-15 00:00:00,32930.105
2017-03-15 01:00:00,31391.451
2017-03-15 02:00:00,31131.82
2017-03-15 03:00:00,31266.395
2017-03-15 04:00:00,31765.957
2017-03-15 05:00:00,32655.734
2017-03-15 06:00:00,33938.52
2017-03-15 07:00:00,36414.484
2017-03-15 08:00:00,39181.668
2017-03-15 09:00:00,39661.973
2017-03-15 10:00:00,39584.336
2017-03-15 11:00:00,38999.383
2017-03-15 12:00:00,39109.64
2017-03-15 13:00:00,38914.914
2017-03-15 14:00:00,38495.848
2017-03-15 15:00:00,38632.953
2017-03-15 16:00:00,38279.6
2017-03-15 17:00:00,38475.754
2017-03-15 18:00:00,38615.074
2017-03-15 19:00:00,38834.887
2017-03-15 20:00:00,39001.49
2017-03-15 21:00:00,40633.52
2017-03-15 22:00:00,38909.812
2017-03-15 23:00:00,37169.03
2017-03-16 00:00:00,34441.945
2017-03-16 01:00:00,32563.12
2017-03-16 02:00:00,32009.367
2017-03-16 03:00:00,31869.521
2017-03-16 04:00:00,32286.81
2017-03-16 05:00:00,33114.44
2017-03-16 06:00:00,34331.18
2017-03-16 07:00:00,36962.14
2017-03-16 08:00:00,40231.36
2017-03-16 09:00:00,39819.66
2017-03-16 10:00:00,38454.008
2017-03-16 11:00:00,37073.26
2017-03-16 12:00:00,36353.48
2017-03-16 13:00:00,35385.3
2017-03-16 14:00:00,34961.234
2017-03-16 15:00:00,34817.996
2017-03-16 16:00:00,34076.703
2017-03-16 17:00:00,33944.375
2017-03-16 18:00:00,34137.387
2017-03-16 19:00:00,34777.508
2017-03-16 20:00:00,35618.344
2017-03-16 21:00:00,37862.312
2017-03-16 22:00:00,36593.285
2017-03-16 23:00:00,34804.848
2017-03-17 00:00:00,32208.99
2017-03-17 01:00:00,30287.58
2017-03-17 02:00:00,29454.047
2017-03-17 03:00:00,29657.645
2017-03-17 04:00:00,30227.117
2017-03-17 05:00:00,31028.771
2017-03-17 06:00:00,32638.117
2017-03-17 07:00:00,35248.89
2017-03-17 08:00:00,38728.797
2017-03-17 09:00:00,38155.137
2017-03-17 10:00:00,36385.477
2017-03-17 11:00:00,34603.883
2017-03-17 12:00:00,33281.105
2017-03-17 13:00:00,32246.572
2017-03-17 14:00:00,31803.316
2017-03-17 15:00:00,31422.217
2017-03-17 16:00:00,31017.549
2017-03-17 17:00:00,30928.002
2017-03-17 18:00:00,31691.002
2017-03-17 19:00:00,32495.744
2017-03-17 20:00:00,32817.074
2017-03-17 21:00:00,34330.293
2017-03-17 22:00:00,32946.055
2017-03-17 23:00:00,31809.365
2017-03-18 00:00:00,29598.857
2017-03-18 01:00:00,27987.518
2017-03-18 02:00:00,26930.531
2017-03-18 03:00:00,26903.197
2017-03-18 04:00:00,26835.127
2017-03-18 05:00:00,27016.826
2017-03-18 06:00:00,27704.982
2017-03-18 07:00:00,28526.121
2017-03-18 08:00:00,30017.314
2017-03-18 09:00:00,30931.926
2017-03-18 10:00:00,31961.033
2017-03-18 11:00:00,32905.008
2017-03-18 12:00:00,32364.293
2017-03-18 13:00:00,31657.89
2017-03-18 14:00:00,30688.725
2017-03-18 15:00:00,30056.79
2017-03-18 16:00:00,29801.299
2017-03-18 17:00:00,29823.926
2017-03-18 18:00:00,30445.541
2017-03-18 19:00:00,31026.488
2017-03-18 20:00:00,31607.547
2017-03-18 21:00:00,32776.688
2017-03-18 22:00:00,31415.303
2017-03-18 23:00:00,30375.621
2017-03-19 00:00:00,28408.014
2017-03-19 01:00:00,26769.572
2017-03-19 02:00:00,25842.576
2017-03-19 03:00:00,25618.227
2017-03-19 04:00:00,25737.033
2017-03-19 05:00:00,26111.941
2017-03-19 06:00:00,26700.332
2017-03-19 07:00:00,27655.934
2017-03-19 08:00:00,28985.926
2017-03-19 09:00:00,29539.469
2017-03-19 10:00:00,30511.926
2017-03-19 11:00:00,29895.742
2017-03-19 12:00:00,29433.629
2017-03-19 13:00:00,28261.605
2017-03-19 14:00:00,27451.295
2017-03-19 15:00:00,26896.154
2017-03-19 16:00:00,26520.105
2017-03-19 17:00:00,26717.408
2017-03-19 18:00:00,27587.223
2017-03-19 19:00:00,28939.77
2017-03-19 20:00:00,29942.219
2017-03-19 21:00:00,32109.828
2017-03-19 22:00:00,31490.916
2017-03-19 23:00:00,29675.695
2017-03-20 00:00:00,27596.2
2017-03-20 01:00:00,25838.416
2017-03-20 02:00:00,25189.727
2017-03-20 03:00:00,25316.754
2017-03-20 04:00:00,25852.9
2017-03-20 05:00:00,26853.762
2017-03-20 06:00:00,28516.635
2017-03-20 07:00:00,31470.521
2017-03-20 08:00:00,35104.973
2017-03-20 09:00:00,34923.062
2017-03-20 10:00:00,33161.01
2017-03-20 11:00:00,31781.975
2017-03-20 12:00:00,30552.217
2017-03-20 13:00:00,29518.484
2017-03-20 14:00:00,29538.64
2017-03-20 15:00:00,29734.922
2017-03-20 16:00:00,29338.71
2017-03-20 17:00:00,29786.922
2017-03-20 18:00:00,30759.58
2017-03-20 19:00:00,31243.344
2017-03-20 20:00:00,31794.873
2017-03-20 21:00:00,33379.953
2017-03-20 22:00:00,31789.994
2017-03-20 23:00:00,29972.957
2017-03-21 00:00:00,26963.027
2017-03-21 01:00:00,25414.625
2017-03-21 02:00:00,24720.65
2017-03-21 03:00:00,24468.842
2017-03-21 04:00:00,24853.223
2017-03-21 05:00:00,25410.676
2017-03-21 06:00:00,26618.36
2017-03-21 07:00:00,29680.678
2017-03-21 08:00:00,33073.035
2017-03-21 09:00:00,33134.4
2017-03-21 10:00:00,32629.123
2017-03-21 11:00:00,32037.193
2017-03-21 12:00:00,31051.969
2017-03-21 13:00:00,30218.666
2017-03-21 14:00:00,29149.584
2017-03-21 15:00:00,28517.451
2017-03-21 16:00:00,28293.016
2017-03-21 17:00:00,28296.09
2017-03-21 18:00:00,28944.916
2017-03-21 19:00:00,29499.97
2017-03-21 20:00:00,29812.074
2017-03-21 21:00:00,31727.914
2017-03-21 22:00:00,30824.275
2017-03-21 23:00:00,28505.979
2017-03-22 00:00:00,25937.459
2017-03-22 01:00:00,24480.195
2017-03-22 02:00:00,23633.959
2017-03-22 03:00:00,23432.637
2017-03-22 04:00:00,23835.16
2017-03-22 05:00:00,24578.752
2017-03-22 06:00:00,26197.666
2017-03-22 07:00:00,29333.379
2017-03-22 08:00:00,33247.457
2017-03-22 09:00:00,33241.336
2017-03-22 10:00:00,32549.441
2017-03-22 11:00:00,31789.709
2017-03-22 12:00:00,30970.07
2017-03-22 13:00:00,30672.906
2017-03-22 14:00:00,30603.283
2017-03-22 15:00:00,30756.691
2017-03-22 16:00:00,30501.969
2017-03-22 17:00:00,30793.352
2017-03-22 18:00:00,31580.201
2017-03-22 19:00:00,32162.213
2017-03-22 20:00:00,33046.812
2017-03-22 21:00:00,35250.754
2017-03-22 22:00:00,34769.098
2017-03-22 23:00:00,33137.562
2017-03-23 00:00:00,30750.602
2017-03-23 01:00:00,28928.71
2017-03-23 02:00:00,28386.834
2017-03-23 03:00:00,28552.207
2017-03-23 04:00:00,29362.775
2017-03-23 05:00:00,30091.543
2017-03-23 06:00:00,31936.668
2017-03-23 07:00:00,34659.805
2017-03-23 08:00:00,38541.99
2017-03-23 09:00:00,37861.36
2017-03-23 10:00:00,35820.363
2017-03-23 11:00:00,34093.543
2017-03-23 12:00:00,32681.5
2017-03-23 13:00:00,31788.555
2017-03-23 14:00:00,31306.2
2017-03-23 15:00:00,31021.152
2017-03-23 16:00:00,30450.771
2017-03-23 17:00:00,30585.504
2017-03-23 18:00:00,31016.996
2017-03-23 19:00:00,31767.918
2017-03-23 20:00:00,32347.516
2017-03-23 21:00:00,34641.113
2017-03-23 22:00:00,34327.668
2017-03-23 23:00:00,32350.988
2017-03-24 00:00:00,29988.49
2017-03-24 01:00:00,28157.365
2017-03-24 02:00:00,27490.574
2017-03-24 03:00:00,27576.477
2017-03-24 04:00:00,27974.152
2017-03-24 05:00:00,28543.143
2017-03-24 06:00:00,29986.023
2017-03-24 07:00:00,32887.97
2017-03-24 08:00:00,35852.547
2017-03-24 09:00:00,35711.46
2017-03-24 10:00:00,34573.703
2017-03-24 11:00:00,33356.38
2017-03-24 12:00:00,33239.848
2017-03-24 13:00:00,33031.355
2017-03-24 14:00:00,31219.334
2017-03-24 15:00:00,30882.758
2017-03-24 16:00:00,29668.854
2017-03-24 17:00:00,28949.266
2017-03-24 18:00:00,29828.604
2017-03-24 19:00:00,30031.16
2017-03-24 20:00:00,29821.467
2017-03-24 21:00:00,31535.078
2017-03-24 22:00:00,30223.637
2017-03-24 23:00:00,28469.031
2017-03-25 00:00:00,26360.115
2017-03-25 01:00:00,24714.385
2017-03-25 02:00:00,23784.041
2017-03-25 03:00:00,23334.994
2017-03-25 04:00:00,23301.924
2017-03-25 05:00:00,23375.904
2017-03-25 06:00:00,23824.672
2017-03-25 07:00:00,24901.975
2017-03-25 08:00:00,26224.943
2017-03-25 09:00:00,26665.025
2017-03-25 10:00:00,27960.69
2017-03-25 11:00:00,27676.336
2017-03-25 12:00:00,26863.695
2017-03-25 13:00:00,26653.043
2017-03-25 14:00:00,25827.309
2017-03-25 15:00:00,25543.37
2017-03-25 16:00:00,25612.234
2017-03-25 17:00:00,26204.959
2017-03-25 18:00:00,26653.223
2017-03-25 19:00:00,26835.074
2017-03-25 20:00:00,27025.506
2017-03-25 21:00:00,28448.031
2017-03-25 22:00:00,27088.107
2017-03-25 23:00:00,25834.594
2017-03-26 00:00:00,24166.834
2017-03-26 01:00:00,22805.73
2017-03-26 02:00:00,22037.912
2017-03-26 03:00:00,21806.81
2017-03-26 04:00:00,21815.965
2017-03-26 05:00:00,22054.62
2017-03-26 06:00:00,22595.316
2017-03-26 07:00:00,23457.943
2017-03-26 08:00:00,24726.643
2017-03-26 09:00:00,25375.777
2017-03-26 10:00:00,27244.824
2017-03-26 11:00:00,27836.201
2017-03-26 12:00:00,28250.434
2017-03-26 13:00:00,28467.281
2017-03-26 14:00:00,28415.035
2017-03-26 15:00:00,28144.092
2017-03-26 16:00:00,28097.766
2017-03-26 17:00:00,28348.395
2017-03-26 18:00:00,29171.096
2017-03-26 19:00:00,29997.773
2017-03-26 20:00:00,30084.379
2017-03-26 21:00:00,31367.762
2017-03-26 22:00:00,30080.174
2017-03-26 23:00:00,28209.684
2017-03-27 00:00:00,25826.809
2017-03-27 01:00:00,24221.506
2017-03-27 02:00:00,23535.46
2017-03-27 03:00:00,23411.432
2017-03-27 04:00:00,23687.637
2017-03-27 05:00:00,24334.777
2017-03-27 06:00:00,25527.143
2017-03-27 07:00:00,28476.855
2017-03-27 08:00:00,31801.383
2017-03-27 09:00:00,32217.254
2017-03-27 10:00:00,32005.99
2017-03-27 11:00:00,31882.162
2017-03-27 12:00:00,31315.484
2017-03-27 13:00:00,30376.475
2017-03-27 14:00:00,30022.0
2017-03-27 15:00:00,29730.469
2017-03-27 16:00:00,29401.46
2017-03-27 17:00:00,29065.695
2017-03-27 18:00:00,29119.318
2017-03-27 19:00:00,29391.797
2017-03-27 20:00:00,29312.107
2017-03-27 21:00:00,31170.393
2017-03-27 22:00:00,30266.488
2017-03-27 23:00:00,27475.262
2017-03-28 00:00:00,25115.05
2017-03-28 01:00:00,23515.564
2017-03-28 02:00:00,22613.771
2017-03-28 03:00:00,22505.111
2017-03-28 04:00:00,22669.791
2017-03-28 05:00:00,22939.707
2017-03-28 06:00:00,24338.535
2017-03-28 07:00:00,27263.95
2017-03-28 08:00:00,30735.281
2017-03-28 09:00:00,30800.123
2017-03-28 10:00:00,30453.51
2017-03-28 11:00:00,30848.48
2017-03-28 12:00:00,30658.086
2017-03-28 13:00:00,30399.258
2017-03-28 14:00:00,30515.62
2017-03-28 15:00:00,30105.75
2017-03-28 16:00:00,29498.703
2017-03-28 17:00:00,30135.38
2017-03-28 18:00:00,30620.68
2017-03-28 19:00:00,31057.92
2017-03-28 20:00:00,30734.24
2017-03-28 21:00:00,31558.395
2017-03-28 22:00:00,30242.188
2017-03-28 23:00:00,27764.43
2017-03-29 00:00:00,25124.467
2017-03-29 01:00:00,23634.393
2017-03-29 02:00:00,22917.42
2017-03-29 03:00:00,22673.578
2017-03-29 04:00:00,22913.355
2017-03-29 05:00:00,23340.19
2017-03-29 06:00:00,24803.969
2017-03-29 07:00:00,27635.385
2017-03-29 08:00:00,31078.27
2017-03-29 09:00:00,31088.086
2017-03-29 10:00:00,30020.715
2017-03-29 11:00:00,29270.48
2017-03-29 12:00:00,28297.299
2017-03-29 13:00:00,27675.809
2017-03-29 14:00:00,27556.09
2017-03-29 15:00:00,27796.705
2017-03-29 16:00:00,27441.066
2017-03-29 17:00:00,27750.188
2017-03-29 18:00:00,28226.525
2017-03-29 19:00:00,28453.28
2017-03-29 20:00:00,28673.479
2017-03-29 21:00:00,30356.387
2017-03-29 22:00:00,30300.19
2017-03-29 23:00:00,27628.049
2017-03-30 00:00:00,25182.986
2017-03-30 01:00:00,23959.518
2017-03-30 02:00:00,23032.62
2017-03-30 03:00:00,23182.451
2017-03-30 04:00:00,23601.559
2017-03-30 05:00:00,24302.785
2017-03-30 06:00:00,25898.863
2017-03-30 07:00:00,28787.691
2017-03-30 08:00:00,32333.85
2017-03-30 09:00:00,31940.412
2017-03-30 10:00:00,31428.092
2017-03-30 11:00:00,30135.096
2017-03-30 12:00:00,29806.83
2017-03-30 13:00:00,29325.994
2017-03-30 14:00:00,29013.086
2017-03-30 15:00:00,29484.104
2017-03-30 16:00:00,29882.807
2017-03-30 17:00:00,29921.514
2017-03-30 18:00:00,30887.588
2017-03-30 19:00:00,31249.977
2017-03-30 20:00:00,31292.506
2017-03-30 21:00:00,32446.998
2017-03-30 22:00:00,31079.518
2017-03-30 23:00:00,29154.12
2017-03-31 00:00:00,26422.812
2017-03-31 01:00:00,25011.172
2017-03-31 02:00:00,24202.746
2017-03-31 03:00:00,24038.273
2017-03-31 04:00:00,24215.203
2017-03-31 05:00:00,24837.06
2017-03-31 06:00:00,26112.076
2017-03-31 07:00:00,29057.754
2017-03-31 08:00:00,32539.621
2017-03-31 09:00:00,33058.125
2017-03-31 10:00:00,33096.543
2017-03-31 11:00:00,33591.098
2017-03-31 12:00:00,33494.664
2017-03-31 13:00:00,33257.707
2017-03-31 14:00:00,33224.637
2017-03-31 15:00:00,33209.52
2017-03-31 16:00:00,32750.246
2017-03-31 17:00:00,32731.504
2017-03-31 18:00:00,32747.973
2017-03-31 19:00:00,32539.166
2017-03-31 20:00:00,31801.137
2017-03-31 21:00:00,32406.693
2017-03-31 22:00:00,30764.92
2017-03-31 23:00:00,29302.412
2017-04-01 00:00:00,26955.596
2017-04-01 01:00:00,25135.123
2017-04-01 02:00:00,24700.639
2017-04-01 03:00:00,24079.527
2017-04-01 04:00:00,24204.371
2017-04-01 05:00:00,24348.39
2017-04-01 06:00:00,25004.457
2017-04-01 07:00:00,26186.7
2017-04-01 08:00:00,27794.416
2017-04-01 09:00:00,28452.018
2017-04-01 10:00:00,29781.426
2017-04-01 11:00:00,29103.457
2017-04-01 12:00:00,29143.082
2017-04-01 13:00:00,28500.707
2017-04-01 14:00:00,27811.426
2017-04-01 15:00:00,27288.658
2017-04-01 16:00:00,27025.928
2017-04-01 17:00:00,26898.027
2017-04-01 18:00:00,27790.283
2017-04-01 19:00:00,28054.068
2017-04-01 20:00:00,28356.4
2017-04-01 21:00:00,29908.824
2017-04-01 22:00:00,29129.104
2017-04-01 23:00:00,27520.31
2017-04-02 00:00:00,25871.63
2017-04-02 01:00:00,24292.719
2017-04-02 02:00:00,23388.246
2017-04-02 03:00:00,23146.674
2017-04-02 04:00:00,23248.703
2017-04-02 05:00:00,23655.242
2017-04-02 06:00:00,24251.896
2017-04-02 07:00:00,25358.549
2017-04-02 08:00:00,26208.014
2017-04-02 09:00:00,26168.021
2017-04-02 10:00:00,26041.762
2017-04-02 11:00:00,25463.705
2017-04-02 12:00:00,24833.586
2017-04-02 13:00:00,24322.115
2017-04-02 14:00:00,24032.45
2017-04-02 15:00:00,23757.678
2017-04-02 16:00:00,23679.627
2017-04-02 17:00:00,23990.988
2017-04-02 18:00:00,25031.627
2017-04-02 19:00:00,25973.918
2017-04-02 20:00:00,26389.031
2017-04-02 21:00:00,28332.283
2017-04-02 22:00:00,28641.215
2017-04-02 23:00:00,25702.652
2017-04-03 00:00:00,24017.01
2017-04-03 01:00:00,22670.379
2017-04-03 02:00:00,22047.828
2017-04-03 03:00:00,22086.736
2017-04-03 04:00:00,22453.404
2017-04-03 05:00:00,23180.7
2017-04-03 06:00:00,24789.795
2017-04-03 07:00:00,27756.814
2017-04-03 08:00:00,30677.115
2017-04-03 09:00:00,30354.34
2017-04-03 10:00:00,29440.97
2017-04-03 11:00:00,28142.342
2017-04-03 12:00:00,27285.617
2017-04-03 13:00:00,27288.361
2017-04-03 14:00:00,27162.004
2017-04-03 15:00:00,27440.814
2017-04-03 16:00:00,27741.512
2017-04-03 17:00:00,27926.111
2017-04-03 18:00:00,28380.623
2017-04-03 19:00:00,28880.715
2017-04-03 20:00:00,28851.924
2017-04-03 21:00:00,30517.46
2017-04-03 22:00:00,29145.176
2017-04-03 23:00:00,26627.9
2017-04-04 00:00:00,24482.197
2017-04-04 01:00:00,23023.617
2017-04-04 02:00:00,22287.781
2017-04-04 03:00:00,22178.615
2017-04-04 04:00:00,22242.38
2017-04-04 05:00:00,22658.22
2017-04-04 06:00:00,23667.771
2017-04-04 07:00:00,26652.088
2017-04-04 08:00:00,29786.17
2017-04-04 09:00:00,29684.783
2017-04-04 10:00:00,29334.184
2017-04-04 11:00:00,29235.975
2017-04-04 12:00:00,28802.373
2017-04-04 13:00:00,28774.24
2017-04-04 14:00:00,28965.848
2017-04-04 15:00:00,29295.0
2017-04-04 16:00:00,28937.14
2017-04-04 17:00:00,28869.469
2017-04-04 18:00:00,29332.629
2017-04-04 19:00:00,29391.633
2017-04-04 20:00:00,29227.375
2017-04-04 21:00:00,30230.91
2017-04-04 22:00:00,30058.717
2017-04-04 23:00:00,26810.246
2017-04-05 00:00:00,24400.99
2017-04-05 01:00:00,22787.285
2017-04-05 02:00:00,21846.021
2017-04-05 03:00:00,21734.557
2017-04-05 04:00:00,21763.984
2017-04-05 05:00:00,22196.56
2017-04-05 06:00:00,23200.238
2017-04-05 07:00:00,26258.916
2017-04-05 08:00:00,29512.447
2017-04-05 09:00:00,28936.463
2017-04-05 10:00:00,28325.084
2017-04-05 11:00:00,27702.875
2017-04-05 12:00:00,27747.838
2017-04-05 13:00:00,27333.12
2017-04-05 14:00:00,27378.46
2017-04-05 15:00:00,27660.102
2017-04-05 16:00:00,27665.672
2017-04-05 17:00:00,27934.635
2017-04-05 18:00:00,28453.504
2017-04-05 19:00:00,28392.893
2017-04-05 20:00:00,28264.672
2017-04-05 21:00:00,29749.516
2017-04-05 22:00:00,29464.102
2017-04-05 23:00:00,26344.355
2017-04-06 00:00:00,24100.783
2017-04-06 01:00:00,22467.145
2017-04-06 02:00:00,21722.23
2017-04-06 03:00:00,21683.479
2017-04-06 04:00:00,21663.094
2017-04-06 05:00:00,22242.428
2017-04-06 06:00:00,23419.43
2017-04-06 07:00:00,26419.365
2017-04-06 08:00:00,29950.826
2017-04-06 09:00:00,30146.494
2017-04-06 10:00:00,30610.475
2017-04-06 11:00:00,30818.14
2017-04-06 12:00:00,30987.16
2017-04-06 13:00:00,31082.312
2017-04-06 14:00:00,30850.281
2017-04-06 15:00:00,30748.832
2017-04-06 16:00:00,30896.33
2017-04-06 17:00:00,30640.916
2017-04-06 18:00:00,30545.02
2017-04-06 19:00:00,29690.63
2017-04-06 20:00:00,29788.295
2017-04-06 21:00:00,30717.797
2017-04-06 22:00:00,30432.59
2017-04-06 23:00:00,27783.812
2017-04-07 00:00:00,25537.896
2017-04-07 01:00:00,24200.57
2017-04-07 02:00:00,22870.215
2017-04-07 03:00:00,23076.201
2017-04-07 04:00:00,23080.307
2017-04-07 05:00:00,23759.63
2017-04-07 06:00:00,25136.383
2017-04-07 07:00:00,28084.756
2017-04-07 08:00:00,31525.158
2017-04-07 09:00:00,31713.121
2017-04-07 10:00:00,32152.182
2017-04-07 11:00:00,31557.26
2017-04-07 12:00:00,31189.617
2017-04-07 13:00:00,30898.648
2017-04-07 14:00:00,30376.986
2017-04-07 15:00:00,30022.41
2017-04-07 16:00:00,29960.305
2017-04-07 17:00:00,30408.57
2017-04-07 18:00:00,31137.498
2017-04-07 19:00:00,31159.83
2017-04-07 20:00:00,31172.41
2017-04-07 21:00:00,31912.986
2017-04-07 22:00:00,31495.12
2017-04-07 23:00:00,29451.44
2017-04-08 00:00:00,27555.518
2017-04-08 01:00:00,25624.062
2017-04-08 02:00:00,24639.291
2017-04-08 03:00:00,24412.832
2017-04-08 04:00:00,24525.541
2017-04-08 05:00:00,24864.064
2017-04-08 06:00:00,25753.965
2017-04-08 07:00:00,26965.672
2017-04-08 08:00:00,28209.502
2017-04-08 09:00:00,28426.875
2017-04-08 10:00:00,28284.092
2017-04-08 11:00:00,27377.23
2017-04-08 12:00:00,26698.691
2017-04-08 13:00:00,25823.41
2017-04-08 14:00:00,25247.283
2017-04-08 15:00:00,24691.127
2017-04-08 16:00:00,24438.18
2017-04-08 17:00:00,24487.926
2017-04-08 18:00:00,25323.61
2017-04-08 19:00:00,25701.86
2017-04-08 20:00:00,25911.203
2017-04-08 21:00:00,27379.885
2017-04-08 22:00:00,28356.428
2017-04-08 23:00:00,25983.87
2017-04-09 00:00:00,24898.936
2017-04-09 01:00:00,23356.139
2017-04-09 02:00:00,22599.953
2017-04-09 03:00:00,22604.207
2017-04-09 04:00:00,22803.469
2017-04-09 05:00:00,23239.336
2017-04-09 06:00:00,23948.842
2017-04-09 07:00:00,24982.686
2017-04-09 08:00:00,25809.97
2017-04-09 09:00:00,25774.117
2017-04-09 10:00:00,25167.605
2017-04-09 11:00:00,24439.72
2017-04-09 12:00:00,23858.473
2017-04-09 13:00:00,23478.594
2017-04-09 14:00:00,23300.111
2017-04-09 15:00:00,23155.895
2017-04-09 16:00:00,23159.445
2017-04-09 17:00:00,23547.361
2017-04-09 18:00:00,24509.82
2017-04-09 19:00:00,25393.342
2017-04-09 20:00:00,25688.596
2017-04-09 21:00:00,27304.568
2017-04-09 22:00:00,27964.066
2017-04-09 23:00:00,24836.404
2017-04-10 00:00:00,23068.67
2017-04-10 01:00:00,21919.502
2017-04-10 02:00:00,21198.838
2017-04-10 03:00:00,21105.447
2017-04-10 04:00:00,21470.795
2017-04-10 05:00:00,21930.574
2017-04-10 06:00:00,23394.059
2017-04-10 07:00:00,26272.654
2017-04-10 08:00:00,28846.633
2017-04-10 09:00:00,28543.613
2017-04-10 10:00:00,27321.791
2017-04-10 11:00:00,27092.877
2017-04-10 12:00:00,27005.553
2017-04-10 13:00:00,27025.66
2017-04-10 14:00:00,27031.457
2017-04-10 15:00:00,27600.83
2017-04-10 16:00:00,27798.87
2017-04-10 17:00:00,28331.838
2017-04-10 18:00:00,28838.611
2017-04-10 19:00:00,29049.357
2017-04-10 20:00:00,28281.344
2017-04-10 21:00:00,29534.66
2017-04-10 22:00:00,29803.074
2017-04-10 23:00:00,26242.72
2017-04-11 00:00:00,24340.338
2017-04-11 01:00:00,22483.764
2017-04-11 02:00:00,21522.508
2017-04-11 03:00:00,21348.348
2017-04-11 04:00:00,21327.066
2017-04-11 05:00:00,21644.602
2017-04-11 06:00:00,22721.707
2017-04-11 07:00:00,25338.342
2017-04-11 08:00:00,28100.95
2017-04-11 09:00:00,27704.266
2017-04-11 10:00:00,27788.457
2017-04-11 11:00:00,27776.705
2017-04-11 12:00:00,28192.752
2017-04-11 13:00:00,28558.762
2017-04-11 14:00:00,29222.398
2017-04-11 15:00:00,30327.316
2017-04-11 16:00:00,30492.234
2017-04-11 17:00:00,31214.67
2017-04-11 18:00:00,31606.49
2017-04-11 19:00:00,31610.049
2017-04-11 20:00:00,30831.432
2017-04-11 21:00:00,31255.096
2017-04-11 22:00:00,31507.506
2017-04-11 23:00:00,27920.13
2017-04-12 00:00:00,25503.234
2017-04-12 01:00:00,23598.4
2017-04-12 02:00:00,22207.125
2017-04-12 03:00:00,21945.684
2017-04-12 04:00:00,21925.03
2017-04-12 05:00:00,21964.414
2017-04-12 06:00:00,23101.488
2017-04-12 07:00:00,25590.412
2017-04-12 08:00:00,28220.92
2017-04-12 09:00:00,28457.193
2017-04-12 10:00:00,28751.82
2017-04-12 11:00:00,29299.695
2017-04-12 12:00:00,29880.9
2017-04-12 13:00:00,29414.918
2017-04-12 14:00:00,29498.027
2017-04-12 15:00:00,29330.297
2017-04-12 16:00:00,29630.951
2017-04-12 17:00:00,30130.475
2017-04-12 18:00:00,30449.078
2017-04-12 19:00:00,30611.49
2017-04-12 20:00:00,29803.775
2017-04-12 21:00:00,30038.387
2017-04-12 22:00:00,30490.395
2017-04-12 23:00:00,26747.08
2017-04-13 00:00:00,24440.85
2017-04-13 01:00:00,22653.107
2017-04-13 02:00:00,21722.186
2017-04-13 03:00:00,21420.121
2017-04-13 04:00:00,21447.848
2017-04-13 05:00:00,21790.387
2017-04-13 06:00:00,22726.078
2017-04-13 07:00:00,25430.836
2017-04-13 08:00:00,27758.277
2017-04-13 09:00:00,27985.93
2017-04-13 10:00:00,27688.459
2017-04-13 11:00:00,27669.957
2017-04-13 12:00:00,27530.938
2017-04-13 13:00:00,26683.908
2017-04-13 14:00:00,26822.566
2017-04-13 15:00:00,27117.168
2017-04-13 16:00:00,27175.96
2017-04-13 17:00:00,27591.36
2017-04-13 18:00:00,28109.986
2017-04-13 19:00:00,28093.453
2017-04-13 20:00:00,27464.473
2017-04-13 21:00:00,28510.457
2017-04-13 22:00:00,28585.133
2017-04-13 23:00:00,25594.023
2017-04-14 00:00:00,23658.57
2017-04-14 01:00:00,22142.979
2017-04-14 02:00:00,21289.96
2017-04-14 03:00:00,21224.826
2017-04-14 04:00:00,21271.105
2017-04-14 05:00:00,21663.742
2017-04-14 06:00:00,22572.826
2017-04-14 07:00:00,24604.578
2017-04-14 08:00:00,26386.215
2017-04-14 09:00:00,26713.443
2017-04-14 10:00:00,27010.441
2017-04-14 11:00:00,26715.42
2017-04-14 12:00:00,26120.682
2017-04-14 13:00:00,25459.203
2017-04-14 14:00:00,25215.137
2017-04-14 15:00:00,25252.467
2017-04-14 16:00:00,25211.818
2017-04-14 17:00:00,25578.88
2017-04-14 18:00:00,26207.33
2017-04-14 19:00:00,26540.812
2017-04-14 20:00:00,25814.533
2017-04-14 21:00:00,26274.252
2017-04-14 22:00:00,27197.88
2017-04-14 23:00:00,24311.484
2017-04-15 00:00:00,23036.203
2017-04-15 01:00:00,21775.832
2017-04-15 02:00:00,20761.68
2017-04-15 03:00:00,20644.498
2017-04-15 04:00:00,20569.373
2017-04-15 05:00:00,20701.049
2017-04-15 06:00:00,21306.783
2017-04-15 07:00:00,22049.152
2017-04-15 08:00:00,22964.316
2017-04-15 09:00:00,23680.268
2017-04-15 10:00:00,25080.35
2017-04-15 11:00:00,25349.307
2017-04-15 12:00:00,25132.21
2017-04-15 13:00:00,24536.791
2017-04-15 14:00:00,24188.021
2017-04-15 15:00:00,23876.777
2017-04-15 16:00:00,24186.604
2017-04-15 17:00:00,24523.387
2017-04-15 18:00:00,25290.893
2017-04-15 19:00:00,25671.81
2017-04-15 20:00:00,25626.53
2017-04-15 21:00:00,26484.426
2017-04-15 22:00:00,27110.121
2017-04-15 23:00:00,24627.943
2017-04-16 00:00:00,23143.697
2017-04-16 01:00:00,21827.76
2017-04-16 02:00:00,20474.906
2017-04-16 03:00:00,20270.08
2017-04-16 04:00:00,20110.887
2017-04-16 05:00:00,20141.879
2017-04-16 06:00:00,20472.006
2017-04-16 07:00:00,21016.818
2017-04-16 08:00:00,21385.713
2017-04-16 09:00:00,22437.438
2017-04-16 10:00:00,24030.932
2017-04-16 11:00:00,24650.902
2017-04-16 12:00:00,24870.969
2017-04-16 13:00:00,25491.393
2017-04-16 14:00:00,25691.07
2017-04-16 15:00:00,26231.951
2017-04-16 16:00:00,26630.9
2017-04-16 17:00:00,26951.256
2017-04-16 18:00:00,26979.357
2017-04-16 19:00:00,27132.113
2017-04-16 20:00:00,27364.771
2017-04-16 21:00:00,27914.752
2017-04-16 22:00:00,29129.473
2017-04-16 23:00:00,26405.188
2017-04-17 00:00:00,24268.69
2017-04-17 01:00:00,22562.121
2017-04-17 02:00:00,21638.83
2017-04-17 03:00:00,21131.098
2017-04-17 04:00:00,20934.379
2017-04-17 05:00:00,21314.393
2017-04-17 06:00:00,22287.273
2017-04-17 07:00:00,24851.951
2017-04-17 08:00:00,26888.783
2017-04-17 09:00:00,27960.06
2017-04-17 10:00:00,28783.838
2017-04-17 11:00:00,28945.87
2017-04-17 12:00:00,29435.52
2017-04-17 13:00:00,28906.045
2017-04-17 14:00:00,29059.783
2017-04-17 15:00:00,28886.197
2017-04-17 16:00:00,28586.807
2017-04-17 17:00:00,28696.428
2017-04-17 18:00:00,28936.684
2017-04-17 19:00:00,29183.541
2017-04-17 20:00:00,28701.672
2017-04-17 21:00:00,29225.07
2017-04-17 22:00:00,29674.73
2017-04-17 23:00:00,25962.88
2017-04-18 00:00:00,23817.184
2017-04-18 01:00:00,22224.225
2017-04-18 02:00:00,21310.334
2017-04-18 03:00:00,21118.594
2017-04-18 04:00:00,21242.682
2017-04-18 05:00:00,21522.393
2017-04-18 06:00:00,22569.688
2017-04-18 07:00:00,25458.416
2017-04-18 08:00:00,27766.078
2017-04-18 09:00:00,27784.06
2017-04-18 10:00:00,27224.59
2017-04-18 11:00:00,26805.746
2017-04-18 12:00:00,26905.504
2017-04-18 13:00:00,26852.723
2017-04-18 14:00:00,27068.375
2017-04-18 15:00:00,27561.93
2017-04-18 16:00:00,27742.174
2017-04-18 17:00:00,28012.832
2017-04-18 18:00:00,28377.55
2017-04-18 19:00:00,28332.957
2017-04-18 20:00:00,27755.154
2017-04-18 21:00:00,28392.645
2017-04-18 22:00:00,29334.662
2017-04-18 23:00:00,25676.738
2017-04-19 00:00:00,23543.936
2017-04-19 01:00:00,22109.652
2017-04-19 02:00:00,21264.426
2017-04-19 03:00:00,21183.98
2017-04-19 04:00:00,21302.018
2017-04-19 05:00:00,21631.506
2017-04-19 06:00:00,22820.354
2017-04-19 07:00:00,25558.69
2017-04-19 08:00:00,28294.209
2017-04-19 09:00:00,28274.309
2017-04-19 10:00:00,27741.846
2017-04-19 11:00:00,27521.607
2017-04-19 12:00:00,27334.055
2017-04-19 13:00:00,27343.176
2017-04-19 14:00:00,27441.215
2017-04-19 15:00:00,28211.482
2017-04-19 16:00:00,27998.385
2017-04-19 17:00:00,28416.758
2017-04-19 18:00:00,28538.22
2017-04-19 19:00:00,29159.287
2017-04-19 20:00:00,28512.543
2017-04-19 21:00:00,29601.229
2017-04-19 22:00:00,29197.941
2017-04-19 23:00:00,26165.38
2017-04-20 00:00:00,23917.49
2017-04-20 01:00:00,22335.008
2017-04-20 02:00:00,21557.184
2017-04-20 03:00:00,21513.988
2017-04-20 04:00:00,21502.65
2017-04-20 05:00:00,21886.361
2017-04-20 06:00:00,22942.611
2017-04-20 07:00:00,25703.555
2017-04-20 08:00:00,28604.979
2017-04-20 09:00:00,28815.295
2017-04-20 10:00:00,28613.893
2017-04-20 11:00:00,28223.436
2017-04-20 12:00:00,28105.367
2017-04-20 13:00:00,27776.227
2017-04-20 14:00:00,28350.477
2017-04-20 15:00:00,29036.48
2017-04-20 16:00:00,29266.83
2017-04-20 17:00:00,29910.154
2017-04-20 18:00:00,30449.355
2017-04-20 19:00:00,30017.105
2017-04-20 20:00:00,29353.293
2017-04-20 21:00:00,30166.205
2017-04-20 22:00:00,30073.412
2017-04-20 23:00:00,26663.133
2017-04-21 00:00:00,24463.564
2017-04-21 01:00:00,22677.096
2017-04-21 02:00:00,21700.975
2017-04-21 03:00:00,21493.182
2017-04-21 04:00:00,21506.818
2017-04-21 05:00:00,21776.348
2017-04-21 06:00:00,22906.676
2017-04-21 07:00:00,25193.822
2017-04-21 08:00:00,28427.283
2017-04-21 09:00:00,28648.35
2017-04-21 10:00:00,28856.166
2017-04-21 11:00:00,28832.406
2017-04-21 12:00:00,29119.049
2017-04-21 13:00:00,28940.137
2017-04-21 14:00:00,29057.115
2017-04-21 15:00:00,29401.117
2017-04-21 16:00:00,29119.164
2017-04-21 17:00:00,29244.633
2017-04-21 18:00:00,29316.055
2017-04-21 19:00:00,28564.793
2017-04-21 20:00:00,28361.637
2017-04-21 21:00:00,28367.805
2017-04-21 22:00:00,28870.23
2017-04-21 23:00:00,26056.744
2017-04-22 00:00:00,24186.705
2017-04-22 01:00:00,22363.514
2017-04-22 02:00:00,21520.744
2017-04-22 03:00:00,21146.855
2017-04-22 04:00:00,21043.133
2017-04-22 05:00:00,21100.072
2017-04-22 06:00:00,21595.688
2017-04-22 07:00:00,22426.49
2017-04-22 08:00:00,23223.666
2017-04-22 09:00:00,24518.457
2017-04-22 10:00:00,26404.34
2017-04-22 11:00:00,26410.246
2017-04-22 12:00:00,26419.59
2017-04-22 13:00:00,26151.6
2017-04-22 14:00:00,25744.65
2017-04-22 15:00:00,25550.525
2017-04-22 16:00:00,25352.74
2017-04-22 17:00:00,25408.633
2017-04-22 18:00:00,25722.992
2017-04-22 19:00:00,25957.717
2017-04-22 20:00:00,25962.213
2017-04-22 21:00:00,26614.154
2017-04-22 22:00:00,27007.598
2017-04-22 23:00:00,24723.943
2017-04-23 00:00:00,23262.973
2017-04-23 01:00:00,22094.57
2017-04-23 02:00:00,21233.043
2017-04-23 03:00:00,20916.791
2017-04-23 04:00:00,20952.354
2017-04-23 05:00:00,21065.611
2017-04-23 06:00:00,21516.002
2017-04-23 07:00:00,22307.547
2017-04-23 08:00:00,22737.557
2017-04-23 09:00:00,23618.652
2017-04-23 10:00:00,23852.635
2017-04-23 11:00:00,23897.361
2017-04-23 12:00:00,23458.691
2017-04-23 13:00:00,23194.287
2017-04-23 14:00:00,23136.74
2017-04-23 15:00:00,23213.219
2017-04-23 16:00:00,23329.287
2017-04-23 17:00:00,23958.291
2017-04-23 18:00:00,24516.828
2017-04-23 19:00:00,25478.383
2017-04-23 20:00:00,25786.19
2017-04-23 21:00:00,26839.975
2017-04-23 22:00:00,27640.596
2017-04-23 23:00:00,24603.13
2017-04-24 00:00:00,22738.674
2017-04-24 01:00:00,21507.902
2017-04-24 02:00:00,20644.492
2017-04-24 03:00:00,20655.078
2017-04-24 04:00:00,20758.549
2017-04-24 05:00:00,21249.605
2017-04-24 06:00:00,22611.074
2017-04-24 07:00:00,25347.479
2017-04-24 08:00:00,28239.906
2017-04-24 09:00:00,28643.826
2017-04-24 10:00:00,28339.271
2017-04-24 11:00:00,28438.229
2017-04-24 12:00:00,28181.482
2017-04-24 13:00:00,28107.889
2017-04-24 14:00:00,28131.604
2017-04-24 15:00:00,28419.818
2017-04-24 16:00:00,27948.105
2017-04-24 17:00:00,28319.168
2017-04-24 18:00:00,28529.215
2017-04-24 19:00:00,29130.621
2017-04-24 20:00:00,28730.035
2017-04-24 21:00:00,29340.326
2017-04-24 22:00:00,29401.193
2017-04-24 23:00:00,26015.889
2017-04-25 00:00:00,23953.963
2017-04-25 01:00:00,22334.564
2017-04-25 02:00:00,21712.385
2017-04-25 03:00:00,21668.217
2017-04-25 04:00:00,21615.996
2017-04-25 05:00:00,22193.764
2017-04-25 06:00:00,23200.78
2017-04-25 07:00:00,26331.682
2017-04-25 08:00:00,29137.65
2017-04-25 09:00:00,29488.686
2017-04-25 10:00:00,29307.543
2017-04-25 11:00:00,29594.12
2017-04-25 12:00:00,29577.871
2017-04-25 13:00:00,29406.11
2017-04-25 14:00:00,29645.7
2017-04-25 15:00:00,29842.182
2017-04-25 16:00:00,29439.846
2017-04-25 17:00:00,29761.781
2017-04-25 18:00:00,30058.617
2017-04-25 19:00:00,30326.156
2017-04-25 20:00:00,29807.096
2017-04-25 21:00:00,30160.098
2017-04-25 22:00:00,29598.137
2017-04-25 23:00:00,26742.176
2017-04-26 00:00:00,24354.477
2017-04-26 01:00:00,22711.486
2017-04-26 02:00:00,21915.414
2017-04-26 03:00:00,21740.621
2017-04-26 04:00:00,21868.979
2017-04-26 05:00:00,22185.678
2017-04-26 06:00:00,23334.79
2017-04-26 07:00:00,26281.826
2017-04-26 08:00:00,29211.158
2017-04-26 09:00:00,29422.217
2017-04-26 10:00:00,29112.65
2017-04-26 11:00:00,29385.994
2017-04-26 12:00:00,28964.453
2017-04-26 13:00:00,29159.736
2017-04-26 14:00:00,28981.37
2017-04-26 15:00:00,29044.477
2017-04-26 16:00:00,28798.348
2017-04-26 17:00:00,29052.639
2017-04-26 18:00:00,29190.113
2017-04-26 19:00:00,29216.742
2017-04-26 20:00:00,28611.05
2017-04-26 21:00:00,29075.361
2017-04-26 22:00:00,29869.031
2017-04-26 23:00:00,26581.293
2017-04-27 00:00:00,24218.38
2017-04-27 01:00:00,22482.18
2017-04-27 02:00:00,21645.6
2017-04-27 03:00:00,21572.691
2017-04-27 04:00:00,21474.559
2017-04-27 05:00:00,21940.607
2017-04-27 06:00:00,22884.727
2017-04-27 07:00:00,25956.541
2017-04-27 08:00:00,28685.531
2017-04-27 09:00:00,29188.648
2017-04-27 10:00:00,28570.22
2017-04-27 11:00:00,28663.031
2017-04-27 12:00:00,28745.943
2017-04-27 13:00:00,29475.928
2017-04-27 14:00:00,29891.266
2017-04-27 15:00:00,30569.846
2017-04-27 16:00:00,31235.766
2017-04-27 17:00:00,31212.01
2017-04-27 18:00:00,31512.258
2017-04-27 19:00:00,31445.664
2017-04-27 20:00:00,30483.05
2017-04-27 21:00:00,30869.373
2017-04-27 22:00:00,31359.812
2017-04-27 23:00:00,28207.018
2017-04-28 00:00:00,25495.72
2017-04-28 01:00:00,23578.123
2017-04-28 02:00:00,22369.441
2017-04-28 03:00:00,22017.281
2017-04-28 04:00:00,21888.166
2017-04-28 05:00:00,22098.523
2017-04-28 06:00:00,23164.783
2017-04-28 07:00:00,25833.871
2017-04-28 08:00:00,28473.883
2017-04-28 09:00:00,29305.367
2017-04-28 10:00:00,29852.516
2017-04-28 11:00:00,30112.367
2017-04-28 12:00:00,30796.94
2017-04-28 13:00:00,31213.664
2017-04-28 14:00:00,31954.41
2017-04-28 15:00:00,33040.65
2017-04-28 16:00:00,33504.523
2017-04-28 17:00:00,34053.844
2017-04-28 18:00:00,34434.402
2017-04-28 19:00:00,34178.67
2017-04-28 20:00:00,32913.74
2017-04-28 21:00:00,31819.78
2017-04-28 22:00:00,32375.174
2017-04-28 23:00:00,29218.482
2017-04-29 00:00:00,26841.021
2017-04-29 01:00:00,24723.412
2017-04-29 02:00:00,23179.256
2017-04-29 03:00:00,22651.596
2017-04-29 04:00:00,22529.736
2017-04-29 05:00:00,22401.285
2017-04-29 06:00:00,22735.602
2017-04-29 07:00:00,23615.373
2017-04-29 08:00:00,24051.572
2017-04-29 09:00:00,26136.025
2017-04-29 10:00:00,28015.832
2017-04-29 11:00:00,28971.582
2017-04-29 12:00:00,30176.72
2017-04-29 13:00:00,30293.824
2017-04-29 14:00:00,31670.816
2017-04-29 15:00:00,32575.668
2017-04-29 16:00:00,33701.133
2017-04-29 17:00:00,34530.586
2017-04-29 18:00:00,34493.293
2017-04-29 19:00:00,34140.4
2017-04-29 20:00:00,33642.48
2017-04-29 21:00:00,32792.188
2017-04-29 22:00:00,33120.57
2017-04-29 23:00:00,30467.297
2017-04-30 00:00:00,27894.398
2017-04-30 01:00:00,25666.72
2017-04-30 02:00:00,23828.305
2017-04-30 03:00:00,22818.459
2017-04-30 04:00:00,22381.434
2017-04-30 05:00:00,22187.354
2017-04-30 06:00:00,22270.736
2017-04-30 07:00:00,22598.803
2017-04-30 08:00:00,22623.156
2017-04-30 09:00:00,23869.406
2017-04-30 10:00:00,25566.648
2017-04-30 11:00:00,26192.137
2017-04-30 12:00:00,26808.373
2017-04-30 13:00:00,27282.719
2017-04-30 14:00:00,27455.19
2017-04-30 15:00:00,27583.186
2017-04-30 16:00:00,28265.959
2017-04-30 17:00:00,28874.285
2017-04-30 18:00:00,29386.234
2017-04-30 19:00:00,30008.521
2017-04-30 20:00:00,29298.771
2017-04-30 21:00:00,29232.75
2017-04-30 22:00:00,30104.1
2017-04-30 23:00:00,26606.129
2017-05-01 00:00:00,24160.031
2017-05-01 01:00:00,22379.945
2017-05-01 02:00:00,21492.53
2017-05-01 03:00:00,21229.072
2017-05-01 04:00:00,21198.078
2017-05-01 05:00:00,21654.387
2017-05-01 06:00:00,22665.67
2017-05-01 07:00:00,25454.668
2017-05-01 08:00:00,28208.922
2017-05-01 09:00:00,29050.484
2017-05-01 10:00:00,29151.477
2017-05-01 11:00:00,29728.205
2017-05-01 12:00:00,29939.92
2017-05-01 13:00:00,30588.752
2017-05-01 14:00:00,31221.217
2017-05-01 15:00:00,32045.61
2017-05-01 16:00:00,32732.172
2017-05-01 17:00:00,33082.266
2017-05-01 18:00:00,33406.18
2017-05-01 19:00:00,33388.05
2017-05-01 20:00:00,32593.387
2017-05-01 21:00:00,32574.424
2017-05-01 22:00:00,32803.125
2017-05-01 23:00:00,29552.85
2017-05-02 00:00:00,26859.861
2017-05-02 01:00:00,24801.19
2017-05-02 02:00:00,23592.004
2017-05-02 03:00:00,23105.576
2017-05-02 04:00:00,23146.629
2017-05-02 05:00:00,23194.404
2017-05-02 06:00:00,24352.621
2017-05-02 07:00:00,26877.627
2017-05-02 08:00:00,29666.26
2017-05-02 09:00:00,30539.857
2017-05-02 10:00:00,30233.176
2017-05-02 11:00:00,30954.139
2017-05-02 12:00:00,30898.89
2017-05-02 13:00:00,31173.48
2017-05-02 14:00:00,31155.078
2017-05-02 15:00:00,31365.418
2017-05-02 16:00:00,31545.535
2017-05-02 17:00:00,31916.734
2017-05-02 18:00:00,31966.434
2017-05-02 19:00:00,31965.521
2017-05-02 20:00:00,30592.766
2017-05-02 21:00:00,30380.672
2017-05-02 22:00:00,31140.803
2017-05-02 23:00:00,27804.922
2017-05-03 00:00:00,24873.793
2017-05-03 01:00:00,23374.33
2017-05-03 02:00:00,21777.709
2017-05-03 03:00:00,21768.492
2017-05-03 04:00:00,21676.328
2017-05-03 05:00:00,22038.367
2017-05-03 06:00:00,23105.715
2017-05-03 07:00:00,25555.014
2017-05-03 08:00:00,28222.074
2017-05-03 09:00:00,28650.674
2017-05-03 10:00:00,28040.191
2017-05-03 11:00:00,27935.092
2017-05-03 12:00:00,27896.717
2017-05-03 13:00:00,28319.145
2017-05-03 14:00:00,28245.986
2017-05-03 15:00:00,28129.375
2017-05-03 16:00:00,27845.879
2017-05-03 17:00:00,27938.572
2017-05-03 18:00:00,28496.295
2017-05-03 19:00:00,28492.129
2017-05-03 20:00:00,28103.732
2017-05-03 21:00:00,28072.191
2017-05-03 22:00:00,29481.523
2017-05-03 23:00:00,26273.08
2017-05-04 00:00:00,23881.602
2017-05-04 01:00:00,22184.402
2017-05-04 02:00:00,21449.082
2017-05-04 03:00:00,21313.969
2017-05-04 04:00:00,21399.223
2017-05-04 05:00:00,21873.965
2017-05-04 06:00:00,22983.816
2017-05-04 07:00:00,25855.1
2017-05-04 08:00:00,28153.32
2017-05-04 09:00:00,28375.473
2017-05-04 10:00:00,27435.299
2017-05-04 11:00:00,27290.787
2017-05-04 12:00:00,27138.664
2017-05-04 13:00:00,27064.824
2017-05-04 14:00:00,27210.625
2017-05-04 15:00:00,27726.182
2017-05-04 16:00:00,27642.17
2017-05-04 17:00:00,27881.705
2017-05-04 18:00:00,28026.928
2017-05-04 19:00:00,28178.719
2017-05-04 20:00:00,27891.973
2017-05-04 21:00:00,28496.555
2017-05-04 22:00:00,29284.873
2017-05-04 23:00:00,26086.51
2017-05-05 00:00:00,23837.963
2017-05-05 01:00:00,22406.424
2017-05-05 02:00:00,21580.82
2017-05-05 03:00:00,21578.064
2017-05-05 04:00:00,21516.764
2017-05-05 05:00:00,21878.664
2017-05-05 06:00:00,23067.861
2017-05-05 07:00:00,25724.045
2017-05-05 08:00:00,28563.13
2017-05-05 09:00:00,29243.855
2017-05-05 10:00:00,29839.156
2017-05-05 11:00:00,30285.996
2017-05-05 12:00:00,30405.861
2017-05-05 13:00:00,30075.176
2017-05-05 14:00:00,30182.072
2017-05-05 15:00:00,29894.807
2017-05-05 16:00:00,29295.355
2017-05-05 17:00:00,29211.074
2017-05-05 18:00:00,29589.117
2017-05-05 19:00:00,29022.697
2017-05-05 20:00:00,28349.139
2017-05-05 21:00:00,28482.402
2017-05-05 22:00:00,28684.64
2017-05-05 23:00:00,26307.236
2017-05-06 00:00:00,24334.762
2017-05-06 01:00:00,22783.979
2017-05-06 02:00:00,21783.387
2017-05-06 03:00:00,21458.826
2017-05-06 04:00:00,21319.346
2017-05-06 05:00:00,21352.973
2017-05-06 06:00:00,21773.625
2017-05-06 07:00:00,22470.605
2017-05-06 08:00:00,22907.004
2017-05-06 09:00:00,24475.045
2017-05-06 10:00:00,25782.178
2017-05-06 11:00:00,25823.152
2017-05-06 12:00:00,26332.322
2017-05-06 13:00:00,25884.193
2017-05-06 14:00:00,25263.15
2017-05-06 15:00:00,25056.525
2017-05-06 16:00:00,25125.861
2017-05-06 17:00:00,25080.912
2017-05-06 18:00:00,25374.861
2017-05-06 19:00:00,25742.664
2017-05-06 20:00:00,25549.607
2017-05-06 21:00:00,25684.625
2017-05-06 22:00:00,27085.098
2017-05-06 23:00:00,24849.227
2017-05-07 00:00:00,23233.184
2017-05-07 01:00:00,22009.36
2017-05-07 02:00:00,20995.78
2017-05-07 03:00:00,20749.06
2017-05-07 04:00:00,20646.322
2017-05-07 05:00:00,20777.998
2017-05-07 06:00:00,21143.387
2017-05-07 07:00:00,21748.746
2017-05-07 08:00:00,21891.535
2017-05-07 09:00:00,23085.082
2017-05-07 10:00:00,24267.635
2017-05-07 11:00:00,24829.674
2017-05-07 12:00:00,24811.299
2017-05-07 13:00:00,24562.262
2017-05-07 14:00:00,24455.555
2017-05-07 15:00:00,24224.146
2017-05-07 16:00:00,24069.496
2017-05-07 17:00:00,24181.475
2017-05-07 18:00:00,24955.656
2017-05-07 19:00:00,25814.914
2017-05-07 20:00:00,26173.277
2017-05-07 21:00:00,26816.963
2017-05-07 22:00:00,27861.438
2017-05-07 23:00:00,25306.453
2017-05-08 00:00:00,23184.71
2017-05-08 01:00:00,22062.3
2017-05-08 02:00:00,21379.85
2017-05-08 03:00:00,21330.201
2017-05-08 04:00:00,21542.006
2017-05-08 05:00:00,22027.205
2017-05-08 06:00:00,23430.277
2017-05-08 07:00:00,26339.555
2017-05-08 08:00:00,28724.773
2017-05-08 09:00:00,28676.137
2017-05-08 10:00:00,27746.518
2017-05-08 11:00:00,27369.309
2017-05-08 12:00:00,27226.186
2017-05-08 13:00:00,27165.467
2017-05-08 14:00:00,27252.992
2017-05-08 15:00:00,27361.193
2017-05-08 16:00:00,27176.006
2017-05-08 17:00:00,27617.91
2017-05-08 18:00:00,27536.223
2017-05-08 19:00:00,27880.62
2017-05-08 20:00:00,27721.12
2017-05-08 21:00:00,28189.73
2017-05-08 22:00:00,29455.668
2017-05-08 23:00:00,26592.268
2017-05-09 00:00:00,24076.562
2017-05-09 01:00:00,22855.984
2017-05-09 02:00:00,21992.787
2017-05-09 03:00:00,22019.621
2017-05-09 04:00:00,22310.502
2017-05-09 05:00:00,22751.54
2017-05-09 06:00:00,24330.74
2017-05-09 07:00:00,27058.617
2017-05-09 08:00:00,29356.838
2017-05-09 09:00:00,29485.037
2017-05-09 10:00:00,27865.096
2017-05-09 11:00:00,27367.264
2017-05-09 12:00:00,27178.828
2017-05-09 13:00:00,26866.564
2017-05-09 14:00:00,27054.13
2017-05-09 15:00:00,27193.916
2017-05-09 16:00:00,27222.635
2017-05-09 17:00:00,27281.504
2017-05-09 18:00:00,28033.125
2017-05-09 19:00:00,27979.26
2017-05-09 20:00:00,27724.85
2017-05-09 21:00:00,27914.137
2017-05-09 22:00:00,29380.268
2017-05-09 23:00:00,26440.475
2017-05-10 00:00:00,23783.207
2017-05-10 01:00:00,22478.432
2017-05-10 02:00:00,21739.977
2017-05-10 03:00:00,21593.96
2017-05-10 04:00:00,21754.182
2017-05-10 05:00:00,22237.521
2017-05-10 06:00:00,23430.357
2017-05-10 07:00:00,26409.205
2017-05-10 08:00:00,28617.756
2017-05-10 09:00:00,28962.482
2017-05-10 10:00:00,27838.37
2017-05-10 11:00:00,27281.137
2017-05-10 12:00:00,27019.473
2017-05-10 13:00:00,27041.625
2017-05-10 14:00:00,27579.512
2017-05-10 15:00:00,28135.379
2017-05-10 16:00:00,28516.805
2017-05-10 17:00:00,28261.45
2017-05-10 18:00:00,28721.037
2017-05-10 19:00:00,28310.877
2017-05-10 20:00:00,27790.684
2017-05-10 21:00:00,28080.28
2017-05-10 22:00:00,29412.428
2017-05-10 23:00:00,26373.982
2017-05-11 00:00:00,23961.492
2017-05-11 01:00:00,22520.797
2017-05-11 02:00:00,21512.844
2017-05-11 03:00:00,21480.055
2017-05-11 04:00:00,21530.924
2017-05-11 05:00:00,21915.508
2017-05-11 06:00:00,23041.13
2017-05-11 07:00:00,25564.889
2017-05-11 08:00:00,28263.742
2017-05-11 09:00:00,28713.705
2017-05-11 10:00:00,28292.771
2017-05-11 11:00:00,28513.648
2017-05-11 12:00:00,28629.154
2017-05-11 13:00:00,28655.086
2017-05-11 14:00:00,28437.545
2017-05-11 15:00:00,28704.346
2017-05-11 16:00:00,28524.416
2017-05-11 17:00:00,28630.787
2017-05-11 18:00:00,28791.504
2017-05-11 19:00:00,28552.812
2017-05-11 20:00:00,28185.197
2017-05-11 21:00:00,28519.701
2017-05-11 22:00:00,29398.498
2017-05-11 23:00:00,26444.361
2017-05-12 00:00:00,24150.793
2017-05-12 01:00:00,22748.523
2017-05-12 02:00:00,21767.03
2017-05-12 03:00:00,21749.512
2017-05-12 04:00:00,21765.14
2017-05-12 05:00:00,22170.254
2017-05-12 06:00:00,23349.271
2017-05-12 07:00:00,25883.48
2017-05-12 08:00:00,28346.855
2017-05-12 09:00:00,28618.578
2017-05-12 10:00:00,27965.838
2017-05-12 11:00:00,28176.29
2017-05-12 12:00:00,28036.658
2017-05-12 13:00:00,27856.588
2017-05-12 14:00:00,27810.473
2017-05-12 15:00:00,27833.143
2017-05-12 16:00:00,27502.402
2017-05-12 17:00:00,27497.773
2017-05-12 18:00:00,27654.055
2017-05-12 19:00:00,27742.9
2017-05-12 20:00:00,27151.096
2017-05-12 21:00:00,27375.2
2017-05-12 22:00:00,28173.1
2017-05-12 23:00:00,25780.633
2017-05-13 00:00:00,23874.559
2017-05-13 01:00:00,22488.346
2017-05-13 02:00:00,21520.455
2017-05-13 03:00:00,21406.117
2017-05-13 04:00:00,21340.873
2017-05-13 05:00:00,21650.855
2017-05-13 06:00:00,22055.73
2017-05-13 07:00:00,23005.95
2017-05-13 08:00:00,23708.158
2017-05-13 09:00:00,25441.533
2017-05-13 10:00:00,26926.617
2017-05-13 11:00:00,27304.504
2017-05-13 12:00:00,27449.326
2017-05-13 13:00:00,27037.625
2017-05-13 14:00:00,26569.84
2017-05-13 15:00:00,26005.059
2017-05-13 16:00:00,25695.086
2017-05-13 17:00:00,25734.29
2017-05-13 18:00:00,26089.342
2017-05-13 19:00:00,26078.586
2017-05-13 20:00:00,26211.328
2017-05-13 21:00:00,26357.738
2017-05-13 22:00:00,27245.111
2017-05-13 23:00:00,25429.494
2017-05-14 00:00:00,23635.717
2017-05-14 01:00:00,22401.48
2017-05-14 02:00:00,21419.186
2017-05-14 03:00:00,21143.822
2017-05-14 04:00:00,21093.498
2017-05-14 05:00:00,21266.828
2017-05-14 06:00:00,21685.027
2017-05-14 07:00:00,22190.422
2017-05-14 08:00:00,22322.498
2017-05-14 09:00:00,23552.11
2017-05-14 10:00:00,24174.086
2017-05-14 11:00:00,24102.906
2017-05-14 12:00:00,23973.473
2017-05-14 13:00:00,23315.084
2017-05-14 14:00:00,23288.082
2017-05-14 15:00:00,23508.373
2017-05-14 16:00:00,24227.553
2017-05-14 17:00:00,23664.537
2017-05-14 18:00:00,24764.375
2017-05-14 19:00:00,25147.607
2017-05-14 20:00:00,25261.09
2017-05-14 21:00:00,25954.07
2017-05-14 22:00:00,27306.066
2017-05-14 23:00:00,25055.861
2017-05-15 00:00:00,23085.781
2017-05-15 01:00:00,21454.418
2017-05-15 02:00:00,20665.393
2017-05-15 03:00:00,20544.326
2017-05-15 04:00:00,20645.168
2017-05-15 05:00:00,21026.057
2017-05-15 06:00:00,22382.578
2017-05-15 07:00:00,25062.96
2017-05-15 08:00:00,27246.434
2017-05-15 09:00:00,28009.428
2017-05-15 10:00:00,26908.756
2017-05-15 11:00:00,26853.846
2017-05-15 12:00:00,26892.182
2017-05-15 13:00:00,26696.975
2017-05-15 14:00:00,26992.97
2017-05-15 15:00:00,27456.182
2017-05-15 16:00:00,27440.76
2017-05-15 17:00:00,27743.078
2017-05-15 18:00:00,28435.254
2017-05-15 19:00:00,28685.508
2017-05-15 20:00:00,28285.057
2017-05-15 21:00:00,28207.984
2017-05-15 22:00:00,29211.934
2017-05-15 23:00:00,26659.678
2017-05-16 00:00:00,23731.174
2017-05-16 01:00:00,22244.418
2017-05-16 02:00:00,21263.363
2017-05-16 03:00:00,21048.633
2017-05-16 04:00:00,21134.1
2017-05-16 05:00:00,21477.47
2017-05-16 06:00:00,22729.184
2017-05-16 07:00:00,25088.793
2017-05-16 08:00:00,27772.295
2017-05-16 09:00:00,28154.797
2017-05-16 10:00:00,27550.383
2017-05-16 11:00:00,27983.154
2017-05-16 12:00:00,28053.082
2017-05-16 13:00:00,28369.594
2017-05-16 14:00:00,28981.969
2017-05-16 15:00:00,29845.299
2017-05-16 16:00:00,30279.29
2017-05-16 17:00:00,31077.873
2017-05-16 18:00:00,31754.676
2017-05-16 19:00:00,31561.28
2017-05-16 20:00:00,31140.117
2017-05-16 21:00:00,30618.566
2017-05-16 22:00:00,30970.084
2017-05-16 23:00:00,28772.316
2017-05-17 00:00:00,25078.99
2017-05-17 01:00:00,23418.037
2017-05-17 02:00:00,21938.951
2017-05-17 03:00:00,21723.422
2017-05-17 04:00:00,21662.236
2017-05-17 05:00:00,21879.72
2017-05-17 06:00:00,22937.682
2017-05-17 07:00:00,25110.05
2017-05-17 08:00:00,28012.914
2017-05-17 09:00:00,29230.71
2017-05-17 10:00:00,29577.28
2017-05-17 11:00:00,30643.537
2017-05-17 12:00:00,32375.756
2017-05-17 13:00:00,33739.223
2017-05-17 14:00:00,35558.41
2017-05-17 15:00:00,37117.37
2017-05-17 16:00:00,38507.305
2017-05-17 17:00:00,39938.914
2017-05-17 18:00:00,41106.535
2017-05-17 19:00:00,41280.074
2017-05-17 20:00:00,40003.168
2017-05-17 21:00:00,38921.13
2017-05-17 22:00:00,38903.918
2017-05-17 23:00:00,36191.758
2017-05-18 00:00:00,32105.645
2017-05-18 01:00:00,29936.258
2017-05-18 02:00:00,27434.809
2017-05-18 03:00:00,26534.473
2017-05-18 04:00:00,26090.24
2017-05-18 05:00:00,25657.137
2017-05-18 06:00:00,26918.863
2017-05-18 07:00:00,29073.463
2017-05-18 08:00:00,32100.195
2017-05-18 09:00:00,34552.125
2017-05-18 10:00:00,35886.605
2017-05-18 11:00:00,37808.188
2017-05-18 12:00:00,39690.777
2017-05-18 13:00:00,41443.21
2017-05-18 14:00:00,42957.438
2017-05-18 15:00:00,44573.668
2017-05-18 16:00:00,45481.594
2017-05-18 17:00:00,46469.402
2017-05-18 18:00:00,46830.43
2017-05-18 19:00:00,46125.785
2017-05-18 20:00:00,44065.9
2017-05-18 21:00:00,42617.137
2017-05-18 22:00:00,41876.33
2017-05-18 23:00:00,38850.977
2017-05-19 00:00:00,34578.344
2017-05-19 01:00:00,32133.037
2017-05-19 02:00:00,29628.861
2017-05-19 03:00:00,28892.51
2017-05-19 04:00:00,28112.695
2017-05-19 05:00:00,27789.773
2017-05-19 06:00:00,28528.654
2017-05-19 07:00:00,31005.945
2017-05-19 08:00:00,34333.812
2017-05-19 09:00:00,37095.89
2017-05-19 10:00:00,38470.562
2017-05-19 11:00:00,40580.688
2017-05-19 12:00:00,42200.215
2017-05-19 13:00:00,43654.484
2017-05-19 14:00:00,44913.203
2017-05-19 15:00:00,46419.94
2017-05-19 16:00:00,46776.844
2017-05-19 17:00:00,47352.125
2017-05-19 18:00:00,46848.125
2017-05-19 19:00:00,45476.992
2017-05-19 20:00:00,42880.023
2017-05-19 21:00:00,40060.566
2017-05-19 22:00:00,39376.777
2017-05-19 23:00:00,35960.953
2017-05-20 00:00:00,32602.635
2017-05-20 01:00:00,29750.29
2017-05-20 02:00:00,27180.984
2017-05-20 03:00:00,26298.06
2017-05-20 04:00:00,25144.05
2017-05-20 05:00:00,24688.38
2017-05-20 06:00:00,24626.59
2017-05-20 07:00:00,24929.848
2017-05-20 08:00:00,25126.059
2017-05-20 09:00:00,26835.36
2017-05-20 10:00:00,28117.61
2017-05-20 11:00:00,28511.234
2017-05-20 12:00:00,28386.018
2017-05-20 13:00:00,27982.836
2017-05-20 14:00:00,27360.693
2017-05-20 15:00:00,27098.03
2017-05-20 16:00:00,26930.145
2017-05-20 17:00:00,26707.885
2017-05-20 18:00:00,26977.78
2017-05-20 19:00:00,26897.352
2017-05-20 20:00:00,26617.648
2017-05-20 21:00:00,26485.205
2017-05-20 22:00:00,27506.457
2017-05-20 23:00:00,25674.11
2017-05-21 00:00:00,23506.262
2017-05-21 01:00:00,22140.56
2017-05-21 02:00:00,20946.434
2017-05-21 03:00:00,20548.168
2017-05-21 04:00:00,20389.91
2017-05-21 05:00:00,20381.006
2017-05-21 06:00:00,20698.605
2017-05-21 07:00:00,20906.584
2017-05-21 08:00:00,21159.621
2017-05-21 09:00:00,22626.984
2017-05-21 10:00:00,23691.799
2017-05-21 11:00:00,24097.646
2017-05-21 12:00:00,23988.65
2017-05-21 13:00:00,24282.334
2017-05-21 14:00:00,24201.682
2017-05-21 15:00:00,24121.64
2017-05-21 16:00:00,24406.484
2017-05-21 17:00:00,24934.918
2017-05-21 18:00:00,25720.373
2017-05-21 19:00:00,26420.732
2017-05-21 20:00:00,26356.908
2017-05-21 21:00:00,26724.842
2017-05-21 22:00:00,27605.844
2017-05-21 23:00:00,25082.033
2017-05-22 00:00:00,22947.486
2017-05-22 01:00:00,21642.223
2017-05-22 02:00:00,20874.975
2017-05-22 03:00:00,20712.658
2017-05-22 04:00:00,20747.244
2017-05-22 05:00:00,21106.223
2017-05-22 06:00:00,22258.021
2017-05-22 07:00:00,24852.605
2017-05-22 08:00:00,27361.393
2017-05-22 09:00:00,28508.729
2017-05-22 10:00:00,28563.15
2017-05-22 11:00:00,29121.22
2017-05-22 12:00:00,29379.89
2017-05-22 13:00:00,29477.309
2017-05-22 14:00:00,29662.455
2017-05-22 15:00:00,29788.242
2017-05-22 16:00:00,29648.146
2017-05-22 17:00:00,29650.764
2017-05-22 18:00:00,30077.096
2017-05-22 19:00:00,30115.004
2017-05-22 20:00:00,29237.914
2017-05-22 21:00:00,29269.607
2017-05-22 22:00:00,29571.56
2017-05-22 23:00:00,27204.5
2017-05-23 00:00:00,24238.064
2017-05-23 01:00:00,22951.326
2017-05-23 02:00:00,21777.936
2017-05-23 03:00:00,21594.79
2017-05-23 04:00:00,21710.295
2017-05-23 05:00:00,21853.488
2017-05-23 06:00:00,23035.695
2017-05-23 07:00:00,25444.027
2017-05-23 08:00:00,27925.076
2017-05-23 09:00:00,29024.422
2017-05-23 10:00:00,28820.36
2017-05-23 11:00:00,29051.514
2017-05-23 12:00:00,29316.877
2017-05-23 13:00:00,29152.062
2017-05-23 14:00:00,29638.49
2017-05-23 15:00:00,29801.521
2017-05-23 16:00:00,29456.994
2017-05-23 17:00:00,29626.49
2017-05-23 18:00:00,29598.627
2017-05-23 19:00:00,29541.303
2017-05-23 20:00:00,28828.422
2017-05-23 21:00:00,29128.836
2017-05-23 22:00:00,29684.104
2017-05-23 23:00:00,27049.314
2017-05-24 00:00:00,24164.467
2017-05-24 01:00:00,22766.338
2017-05-24 02:00:00,21528.496
2017-05-24 03:00:00,21572.533
2017-05-24 04:00:00,21458.105
2017-05-24 05:00:00,21807.883
2017-05-24 06:00:00,22945.328
2017-05-24 07:00:00,25437.605
2017-05-24 08:00:00,27955.174
2017-05-24 09:00:00,28899.375
2017-05-24 10:00:00,28571.963
2017-05-24 11:00:00,28858.242
2017-05-24 12:00:00,28868.828
2017-05-24 13:00:00,28839.514
2017-05-24 14:00:00,29463.125
2017-05-24 15:00:00,29826.57
2017-05-24 16:00:00,29885.674
2017-05-24 17:00:00,29964.588
2017-05-24 18:00:00,30197.004
2017-05-24 19:00:00,29653.492
2017-05-24 20:00:00,28844.047
2017-05-24 21:00:00,28961.383
2017-05-24 22:00:00,29730.71
2017-05-24 23:00:00,26959.555
2017-05-25 00:00:00,24295.32
2017-05-25 01:00:00,22721.316
2017-05-25 02:00:00,21641.299
2017-05-25 03:00:00,21561.25
2017-05-25 04:00:00,21514.762
2017-05-25 05:00:00,21933.064
2017-05-25 06:00:00,22867.037
2017-05-25 07:00:00,25367.793
2017-05-25 08:00:00,28264.57
2017-05-25 09:00:00,29161.064
2017-05-25 10:00:00,29347.783
2017-05-25 11:00:00,29674.832
2017-05-25 12:00:00,29802.434
2017-05-25 13:00:00,29521.158
2017-05-25 14:00:00,29633.518
2017-05-25 15:00:00,29895.92
2017-05-25 16:00:00,29484.643
2017-05-25 17:00:00,30000.828
2017-05-25 18:00:00,30423.854
2017-05-25 19:00:00,30434.512
2017-05-25 20:00:00,29487.205
2017-05-25 21:00:00,29060.068
2017-05-25 22:00:00,29411.102
2017-05-25 23:00:00,26800.092
2017-05-26 00:00:00,24377.377
2017-05-26 01:00:00,22832.531
2017-05-26 02:00:00,21868.465
2017-05-26 03:00:00,21567.209
2017-05-26 04:00:00,21635.326
2017-05-26 05:00:00,21790.209
2017-05-26 06:00:00,22922.025
2017-05-26 07:00:00,24992.525
2017-05-26 08:00:00,27591.5
2017-05-26 09:00:00,28614.3
2017-05-26 10:00:00,28672.578
2017-05-26 11:00:00,29068.197
2017-05-26 12:00:00,29653.98
2017-05-26 13:00:00,29611.76
2017-05-26 14:00:00,29852.902
2017-05-26 15:00:00,30286.432
2017-05-26 16:00:00,30136.225
2017-05-26 17:00:00,30213.164
2017-05-26 18:00:00,30396.098
2017-05-26 19:00:00,29879.777
2017-05-26 20:00:00,28710.963
2017-05-26 21:00:00,28255.18
2017-05-26 22:00:00,28773.36
2017-05-26 23:00:00,27262.521
2017-05-27 00:00:00,24532.414
2017-05-27 01:00:00,22912.346
2017-05-27 02:00:00,21755.98
2017-05-27 03:00:00,21143.992
2017-05-27 04:00:00,21162.336
2017-05-27 05:00:00,21127.695
2017-05-27 06:00:00,21522.135
2017-05-27 07:00:00,21663.717
2017-05-27 08:00:00,22274.4
2017-05-27 09:00:00,24036.096
2017-05-27 10:00:00,25437.115
2017-05-27 11:00:00,26138.81
2017-05-27 12:00:00,26657.451
2017-05-27 13:00:00,26847.277
2017-05-27 14:00:00,26862.268
2017-05-27 15:00:00,27233.486
2017-05-27 16:00:00,26728.268
2017-05-27 17:00:00,26813.445
2017-05-27 18:00:00,26868.092
2017-05-27 19:00:00,27051.623
2017-05-27 20:00:00,26778.951
2017-05-27 21:00:00,26516.951
2017-05-27 22:00:00,27493.867
2017-05-27 23:00:00,26281.875
2017-05-28 00:00:00,23926.82
2017-05-28 01:00:00,22551.81
2017-05-28 02:00:00,21233.393
2017-05-28 03:00:00,20832.602
2017-05-28 04:00:00,20598.86
2017-05-28 05:00:00,20616.361
2017-05-28 06:00:00,20890.406
2017-05-28 07:00:00,20833.916
2017-05-28 08:00:00,21283.43
2017-05-28 09:00:00,22939.844
2017-05-28 10:00:00,24432.705
2017-05-28 11:00:00,25361.535
2017-05-28 12:00:00,25963.521
2017-05-28 13:00:00,26473.295
2017-05-28 14:00:00,26669.389
2017-05-28 15:00:00,26277.484
2017-05-28 16:00:00,26525.127
2017-05-28 17:00:00,26768.502
2017-05-28 18:00:00,26803.47
2017-05-28 19:00:00,26767.275
2017-05-28 20:00:00,26285.287
2017-05-28 21:00:00,26276.482
2017-05-28 22:00:00,26863.527
2017-05-28 23:00:00,25139.732
2017-05-29 00:00:00,23618.504
2017-05-29 01:00:00,21986.332
2017-05-29 02:00:00,21022.465
2017-05-29 03:00:00,20589.459
2017-05-29 04:00:00,20441.805
2017-05-29 05:00:00,20591.42
2017-05-29 06:00:00,20898.693
2017-05-29 07:00:00,21601.633
2017-05-29 08:00:00,21796.29
2017-05-29 09:00:00,23064.156
2017-05-29 10:00:00,24921.223
2017-05-29 11:00:00,26070.814
2017-05-29 12:00:00,26612.45
2017-05-29 13:00:00,26635.734
2017-05-29 14:00:00,26664.883
2017-05-29 15:00:00,26465.436
2017-05-29 16:00:00,26736.033
2017-05-29 17:00:00,26921.342
2017-05-29 18:00:00,27565.305
2017-05-29 19:00:00,27859.72
2017-05-29 20:00:00,27386.715
2017-05-29 21:00:00,27537.277
2017-05-29 22:00:00,28196.45
2017-05-29 23:00:00,26505.734
2017-05-30 00:00:00,23422.654
2017-05-30 01:00:00,22167.234
2017-05-30 02:00:00,21202.404
2017-05-30 03:00:00,20958.31
2017-05-30 04:00:00,20951.357
2017-05-30 05:00:00,21108.36
2017-05-30 06:00:00,22302.22
2017-05-30 07:00:00,24916.766
2017-05-30 08:00:00,27523.63
2017-05-30 09:00:00,28805.479
2017-05-30 10:00:00,28760.516
2017-05-30 11:00:00,29308.168
2017-05-30 12:00:00,29619.91
2017-05-30 13:00:00,29607.28
2017-05-30 14:00:00,29864.5
2017-05-30 15:00:00,29817.055
2017-05-30 16:00:00,29626.492
2017-05-30 17:00:00,29952.7
2017-05-30 18:00:00,30146.59
2017-05-30 19:00:00,30197.293
2017-05-30 20:00:00,29711.043
2017-05-30 21:00:00,29356.705
2017-05-30 22:00:00,29555.162
2017-05-30 23:00:00,27148.443
2017-05-31 00:00:00,24347.943
2017-05-31 01:00:00,22944.445
2017-05-31 02:00:00,21878.047
2017-05-31 03:00:00,21767.977
2017-05-31 04:00:00,21742.092
2017-05-31 05:00:00,22115.871
2017-05-31 06:00:00,23085.729
2017-05-31 07:00:00,25845.215
2017-05-31 08:00:00,28414.785
2017-05-31 09:00:00,29492.668
2017-05-31 10:00:00,29839.611
2017-05-31 11:00:00,29898.324
2017-05-31 12:00:00,30733.139
2017-05-31 13:00:00,31199.445
2017-05-31 14:00:00,31731.05
2017-05-31 15:00:00,32782.727
2017-05-31 16:00:00,33046.703
2017-05-31 17:00:00,33848.273
2017-05-31 18:00:00,34316.348
2017-05-31 19:00:00,34434.223
2017-05-31 20:00:00,33073.78
2017-05-31 21:00:00,32484.518
2017-05-31 22:00:00,32157.715
2017-05-31 23:00:00,30723.656
2017-06-01 00:00:00,26467.957
2017-06-01 01:00:00,24763.215
2017-06-01 02:00:00,23183.898
2017-06-01 03:00:00,22487.87
2017-06-01 04:00:00,22520.602
2017-06-01 05:00:00,22595.75
2017-06-01 06:00:00,23569.307
2017-06-01 07:00:00,25686.06
2017-06-01 08:00:00,28535.205
2017-06-01 09:00:00,29949.771
2017-06-01 10:00:00,30280.697
2017-06-01 11:00:00,31307.098
2017-06-01 12:00:00,32087.572
2017-06-01 13:00:00,32655.459
2017-06-01 14:00:00,33433.508
2017-06-01 15:00:00,33993.703
2017-06-01 16:00:00,34527.992
2017-06-01 17:00:00,35125.285
2017-06-01 18:00:00,35339.152
2017-06-01 19:00:00,35261.867
2017-06-01 20:00:00,33951.0
2017-06-01 21:00:00,32770.47
2017-06-01 22:00:00,32134.293
2017-06-01 23:00:00,30616.209
2017-06-02 00:00:00,26323.574
2017-06-02 01:00:00,24634.441
2017-06-02 02:00:00,22914.021
2017-06-02 03:00:00,22315.838
2017-06-02 04:00:00,22328.412
2017-06-02 05:00:00,22249.312
2017-06-02 06:00:00,23096.62
2017-06-02 07:00:00,25250.082
2017-06-02 08:00:00,27780.594
2017-06-02 09:00:00,29381.893
2017-06-02 10:00:00,29660.996
2017-06-02 11:00:00,30445.69
2017-06-02 12:00:00,31109.404
2017-06-02 13:00:00,31527.674
2017-06-02 14:00:00,32190.352
2017-06-02 15:00:00,33081.234
2017-06-02 16:00:00,32950.645
2017-06-02 17:00:00,33473.33
2017-06-02 18:00:00,33665.78
2017-06-02 19:00:00,33165.668
2017-06-02 20:00:00,31759.826
2017-06-02 21:00:00,30209.516
2017-06-02 22:00:00,29457.451
2017-06-02 23:00:00,28574.756
2017-06-03 00:00:00,25204.914
2017-06-03 01:00:00,23605.447
2017-06-03 02:00:00,22095.107
2017-06-03 03:00:00,21512.754
2017-06-03 04:00:00,21386.916
2017-06-03 05:00:00,21390.07
2017-06-03 06:00:00,21668.36
2017-06-03 07:00:00,22213.107
2017-06-03 08:00:00,22955.15
2017-06-03 09:00:00,24605.545
2017-06-03 10:00:00,26152.111
2017-06-03 11:00:00,26427.342
2017-06-03 12:00:00,26507.482
2017-06-03 13:00:00,26449.541
2017-06-03 14:00:00,26266.297
2017-06-03 15:00:00,26643.406
2017-06-03 16:00:00,27054.809
2017-06-03 17:00:00,27931.17
2017-06-03 18:00:00,28727.773
2017-06-03 19:00:00,29425.63
2017-06-03 20:00:00,29034.6
2017-06-03 21:00:00,28074.795
2017-06-03 22:00:00,27614.18
2017-06-03 23:00:00,27069.963
2017-06-04 00:00:00,23984.432
2017-06-04 01:00:00,22742.818
2017-06-04 02:00:00,21378.072
2017-06-04 03:00:00,20985.979
2017-06-04 04:00:00,20736.832
2017-06-04 05:00:00,20673.035
2017-06-04 06:00:00,20952.594
2017-06-04 07:00:00,20771.785
2017-06-04 08:00:00,21388.627
2017-06-04 09:00:00,22831.438
2017-06-04 10:00:00,24525.723
2017-06-04 11:00:00,25723.014
2017-06-04 12:00:00,26643.246
2017-06-04 13:00:00,26955.297
2017-06-04 14:00:00,28232.91
2017-06-04 15:00:00,28465.596
2017-06-04 16:00:00,29075.975
2017-06-04 17:00:00,29672.1
2017-06-04 18:00:00,30360.791
2017-06-04 19:00:00,30786.889
2017-06-04 20:00:00,30505.156
2017-06-04 21:00:00,30025.838
2017-06-04 22:00:00,30529.654
2017-06-04 23:00:00,29004.83
2017-06-05 00:00:00,25534.48
2017-06-05 01:00:00,24007.879
2017-06-05 02:00:00,22727.705
2017-06-05 03:00:00,22383.395
2017-06-05 04:00:00,22271.078
2017-06-05 05:00:00,22432.209
2017-06-05 06:00:00,23749.514
2017-06-05 07:00:00,26242.146
2017-06-05 08:00:00,28617.742
2017-06-05 09:00:00,30112.857
2017-06-05 10:00:00,30906.754
2017-06-05 11:00:00,31711.264
2017-06-05 12:00:00,32441.928
2017-06-05 13:00:00,32695.938
2017-06-05 14:00:00,33099.414
2017-06-05 15:00:00,33278.477
2017-06-05 16:00:00,32769.36
2017-06-05 17:00:00,32711.053
2017-06-05 18:00:00,33164.773
2017-06-05 19:00:00,32896.56
2017-06-05 20:00:00,32010.158
2017-06-05 21:00:00,31731.527
2017-06-05 22:00:00,31743.182
2017-06-05 23:00:00,29644.844
2017-06-06 00:00:00,26286.504
2017-06-06 01:00:00,24451.275
2017-06-06 02:00:00,23058.29
2017-06-06 03:00:00,22528.627
2017-06-06 04:00:00,22678.875
2017-06-06 05:00:00,22721.615
2017-06-06 06:00:00,23906.475
2017-06-06 07:00:00,26156.906
2017-06-06 08:00:00,28958.729
2017-06-06 09:00:00,30245.744
2017-06-06 10:00:00,30331.123
2017-06-06 11:00:00,30966.44
2017-06-06 12:00:00,31382.168
2017-06-06 13:00:00,31549.03
2017-06-06 14:00:00,31683.406
2017-06-06 15:00:00,31888.895
2017-06-06 16:00:00,31995.666
2017-06-06 17:00:00,32337.36
2017-06-06 18:00:00,32017.732
2017-06-06 19:00:00,32086.291
2017-06-06 20:00:00,30774.188
2017-06-06 21:00:00,30331.916
2017-06-06 22:00:00,30277.084
2017-06-06 23:00:00,28098.049
2017-06-07 00:00:00,24975.377
2017-06-07 01:00:00,23320.805
2017-06-07 02:00:00,22133.455
2017-06-07 03:00:00,21737.992
2017-06-07 04:00:00,21990.686
2017-06-07 05:00:00,22039.674
2017-06-07 06:00:00,23253.16
2017-06-07 07:00:00,25330.273
2017-06-07 08:00:00,28025.832
2017-06-07 09:00:00,28932.828
2017-06-07 10:00:00,28656.447
2017-06-07 11:00:00,28797.375
2017-06-07 12:00:00,29037.451
2017-06-07 13:00:00,29271.941
2017-06-07 14:00:00,29422.055
2017-06-07 15:00:00,29762.611
2017-06-07 16:00:00,29599.834
2017-06-07 17:00:00,29708.244
2017-06-07 18:00:00,29878.21
2017-06-07 19:00:00,29474.139
2017-06-07 20:00:00,28773.9
2017-06-07 21:00:00,28582.559
2017-06-07 22:00:00,28858.82
2017-06-07 23:00:00,27769.416
2017-06-08 00:00:00,24167.584
2017-06-08 01:00:00,22777.328
2017-06-08 02:00:00,21744.824
2017-06-08 03:00:00,21401.764
2017-06-08 04:00:00,21429.076
2017-06-08 05:00:00,21680.361
2017-06-08 06:00:00,22802.771
2017-06-08 07:00:00,24666.166
2017-06-08 08:00:00,27492.451
2017-06-08 09:00:00,28440.893
2017-06-08 10:00:00,28412.193
2017-06-08 11:00:00,28850.291
2017-06-08 12:00:00,29461.807
2017-06-08 13:00:00,29576.303
2017-06-08 14:00:00,29950.969
2017-06-08 15:00:00,30081.924
2017-06-08 16:00:00,29854.893
2017-06-08 17:00:00,29389.867
2017-06-08 18:00:00,30956.014
2017-06-08 19:00:00,30049.865
2017-06-08 20:00:00,29500.922
2017-06-08 21:00:00,29025.445
2017-06-08 22:00:00,29202.389
2017-06-08 23:00:00,28225.62
2017-06-09 00:00:00,24432.404
2017-06-09 01:00:00,22784.04
2017-06-09 02:00:00,21726.041
2017-06-09 03:00:00,21395.678
2017-06-09 04:00:00,21502.613
2017-06-09 05:00:00,21675.285
2017-06-09 06:00:00,22676.16
2017-06-09 07:00:00,24554.463
2017-06-09 08:00:00,27251.426
2017-06-09 09:00:00,28294.967
2017-06-09 10:00:00,28721.531
2017-06-09 11:00:00,29172.37
2017-06-09 12:00:00,29959.229
2017-06-09 13:00:00,30600.625
2017-06-09 14:00:00,31282.012
2017-06-09 15:00:00,32503.115
2017-06-09 16:00:00,33052.027
2017-06-09 17:00:00,33625.29
2017-06-09 18:00:00,34171.15
2017-06-09 19:00:00,34201.633
2017-06-09 20:00:00,33181.023
2017-06-09 21:00:00,31914.443
2017-06-09 22:00:00,30983.541
2017-06-09 23:00:00,30142.855
2017-06-10 00:00:00,26549.773
2017-06-10 01:00:00,24796.81
2017-06-10 02:00:00,23232.773
2017-06-10 03:00:00,22284.541
2017-06-10 04:00:00,22231.172
2017-06-10 05:00:00,22113.021
2017-06-10 06:00:00,22260.023
2017-06-10 07:00:00,22562.963
2017-06-10 08:00:00,23422.428
2017-06-10 09:00:00,25806.773
2017-06-10 10:00:00,27911.242
2017-06-10 11:00:00,29338.113
2017-06-10 12:00:00,30975.94
2017-06-10 13:00:00,32318.168
2017-06-10 14:00:00,33466.2
2017-06-10 15:00:00,34580.844
2017-06-10 16:00:00,35448.19
2017-06-10 17:00:00,36364.9
2017-06-10 18:00:00,37211.836
2017-06-10 19:00:00,37315.2
2017-06-10 20:00:00,36545.0
2017-06-10 21:00:00,35047.652
2017-06-10 22:00:00,34144.7
2017-06-10 23:00:00,33370.984
2017-06-11 00:00:00,29719.633
2017-06-11 01:00:00,27775.979
2017-06-11 02:00:00,25366.617
2017-06-11 03:00:00,24297.918
2017-06-11 04:00:00,23547.67
2017-06-11 05:00:00,23299.775
2017-06-11 06:00:00,23167.22
2017-06-11 07:00:00,23106.4
2017-06-11 08:00:00,24089.588
2017-06-11 09:00:00,27485.29
2017-06-11 10:00:00,30439.412
2017-06-11 11:00:00,33300.246
2017-06-11 12:00:00,35591.645
2017-06-11 13:00:00,37588.754
2017-06-11 14:00:00,38855.297
2017-06-11 15:00:00,40178.73
2017-06-11 16:00:00,41499.69
2017-06-11 17:00:00,42773.98
2017-06-11 18:00:00,43884.41
2017-06-11 19:00:00,44096.94
2017-06-11 20:00:00,43301.727
2017-06-11 21:00:00,41597.082
2017-06-11 22:00:00,39924.816
2017-06-11 23:00:00,38524.062
2017-06-12 00:00:00,33576.15
2017-06-12 01:00:00,31294.24
2017-06-12 02:00:00,28776.104
2017-06-12 03:00:00,27526.34
2017-06-12 04:00:00,26876.408
2017-06-12 05:00:00,26797.852
2017-06-12 06:00:00,27598.086
2017-06-12 07:00:00,29802.385
2017-06-12 08:00:00,33142.816
2017-06-12 09:00:00,36402.832
2017-06-12 10:00:00,38680.863
2017-06-12 11:00:00,41339.137
2017-06-12 12:00:00,43743.016
2017-06-12 13:00:00,45599.08
2017-06-12 14:00:00,47270.832
2017-06-12 15:00:00,48848.836
2017-06-12 16:00:00,49458.137
2017-06-12 17:00:00,50267.996
2017-06-12 18:00:00,50554.27
2017-06-12 19:00:00,50086.69
2017-06-12 20:00:00,48334.12
2017-06-12 21:00:00,46320.445
2017-06-12 22:00:00,43786.062
2017-06-12 23:00:00,41910.62
2017-06-13 00:00:00,35972.168
2017-06-13 01:00:00,34068.37
2017-06-13 02:00:00,30999.775
2017-06-13 03:00:00,30285.701
2017-06-13 04:00:00,29799.62
2017-06-13 05:00:00,29496.729
2017-06-13 06:00:00,30611.332
2017-06-13 07:00:00,32364.57
2017-06-13 08:00:00,35976.047
2017-06-13 09:00:00,38856.824
2017-06-13 10:00:00,41020.3
2017-06-13 11:00:00,44073.656
2017-06-13 12:00:00,46819.6
2017-06-13 13:00:00,48636.957
2017-06-13 14:00:00,50357.184
2017-06-13 15:00:00,51134.625
2017-06-13 16:00:00,51766.805
2017-06-13 17:00:00,52518.016
2017-06-13 18:00:00,52778.098
2017-06-13 19:00:00,52548.406
2017-06-13 20:00:00,50878.32
2017-06-13 21:00:00,48157.457
2017-06-13 22:00:00,46514.223
2017-06-13 23:00:00,43775.66
2017-06-14 00:00:00,38663.22
2017-06-14 01:00:00,36174.29
2017-06-14 02:00:00,33130.402
2017-06-14 03:00:00,32181.963
2017-06-14 04:00:00,31604.666
2017-06-14 05:00:00,31290.482
2017-06-14 06:00:00,32152.29
2017-06-14 07:00:00,34105.457
2017-06-14 08:00:00,37020.26
2017-06-14 09:00:00,38696.746
2017-06-14 10:00:00,39589.145
2017-06-14 11:00:00,40555.395
2017-06-14 12:00:00,42820.375
2017-06-14 13:00:00,43205.754
2017-06-14 14:00:00,44802.406
2017-06-14 15:00:00,45515.36
2017-06-14 16:00:00,45892.305
2017-06-14 17:00:00,46646.605
2017-06-14 18:00:00,46572.664
2017-06-14 19:00:00,46005.426
2017-06-14 20:00:00,43758.645
2017-06-14 21:00:00,41327.74
2017-06-14 22:00:00,39278.27
2017-06-14 23:00:00,37488.316
2017-06-15 00:00:00,32355.855
2017-06-15 01:00:00,30365.082
2017-06-15 02:00:00,27812.49
2017-06-15 03:00:00,26955.422
2017-06-15 04:00:00,26473.799
2017-06-15 05:00:00,26351.736
2017-06-15 06:00:00,27103.248
2017-06-15 07:00:00,28943.777
2017-06-15 08:00:00,31908.725
2017-06-15 09:00:00,33841.418
2017-06-15 10:00:00,34431.203
2017-06-15 11:00:00,35879.688
2017-06-15 12:00:00,37070.496
2017-06-15 13:00:00,37994.438
2017-06-15 14:00:00,39151.293
2017-06-15 15:00:00,40186.13
2017-06-15 16:00:00,40827.742
2017-06-15 17:00:00,41191.43
2017-06-15 18:00:00,41424.953
2017-06-15 19:00:00,40483.992
2017-06-15 20:00:00,38713.27
2017-06-15 21:00:00,36326.465
2017-06-15 22:00:00,35365.613
2017-06-15 23:00:00,33863.52
2017-06-16 00:00:00,29899.115
2017-06-16 01:00:00,27951.127
2017-06-16 02:00:00,25891.291
2017-06-16 03:00:00,25119.023
2017-06-16 04:00:00,24839.145
2017-06-16 05:00:00,24871.984
2017-06-16 06:00:00,25921.387
2017-06-16 07:00:00,27997.408
2017-06-16 08:00:00,30672.193
2017-06-16 09:00:00,32661.617
2017-06-16 10:00:00,33460.117
2017-06-16 11:00:00,34527.3
2017-06-16 12:00:00,35337.2
2017-06-16 13:00:00,35740.227
2017-06-16 14:00:00,36479.453
2017-06-16 15:00:00,37522.71
2017-06-16 16:00:00,37625.152
2017-06-16 17:00:00,37981.613
2017-06-16 18:00:00,37889.773
2017-06-16 19:00:00,37453.09
2017-06-16 20:00:00,35994.27
2017-06-16 21:00:00,34798.312
2017-06-16 22:00:00,34614.836
2017-06-16 23:00:00,33244.02
2017-06-17 00:00:00,30235.309
2017-06-17 01:00:00,28174.482
2017-06-17 02:00:00,26109.963
2017-06-17 03:00:00,25305.867
2017-06-17 04:00:00,24746.553
2017-06-17 05:00:00,24700.084
2017-06-17 06:00:00,25075.613
2017-06-17 07:00:00,25779.473
2017-06-17 08:00:00,26510.299
2017-06-17 09:00:00,28902.783
2017-06-17 10:00:00,31068.652
2017-06-17 11:00:00,32794.707
2017-06-17 12:00:00,33962.42
2017-06-17 13:00:00,34595.94
2017-06-17 14:00:00,35158.81
2017-06-17 15:00:00,35627.586
2017-06-17 16:00:00,36119.656
2017-06-17 17:00:00,36993.78
2017-06-17 18:00:00,37281.137
2017-06-17 19:00:00,37419.473
2017-06-17 20:00:00,36790.156
2017-06-17 21:00:00,35587.926
2017-06-17 22:00:00,35242.824
2017-06-17 23:00:00,34615.84
2017-06-18 00:00:00,31377.781
2017-06-18 01:00:00,29569.678
2017-06-18 02:00:00,27207.434
2017-06-18 03:00:00,26296.74
2017-06-18 04:00:00,25724.959
2017-06-18 05:00:00,25544.53
2017-06-18 06:00:00,25900.314
2017-06-18 07:00:00,26181.951
2017-06-18 08:00:00,27000.514
2017-06-18 09:00:00,29660.479
2017-06-18 10:00:00,32311.805
2017-06-18 11:00:00,34775.96
2017-06-18 12:00:00,37133.125
2017-06-18 13:00:00,38994.4
2017-06-18 14:00:00,40513.145
2017-06-18 15:00:00,41853.355
2017-06-18 16:00:00,42802.934
2017-06-18 17:00:00,43489.21
2017-06-18 18:00:00,44012.54
2017-06-18 19:00:00,43945.14
2017-06-18 20:00:00,42953.332
2017-06-18 21:00:00,41567.05
2017-06-18 22:00:00,40802.566
2017-06-18 23:00:00,39984.043
2017-06-19 00:00:00,35768.117
2017-06-19 01:00:00,33785.99
2017-06-19 02:00:00,31558.053
2017-06-19 03:00:00,30406.742
2017-06-19 04:00:00,30213.535
2017-06-19 05:00:00,30148.836
2017-06-19 06:00:00,31496.611
2017-06-19 07:00:00,33385.773
2017-06-19 08:00:00,36870.88
2017-06-19 09:00:00,39767.41
2017-06-19 10:00:00,40860.742
2017-06-19 11:00:00,43400.59
2017-06-19 12:00:00,45064.688
2017-06-19 13:00:00,46278.098
2017-06-19 14:00:00,47357.45
2017-06-19 15:00:00,48204.824
2017-06-19 16:00:00,48021.95
2017-06-19 17:00:00,47243.26
2017-06-19 18:00:00,43926.156
2017-06-19 19:00:00,41967.54
2017-06-19 20:00:00,39538.51
2017-06-19 21:00:00,38397.363
2017-06-19 22:00:00,37580.543
2017-06-19 23:00:00,36144.06
2017-06-20 00:00:00,32326.908
2017-06-20 01:00:00,30543.07
2017-06-20 02:00:00,28322.73
2017-06-20 03:00:00,27753.504
2017-06-20 04:00:00,27333.115
2017-06-20 05:00:00,27266.553
2017-06-20 06:00:00,28320.748
2017-06-20 07:00:00,30358.127
2017-06-20 08:00:00,33484.19
2017-06-20 09:00:00,36072.6
2017-06-20 10:00:00,36874.516
2017-06-20 11:00:00,37892.97
2017-06-20 12:00:00,39041.117
2017-06-20 13:00:00,39655.285
2017-06-20 14:00:00,40572.586
2017-06-20 15:00:00,41582.996
2017-06-20 16:00:00,42166.914
2017-06-20 17:00:00,42906.12
2017-06-20 18:00:00,43296.473
2017-06-20 19:00:00,42914.46
2017-06-20 20:00:00,41353.09
2017-06-20 21:00:00,39422.77
2017-06-20 22:00:00,37657.254
2017-06-20 23:00:00,36958.645
2017-06-21 00:00:00,31840.4
2017-06-21 01:00:00,30269.602
2017-06-21 02:00:00,27835.885
2017-06-21 03:00:00,26882.29
2017-06-21 04:00:00,26501.428
2017-06-21 05:00:00,26152.31
2017-06-21 06:00:00,27278.65
2017-06-21 07:00:00,29068.21
2017-06-21 08:00:00,32320.47
2017-06-21 09:00:00,34816.035
2017-06-21 10:00:00,36304.23
2017-06-21 11:00:00,38019.906
2017-06-21 12:00:00,39702.94
2017-06-21 13:00:00,40974.55
2017-06-21 14:00:00,41939.13
2017-06-21 15:00:00,42473.56
2017-06-21 16:00:00,43804.72
2017-06-21 17:00:00,44382.445
2017-06-21 18:00:00,43592.277
2017-06-21 19:00:00,41912.152
2017-06-21 20:00:00,40261.516
2017-06-21 21:00:00,37969.855
2017-06-21 22:00:00,36770.246
2017-06-21 23:00:00,35837.043
2017-06-22 00:00:00,31206.07
2017-06-22 01:00:00,29456.031
2017-06-22 02:00:00,27211.5
2017-06-22 03:00:00,26292.408
2017-06-22 04:00:00,25960.07
2017-06-22 05:00:00,25693.797
2017-06-22 06:00:00,26818.508
2017-06-22 07:00:00,28593.596
2017-06-22 08:00:00,31649.152
2017-06-22 09:00:00,34462.676
2017-06-22 10:00:00,36304.383
2017-06-22 11:00:00,38018.43
2017-06-22 12:00:00,39950.742
2017-06-22 13:00:00,41439.06
2017-06-22 14:00:00,42700.73
2017-06-22 15:00:00,43973.184
2017-06-22 16:00:00,44895.902
2017-06-22 17:00:00,46523.055
2017-06-22 18:00:00,46327.496
2017-06-22 19:00:00,45851.62
2017-06-22 20:00:00,43845.027
2017-06-22 21:00:00,42155.48
2017-06-22 22:00:00,41390.91
2017-06-22 23:00:00,39516.246
2017-06-23 00:00:00,35449.93
2017-06-23 01:00:00,33297.367
2017-06-23 02:00:00,30753.38
2017-06-23 03:00:00,30083.578
2017-06-23 04:00:00,29535.924
2017-06-23 05:00:00,29450.482
2017-06-23 06:00:00,30587.916
2017-06-23 07:00:00,32605.213
2017-06-23 08:00:00,35376.92
2017-06-23 09:00:00,37417.535
2017-06-23 10:00:00,38400.363
2017-06-23 11:00:00,39573.594
2017-06-23 12:00:00,40553.5
2017-06-23 13:00:00,41726.54
2017-06-23 14:00:00,42835.12
2017-06-23 15:00:00,43788.27
2017-06-23 16:00:00,44652.3
2017-06-23 17:00:00,45533.938
2017-06-23 18:00:00,45394.973
2017-06-23 19:00:00,45106.78
2017-06-23 20:00:00,43261.36
2017-06-23 21:00:00,41722.945
2017-06-23 22:00:00,40430.574
2017-06-23 23:00:00,39431.535
2017-06-24 00:00:00,35544.67
2017-06-24 01:00:00,33912.848
2017-06-24 02:00:00,31793.93
2017-06-24 03:00:00,30521.324
2017-06-24 04:00:00,29670.389
2017-06-24 05:00:00,29007.08
2017-06-24 06:00:00,29446.059
2017-06-24 07:00:00,29733.674
2017-06-24 08:00:00,29973.137
2017-06-24 09:00:00,32588.588
2017-06-24 10:00:00,35038.633
2017-06-24 11:00:00,37449.45
2017-06-24 12:00:00,38768.785
2017-06-24 13:00:00,39531.504
2017-06-24 14:00:00,39794.13
2017-06-24 15:00:00,40183.508
2017-06-24 16:00:00,40810.61
2017-06-24 17:00:00,41254.207
2017-06-24 18:00:00,41502.746
2017-06-24 19:00:00,41302.48
2017-06-24 20:00:00,40367.453
2017-06-24 21:00:00,38069.383
2017-06-24 22:00:00,36331.145
2017-06-24 23:00:00,35635.805
2017-06-25 00:00:00,31695.406
2017-06-25 01:00:00,29903.312
2017-06-25 02:00:00,27379.924
2017-06-25 03:00:00,26111.98
2017-06-25 04:00:00,25295.03
2017-06-25 05:00:00,24738.068
2017-06-25 06:00:00,24537.422
2017-06-25 07:00:00,24331.87
2017-06-25 08:00:00,25164.523
2017-06-25 09:00:00,27816.072
2017-06-25 10:00:00,30453.348
2017-06-25 11:00:00,32743.057
2017-06-25 12:00:00,34657.65
2017-06-25 13:00:00,36051.105
2017-06-25 14:00:00,36959.906
2017-06-25 15:00:00,37549.117
2017-06-25 16:00:00,38085.9
2017-06-25 17:00:00,38408.35
2017-06-25 18:00:00,39242.58
2017-06-25 19:00:00,38989.996
2017-06-25 20:00:00,38121.2
2017-06-25 21:00:00,36229.887
2017-06-25 22:00:00,34656.0
2017-06-25 23:00:00,34100.99
2017-06-26 00:00:00,29492.857
2017-06-26 01:00:00,27492.09
2017-06-26 02:00:00,25273.322
2017-06-26 03:00:00,24190.236
2017-06-26 04:00:00,23735.139
2017-06-26 05:00:00,23684.945
2017-06-26 06:00:00,24548.545
2017-06-26 07:00:00,26229.453
2017-06-26 08:00:00,28992.875
2017-06-26 09:00:00,31586.254
2017-06-26 10:00:00,32839.85
2017-06-26 11:00:00,34205.305
2017-06-26 12:00:00,35355.184
2017-06-26 13:00:00,36096.63
2017-06-26 14:00:00,36872.05
2017-06-26 15:00:00,37702.906
2017-06-26 16:00:00,38327.598
2017-06-26 17:00:00,38775.508
2017-06-26 18:00:00,39086.04
2017-06-26 19:00:00,39006.582
2017-06-26 20:00:00,37715.58
2017-06-26 21:00:00,35818.242
2017-06-26 22:00:00,34100.203
2017-06-26 23:00:00,33205.086
2017-06-27 00:00:00,28794.004
2017-06-27 01:00:00,26912.42
2017-06-27 02:00:00,25125.791
2017-06-27 03:00:00,24242.633
2017-06-27 04:00:00,23978.068
2017-06-27 05:00:00,23840.943
2017-06-27 06:00:00,24911.531
2017-06-27 07:00:00,26880.555
2017-06-27 08:00:00,29341.883
2017-06-27 09:00:00,30970.48
2017-06-27 10:00:00,32067.855
2017-06-27 11:00:00,32961.78
2017-06-27 12:00:00,33695.008
2017-06-27 13:00:00,34947.027
2017-06-27 14:00:00,35608.87
2017-06-27 15:00:00,36701.555
2017-06-27 16:00:00,37178.445
2017-06-27 17:00:00,37275.08
2017-06-27 18:00:00,37675.965
2017-06-27 19:00:00,37132.805
2017-06-27 20:00:00,35722.35
2017-06-27 21:00:00,33819.867
2017-06-27 22:00:00,32789.832
2017-06-27 23:00:00,31998.105
2017-06-28 00:00:00,27730.574
2017-06-28 01:00:00,25812.857
2017-06-28 02:00:00,24017.55
2017-06-28 03:00:00,23195.44
2017-06-28 04:00:00,23009.693
2017-06-28 05:00:00,22910.178
2017-06-28 06:00:00,23834.389
2017-06-28 07:00:00,25396.383
2017-06-28 08:00:00,27967.523
2017-06-28 09:00:00,29996.36
2017-06-28 10:00:00,30714.734
2017-06-28 11:00:00,31684.562
2017-06-28 12:00:00,32609.297
2017-06-28 13:00:00,33581.113
2017-06-28 14:00:00,34242.832
2017-06-28 15:00:00,35503.35
2017-06-28 16:00:00,36143.582
2017-06-28 17:00:00,37123.973
2017-06-28 18:00:00,37687.605
2017-06-28 19:00:00,37702.676
2017-06-28 20:00:00,36181.76
2017-06-28 21:00:00,34381.195
2017-06-28 22:00:00,33681.055
2017-06-28 23:00:00,32543.29
2017-06-29 00:00:00,28605.252
2017-06-29 01:00:00,26601.715
2017-06-29 02:00:00,24566.422
2017-06-29 03:00:00,24048.865
2017-06-29 04:00:00,23567.115
2017-06-29 05:00:00,23672.41
2017-06-29 06:00:00,24684.049
2017-06-29 07:00:00,26536.875
2017-06-29 08:00:00,28958.707
2017-06-29 09:00:00,31384.107
2017-06-29 10:00:00,32967.68
2017-06-29 11:00:00,34582.348
2017-06-29 12:00:00,36268.61
2017-06-29 13:00:00,37773.37
2017-06-29 14:00:00,39289.3
2017-06-29 15:00:00,41235.25
2017-06-29 16:00:00,42407.96
2017-06-29 17:00:00,43600.082
2017-06-29 18:00:00,43923.188
2017-06-29 19:00:00,43768.277
2017-06-29 20:00:00,41880.94
2017-06-29 21:00:00,39733.42
2017-06-29 22:00:00,38737.26
2017-06-29 23:00:00,37452.773
2017-06-30 00:00:00,33253.668
2017-06-30 01:00:00,31242.139
2017-06-30 02:00:00,28767.266
2017-06-30 03:00:00,27824.406
2017-06-30 04:00:00,27152.459
2017-06-30 05:00:00,26963.35
2017-06-30 06:00:00,28027.11
2017-06-30 07:00:00,29884.14
2017-06-30 08:00:00,32352.877
2017-06-30 09:00:00,35492.47
2017-06-30 10:00:00,37589.215
2017-06-30 11:00:00,39779.99
2017-06-30 12:00:00,41781.33
2017-06-30 13:00:00,43764.266
2017-06-30 14:00:00,45706.973
2017-06-30 15:00:00,47073.14
2017-06-30 16:00:00,48548.277
2017-06-30 17:00:00,49025.52
2017-06-30 18:00:00,49135.71
2017-06-30 19:00:00,48111.37
2017-06-30 20:00:00,45563.33
2017-06-30 21:00:00,43188.133
2017-06-30 22:00:00,41305.15
2017-06-30 23:00:00,40021.98
2017-07-01 00:00:00,35516.46
2017-07-01 01:00:00,33475.67
2017-07-01 02:00:00,31353.377
2017-07-01 03:00:00,29955.75
2017-07-01 04:00:00,29517.416
2017-07-01 05:00:00,29042.32
2017-07-01 06:00:00,29250.578
2017-07-01 07:00:00,29766.703
2017-07-01 08:00:00,30516.775
2017-07-01 09:00:00,33433.15
2017-07-01 10:00:00,35869.227
2017-07-01 11:00:00,38094.2
2017-07-01 12:00:00,40157.46
2017-07-01 13:00:00,41331.31
2017-07-01 14:00:00,42457.67
2017-07-01 15:00:00,42851.91
2017-07-01 16:00:00,43389.586
2017-07-01 17:00:00,43320.4
2017-07-01 18:00:00,42372.668
2017-07-01 19:00:00,41979.434
2017-07-01 20:00:00,39683.91
2017-07-01 21:00:00,37890.133
2017-07-01 22:00:00,36374.945
2017-07-01 23:00:00,35842.9
2017-07-02 00:00:00,32406.283
2017-07-02 01:00:00,30762.367
2017-07-02 02:00:00,28403.934
2017-07-02 03:00:00,27264.365
2017-07-02 04:00:00,26569.367
2017-07-02 05:00:00,26017.178
2017-07-02 06:00:00,26175.408
2017-07-02 07:00:00,25956.043
2017-07-02 08:00:00,26892.613
2017-07-02 09:00:00,30585.432
2017-07-02 10:00:00,33714.555
2017-07-02 11:00:00,36220.168
2017-07-02 12:00:00,38358.223
2017-07-02 13:00:00,39855.39
2017-07-02 14:00:00,41038.957
2017-07-02 15:00:00,42068.78
2017-07-02 16:00:00,42745.246
2017-07-02 17:00:00,43727.008
2017-07-02 18:00:00,44397.918
2017-07-02 19:00:00,44281.082
2017-07-02 20:00:00,42855.664
2017-07-02 21:00:00,40807.957
2017-07-02 22:00:00,39120.25
2017-07-02 23:00:00,38294.23
2017-07-03 00:00:00,34039.465
2017-07-03 01:00:00,32228.398
2017-07-03 02:00:00,29458.838
2017-07-03 03:00:00,28379.322
2017-07-03 04:00:00,27409.889
2017-07-03 05:00:00,27097.588
2017-07-03 06:00:00,27842.453
2017-07-03 07:00:00,28975.012
2017-07-03 08:00:00,31216.328
2017-07-03 09:00:00,34695.094
2017-07-03 10:00:00,37043.785
2017-07-03 11:00:00,39622.117
2017-07-03 12:00:00,41569.91
2017-07-03 13:00:00,43120.734
2017-07-03 14:00:00,44368.484
2017-07-03 15:00:00,45692.355
2017-07-03 16:00:00,46401.617
2017-07-03 17:00:00,46872.78
2017-07-03 18:00:00,46775.168
2017-07-03 19:00:00,46227.406
2017-07-03 20:00:00,44215.883
2017-07-03 21:00:00,41954.69
2017-07-03 22:00:00,39522.38
2017-07-03 23:00:00,38388.695
2017-07-04 00:00:00,33895.523
2017-07-04 01:00:00,32293.863
2017-07-04 02:00:00,29495.686
2017-07-04 03:00:00,28473.861
2017-07-04 04:00:00,27550.04
2017-07-04 05:00:00,27188.262
2017-07-04 06:00:00,27421.863
2017-07-04 07:00:00,27481.8
2017-07-04 08:00:00,27944.75
2017-07-04 09:00:00,30574.72
2017-07-04 10:00:00,32945.977
2017-07-04 11:00:00,35624.926
2017-07-04 12:00:00,37501.24
2017-07-04 13:00:00,39395.96
2017-07-04 14:00:00,40625.06
2017-07-04 15:00:00,41884.75
2017-07-04 16:00:00,42593.582
2017-07-04 17:00:00,42864.043
2017-07-04 18:00:00,42742.695
2017-07-04 19:00:00,42061.52
2017-07-04 20:00:00,39938.445
2017-07-04 21:00:00,37845.56
2017-07-04 22:00:00,36266.676
2017-07-04 23:00:00,34911.39
2017-07-05 00:00:00,32611.604
2017-07-05 01:00:00,30264.441
2017-07-05 02:00:00,28084.799
2017-07-05 03:00:00,26923.037
2017-07-05 04:00:00,26208.072
2017-07-05 05:00:00,26114.053
2017-07-05 06:00:00,27315.754
2017-07-05 07:00:00,29366.145
2017-07-05 08:00:00,32154.045
2017-07-05 09:00:00,34646.465
2017-07-05 10:00:00,36004.797
2017-07-05 11:00:00,37660.73
2017-07-05 12:00:00,39138.848
2017-07-05 13:00:00,40493.03
2017-07-05 14:00:00,41746.863
2017-07-05 15:00:00,42877.324
2017-07-05 16:00:00,43159.703
2017-07-05 17:00:00,43415.504
2017-07-05 18:00:00,43245.676
2017-07-05 19:00:00,42882.54
2017-07-05 20:00:00,40722.03
2017-07-05 21:00:00,38992.434
2017-07-05 22:00:00,37677.457
2017-07-05 23:00:00,36356.59
2017-07-06 00:00:00,32231.08
2017-07-06 01:00:00,30365.475
2017-07-06 02:00:00,28075.418
2017-07-06 03:00:00,27322.97
2017-07-06 04:00:00,26947.768
2017-07-06 05:00:00,26893.156
2017-07-06 06:00:00,28149.637
2017-07-06 07:00:00,30359.719
2017-07-06 08:00:00,32945.83
2017-07-06 09:00:00,34825.312
2017-07-06 10:00:00,35797.668
2017-07-06 11:00:00,36738.938
2017-07-06 12:00:00,37188.184
2017-07-06 13:00:00,37837.047
2017-07-06 14:00:00,38024.87
2017-07-06 15:00:00,38639.13
2017-07-06 16:00:00,38521.27
2017-07-06 17:00:00,38459.3
2017-07-06 18:00:00,38297.035
2017-07-06 19:00:00,37846.02
2017-07-06 20:00:00,36804.062
2017-07-06 21:00:00,35966.59
2017-07-06 22:00:00,36006.582
2017-07-06 23:00:00,34484.535
2017-07-07 00:00:00,31241.963
2017-07-07 01:00:00,29375.184
2017-07-07 02:00:00,27436.19
2017-07-07 03:00:00,26735.951
2017-07-07 04:00:00,26361.305
2017-07-07 05:00:00,26507.336
2017-07-07 06:00:00,27708.32
2017-07-07 07:00:00,29954.078
2017-07-07 08:00:00,32311.326
2017-07-07 09:00:00,34381.35
2017-07-07 10:00:00,35672.562
2017-07-07 11:00:00,36794.875
2017-07-07 12:00:00,37468.305
2017-07-07 13:00:00,38296.69
2017-07-07 14:00:00,39267.23
2017-07-07 15:00:00,40562.605
2017-07-07 16:00:00,41652.12
2017-07-07 17:00:00,42999.727
2017-07-07 18:00:00,43936.848
2017-07-07 19:00:00,44098.305
2017-07-07 20:00:00,42290.586
2017-07-07 21:00:00,40079.64
2017-07-07 22:00:00,38012.96
2017-07-07 23:00:00,36465.984
2017-07-08 00:00:00,32471.07
2017-07-08 01:00:00,30697.834
2017-07-08 02:00:00,28196.943
2017-07-08 03:00:00,27133.748
2017-07-08 04:00:00,26387.975
2017-07-08 05:00:00,25835.8
2017-07-08 06:00:00,26068.623
2017-07-08 07:00:00,26283.29
2017-07-08 08:00:00,27183.607
2017-07-08 09:00:00,30293.475
2017-07-08 10:00:00,33119.465
2017-07-08 11:00:00,35248.688
2017-07-08 12:00:00,37469.51
2017-07-08 13:00:00,38876.773
2017-07-08 14:00:00,40005.723
2017-07-08 15:00:00,40863.65
2017-07-08 16:00:00,41507.562
2017-07-08 17:00:00,41987.29
2017-07-08 18:00:00,42151.32
2017-07-08 19:00:00,41365.008
2017-07-08 20:00:00,39612.504
2017-07-08 21:00:00,37459.984
2017-07-08 22:00:00,35354.902
2017-07-08 23:00:00,34833.883
2017-07-09 00:00:00,30935.088
2017-07-09 01:00:00,29176.906
2017-07-09 02:00:00,26693.975
2017-07-09 03:00:00,25388.057
2017-07-09 04:00:00,24637.074
2017-07-09 05:00:00,24095.139
2017-07-09 06:00:00,23991.633
2017-07-09 07:00:00,23745.62
2017-07-09 08:00:00,24371.416
2017-07-09 09:00:00,27167.643
2017-07-09 10:00:00,29611.766
2017-07-09 11:00:00,31339.512
2017-07-09 12:00:00,33164.547
2017-07-09 13:00:00,34335.785
2017-07-09 14:00:00,35068.703
2017-07-09 15:00:00,35980.035
2017-07-09 16:00:00,36821.36
2017-07-09 17:00:00,37884.23
2017-07-09 18:00:00,38850.37
2017-07-09 19:00:00,39239.52
2017-07-09 20:00:00,38313.984
2017-07-09 21:00:00,36610.36
2017-07-09 22:00:00,34562.12
2017-07-09 23:00:00,33855.137
2017-07-10 00:00:00,29556.385
2017-07-10 01:00:00,27342.416
2017-07-10 02:00:00,25371.234
2017-07-10 03:00:00,24454.377
2017-07-10 04:00:00,24114.934
2017-07-10 05:00:00,24051.479
2017-07-10 06:00:00,25284.852
2017-07-10 07:00:00,27227.334
2017-07-10 08:00:00,29629.299
2017-07-10 09:00:00,32552.123
2017-07-10 10:00:00,33987.902
2017-07-10 11:00:00,36170.24
2017-07-10 12:00:00,38299.66
2017-07-10 13:00:00,39604.188
2017-07-10 14:00:00,41742.055
2017-07-10 15:00:00,43340.72
2017-07-10 16:00:00,44312.19
2017-07-10 17:00:00,45336.547
2017-07-10 18:00:00,46007.2
2017-07-10 19:00:00,45582.83
2017-07-10 20:00:00,43924.457
2017-07-10 21:00:00,41829.64
2017-07-10 22:00:00,40569.305
2017-07-10 23:00:00,38641.652
2017-07-11 00:00:00,34460.113
2017-07-11 01:00:00,32206.33
2017-07-11 02:00:00,30067.578
2017-07-11 03:00:00,29379.496
2017-07-11 04:00:00,28858.807
2017-07-11 05:00:00,28648.768
2017-07-11 06:00:00,29826.033
2017-07-11 07:00:00,31933.29
2017-07-11 08:00:00,34597.945
2017-07-11 09:00:00,37320.316
2017-07-11 10:00:00,38485.746
2017-07-11 11:00:00,40779.88
2017-07-11 12:00:00,42805.73
2017-07-11 13:00:00,44820.895
2017-07-11 14:00:00,46086.93
2017-07-11 15:00:00,47305.406
2017-07-11 16:00:00,47319.74
2017-07-11 17:00:00,47977.27
2017-07-11 18:00:00,48172.266
2017-07-11 19:00:00,48069.906
2017-07-11 20:00:00,46234.383
2017-07-11 21:00:00,44719.9
2017-07-11 22:00:00,43119.926
2017-07-11 23:00:00,41070.89
2017-07-12 00:00:00,36404.336
2017-07-12 01:00:00,34293.06
2017-07-12 02:00:00,31633.021
2017-07-12 03:00:00,31049.496
2017-07-12 04:00:00,30459.115
2017-07-12 05:00:00,30597.541
2017-07-12 06:00:00,31659.926
2017-07-12 07:00:00,33874.94
2017-07-12 08:00:00,36317.777
2017-07-12 09:00:00,39141.56
2017-07-12 10:00:00,40844.27
2017-07-12 11:00:00,43416.06
2017-07-12 12:00:00,45510.996
2017-07-12 13:00:00,47284.64
2017-07-12 14:00:00,48596.766
2017-07-12 15:00:00,49908.7
2017-07-12 16:00:00,50034.625
2017-07-12 17:00:00,50008.55
2017-07-12 18:00:00,49979.97
2017-07-12 19:00:00,49786.527
2017-07-12 20:00:00,48229.24
2017-07-12 21:00:00,46675.324
2017-07-12 22:00:00,44992.07
2017-07-12 23:00:00,43201.066
2017-07-13 00:00:00,38164.555
2017-07-13 01:00:00,35962.49
2017-07-13 02:00:00,33205.547
2017-07-13 03:00:00,32509.531
2017-07-13 04:00:00,31904.371
2017-07-13 05:00:00,31858.36
2017-07-13 06:00:00,33020.387
2017-07-13 07:00:00,35091.66
2017-07-13 08:00:00,37524.56
2017-07-13 09:00:00,41364.59
2017-07-13 10:00:00,43455.547
2017-07-13 11:00:00,46443.246
2017-07-13 12:00:00,49079.406
2017-07-13 13:00:00,50880.773
2017-07-13 14:00:00,51860.582
2017-07-13 15:00:00,52192.797
2017-07-13 16:00:00,51863.215
2017-07-13 17:00:00,51223.77
2017-07-13 18:00:00,50438.617
2017-07-13 19:00:00,48141.28
2017-07-13 20:00:00,46586.152
2017-07-13 21:00:00,44453.125
2017-07-13 22:00:00,43304.42
2017-07-13 23:00:00,41269.914
2017-07-14 00:00:00,36987.582
2017-07-14 01:00:00,34752.195
2017-07-14 02:00:00,32261.934
2017-07-14 03:00:00,31403.295
2017-07-14 04:00:00,30910.877
2017-07-14 05:00:00,30637.084
2017-07-14 06:00:00,31853.99
2017-07-14 07:00:00,34030.72
2017-07-14 08:00:00,36175.99
2017-07-14 09:00:00,38228.65
2017-07-14 10:00:00,39547.656
2017-07-14 11:00:00,40749.477
2017-07-14 12:00:00,41762.516
2017-07-14 13:00:00,42540.887
2017-07-14 14:00:00,43107.94
2017-07-14 15:00:00,43756.637
2017-07-14 16:00:00,43110.67
2017-07-14 17:00:00,43331.13
2017-07-14 18:00:00,41869.254
2017-07-14 19:00:00,40584.473
2017-07-14 20:00:00,39047.324
2017-07-14 21:00:00,37501.973
2017-07-14 22:00:00,37146.5
2017-07-14 23:00:00,35923.15
2017-07-15 00:00:00,32758.082
2017-07-15 01:00:00,31093.027
2017-07-15 02:00:00,28838.834
2017-07-15 03:00:00,28181.428
2017-07-15 04:00:00,27392.084
2017-07-15 05:00:00,27304.596
2017-07-15 06:00:00,27724.611
2017-07-15 07:00:00,28469.273
2017-07-15 08:00:00,29086.775
2017-07-15 09:00:00,31837.67
2017-07-15 10:00:00,34614.508
2017-07-15 11:00:00,36283.293
2017-07-15 12:00:00,38131.76
2017-07-15 13:00:00,39475.453
2017-07-15 14:00:00,40356.785
2017-07-15 15:00:00,40882.6
2017-07-15 16:00:00,41252.59
2017-07-15 17:00:00,41725.215
2017-07-15 18:00:00,42004.035
2017-07-15 19:00:00,41588.234
2017-07-15 20:00:00,40514.293
2017-07-15 21:00:00,38223.32
2017-07-15 22:00:00,36763.906
2017-07-15 23:00:00,35785.836
2017-07-16 00:00:00,31915.312
2017-07-16 01:00:00,29902.629
2017-07-16 02:00:00,27596.584
2017-07-16 03:00:00,26276.643
2017-07-16 04:00:00,25348.744
2017-07-16 05:00:00,24803.771
2017-07-16 06:00:00,24660.361
2017-07-16 07:00:00,24659.299
2017-07-16 08:00:00,25044.871
2017-07-16 09:00:00,28231.17
2017-07-16 10:00:00,31032.057
2017-07-16 11:00:00,33531.516
2017-07-16 12:00:00,35555.43
2017-07-16 13:00:00,37236.87
2017-07-16 14:00:00,38517.46
2017-07-16 15:00:00,39737.207
2017-07-16 16:00:00,40871.24
2017-07-16 17:00:00,42051.426
2017-07-16 18:00:00,42825.32
2017-07-16 19:00:00,43225.14
2017-07-16 20:00:00,42181.938
2017-07-16 21:00:00,40354.016
2017-07-16 22:00:00,38684.805
2017-07-16 23:00:00,37399.902
2017-07-17 00:00:00,33146.664
2017-07-17 01:00:00,31029.037
2017-07-17 02:00:00,28889.625
2017-07-17 03:00:00,27468.074
2017-07-17 04:00:00,27068.355
2017-07-17 05:00:00,27000.096
2017-07-17 06:00:00,28110.328
2017-07-17 07:00:00,30584.865
2017-07-17 08:00:00,32608.324
2017-07-17 09:00:00,36132.137
2017-07-17 10:00:00,38270.75
2017-07-17 11:00:00,40895.812
2017-07-17 12:00:00,43591.105
2017-07-17 13:00:00,45304.543
2017-07-17 14:00:00,46827.93
2017-07-17 15:00:00,47724.86
2017-07-17 16:00:00,47952.996
2017-07-17 17:00:00,47862.285
2017-07-17 18:00:00,47105.613
2017-07-17 19:00:00,45611.25
2017-07-17 20:00:00,43667.316
2017-07-17 21:00:00,41736.844
2017-07-17 22:00:00,40380.027
2017-07-17 23:00:00,38590.336
2017-07-18 00:00:00,34190.715
2017-07-18 01:00:00,32262.572
2017-07-18 02:00:00,29977.824
2017-07-18 03:00:00,28864.518
2017-07-18 04:00:00,28643.963
2017-07-18 05:00:00,28401.459
2017-07-18 06:00:00,29734.877
2017-07-18 07:00:00,32111.916
2017-07-18 08:00:00,34780.156
2017-07-18 09:00:00,37458.246
2017-07-18 10:00:00,39041.145
2017-07-18 11:00:00,41113.785
2017-07-18 12:00:00,43586.297
2017-07-18 13:00:00,45811.68
2017-07-18 14:00:00,47550.188
2017-07-18 15:00:00,49270.223
2017-07-18 16:00:00,50095.355
2017-07-18 17:00:00,50035.58
2017-07-18 18:00:00,50203.9
2017-07-18 19:00:00,49174.9
2017-07-18 20:00:00,47719.414
2017-07-18 21:00:00,45277.08
2017-07-18 22:00:00,43732.883
2017-07-18 23:00:00,41725.086
2017-07-19 00:00:00,36852.652
2017-07-19 01:00:00,34586.207
2017-07-19 02:00:00,32060.627
2017-07-19 03:00:00,31043.598
2017-07-19 04:00:00,30419.885
2017-07-19 05:00:00,30357.252
2017-07-19 06:00:00,31328.232
2017-07-19 07:00:00,33687.17
2017-07-19 08:00:00,36160.527
2017-07-19 09:00:00,39258.51
2017-07-19 10:00:00,41663.9
2017-07-19 11:00:00,44363.934
2017-07-19 12:00:00,46806.113
2017-07-19 13:00:00,48620.137
2017-07-19 14:00:00,50321.94
2017-07-19 15:00:00,51923.285
2017-07-19 16:00:00,52471.066
2017-07-19 17:00:00,52923.836
2017-07-19 18:00:00,52987.984
2017-07-19 19:00:00,52689.32
2017-07-19 20:00:00,50947.78
2017-07-19 21:00:00,48516.285
2017-07-19 22:00:00,46810.3
2017-07-19 23:00:00,44327.184
2017-07-20 00:00:00,39370.4
2017-07-20 01:00:00,37233.242
2017-07-20 02:00:00,33990.297
2017-07-20 03:00:00,33188.688
2017-07-20 04:00:00,32605.61
2017-07-20 05:00:00,32161.498
2017-07-20 06:00:00,33358.992
2017-07-20 07:00:00,35333.4
2017-07-20 08:00:00,37732.043
2017-07-20 09:00:00,41230.3
2017-07-20 10:00:00,43489.55
2017-07-20 11:00:00,46598.01
2017-07-20 12:00:00,49496.66
2017-07-20 13:00:00,51614.836
2017-07-20 14:00:00,53084.15
2017-07-20 15:00:00,54096.066
2017-07-20 16:00:00,54243.676
2017-07-20 17:00:00,54789.547
2017-07-20 18:00:00,54351.73
2017-07-20 19:00:00,53538.816
2017-07-20 20:00:00,51995.523
2017-07-20 21:00:00,49345.965
2017-07-20 22:00:00,47486.676
2017-07-20 23:00:00,44024.254
2017-07-21 00:00:00,39632.15
2017-07-21 01:00:00,37240.76
2017-07-21 02:00:00,34492.91
2017-07-21 03:00:00,33475.39
2017-07-21 04:00:00,32989.16
2017-07-21 05:00:00,32614.152
2017-07-21 06:00:00,33503.348
2017-07-21 07:00:00,35451.58
2017-07-21 08:00:00,37630.992
2017-07-21 09:00:00,41093.11
2017-07-21 10:00:00,42985.72
2017-07-21 11:00:00,45625.176
2017-07-21 12:00:00,48019.8
2017-07-21 13:00:00,49539.582
2017-07-21 14:00:00,51143.145
2017-07-21 15:00:00,51496.22
2017-07-21 16:00:00,52068.266
2017-07-21 17:00:00,52243.836
2017-07-21 18:00:00,52216.086
2017-07-21 19:00:00,52070.223
2017-07-21 20:00:00,49727.863
2017-07-21 21:00:00,47685.13
2017-07-21 22:00:00,46330.293
2017-07-21 23:00:00,43932.473
2017-07-22 00:00:00,40257.51
2017-07-22 01:00:00,37848.29
2017-07-22 02:00:00,35012.0
2017-07-22 03:00:00,33850.92
2017-07-22 04:00:00,32963.156
2017-07-22 05:00:00,32356.611
2017-07-22 06:00:00,32384.082
2017-07-22 07:00:00,32677.865
2017-07-22 08:00:00,33038.492
2017-07-22 09:00:00,36703.266
2017-07-22 10:00:00,39596.945
2017-07-22 11:00:00,42194.227
2017-07-22 12:00:00,44649.61
2017-07-22 13:00:00,46264.566
2017-07-22 14:00:00,47576.547
2017-07-22 15:00:00,48279.05
2017-07-22 16:00:00,47860.113
2017-07-22 17:00:00,46773.453
2017-07-22 18:00:00,46336.875
2017-07-22 19:00:00,44523.715
2017-07-22 20:00:00,42342.12
2017-07-22 21:00:00,40609.88
2017-07-22 22:00:00,40207.707
2017-07-22 23:00:00,38113.895
2017-07-23 00:00:00,35376.473
2017-07-23 01:00:00,32972.81
2017-07-23 02:00:00,31001.58
2017-07-23 03:00:00,29959.346
2017-07-23 04:00:00,29192.709
2017-07-23 05:00:00,28855.611
2017-07-23 06:00:00,29084.855
2017-07-23 07:00:00,29501.734
2017-07-23 08:00:00,29548.336
2017-07-23 09:00:00,32113.504
2017-07-23 10:00:00,35014.04
2017-07-23 11:00:00,36905.57
2017-07-23 12:00:00,38949.04
2017-07-23 13:00:00,40451.66
2017-07-23 14:00:00,41377.83
2017-07-23 15:00:00,41666.7
2017-07-23 16:00:00,41736.82
2017-07-23 17:00:00,42154.01
2017-07-23 18:00:00,42560.13
2017-07-23 19:00:00,41539.93
2017-07-23 20:00:00,40120.914
2017-07-23 21:00:00,38708.938
2017-07-23 22:00:00,38063.664
2017-07-23 23:00:00,36126.465
2017-07-24 00:00:00,33367.676
2017-07-24 01:00:00,31146.922
2017-07-24 02:00:00,29240.865
2017-07-24 03:00:00,28535.27
2017-07-24 04:00:00,27910.303
2017-07-24 05:00:00,28232.682
2017-07-24 06:00:00,29207.963
2017-07-24 07:00:00,31878.463
2017-07-24 08:00:00,34085.617
2017-07-24 09:00:00,36306.066
2017-07-24 10:00:00,37553.51
2017-07-24 11:00:00,39042.883
2017-07-24 12:00:00,40205.2
2017-07-24 13:00:00,41185.38
2017-07-24 14:00:00,42388.89
2017-07-24 15:00:00,43347.414
2017-07-24 16:00:00,43934.363
2017-07-24 17:00:00,44873.22
2017-07-24 18:00:00,45128.223
2017-07-24 19:00:00,44841.695
2017-07-24 20:00:00,42829.355
2017-07-24 21:00:00,40630.184
2017-07-24 22:00:00,38946.574
2017-07-24 23:00:00,36474.23
2017-07-25 00:00:00,32630.41
2017-07-25 01:00:00,30617.422
2017-07-25 02:00:00,28424.916
2017-07-25 03:00:00,27660.271
2017-07-25 04:00:00,26836.605
2017-07-25 05:00:00,26839.516
2017-07-25 06:00:00,27567.396
2017-07-25 07:00:00,29617.982
2017-07-25 08:00:00,31830.559
2017-07-25 09:00:00,33778.5
2017-07-25 10:00:00,34919.168
2017-07-25 11:00:00,35483.69
2017-07-25 12:00:00,36429.76
2017-07-25 13:00:00,37143.004
2017-07-25 14:00:00,37532.234
2017-07-25 15:00:00,38192.99
2017-07-25 16:00:00,38363.742
2017-07-25 17:00:00,38500.156
2017-07-25 18:00:00,38587.777
2017-07-25 19:00:00,37913.344
2017-07-25 20:00:00,36585.195
2017-07-25 21:00:00,35375.78
2017-07-25 22:00:00,35362.703
2017-07-25 23:00:00,33203.69
2017-07-26 00:00:00,29883.049
2017-07-26 01:00:00,27880.227
2017-07-26 02:00:00,25913.002
2017-07-26 03:00:00,25231.787
2017-07-26 04:00:00,24773.355
2017-07-26 05:00:00,24858.088
2017-07-26 06:00:00,25893.889
2017-07-26 07:00:00,28306.736
2017-07-26 08:00:00,30129.525
2017-07-26 09:00:00,32521.016
2017-07-26 10:00:00,33347.03
2017-07-26 11:00:00,34845.266
2017-07-26 12:00:00,35921.164
2017-07-26 13:00:00,36769.586
2017-07-26 14:00:00,37498.977
2017-07-26 15:00:00,38561.836
2017-07-26 16:00:00,39152.65
2017-07-26 17:00:00,39790.555
2017-07-26 18:00:00,40211.445
2017-07-26 19:00:00,39935.38
2017-07-26 20:00:00,38298.668
2017-07-26 21:00:00,36490.566
2017-07-26 22:00:00,36002.863
2017-07-26 23:00:00,33966.836
2017-07-27 00:00:00,30428.193
2017-07-27 01:00:00,28411.143
2017-07-27 02:00:00,26375.521
2017-07-27 03:00:00,25707.129
2017-07-27 04:00:00,25230.488
2017-07-27 05:00:00,25332.893
2017-07-27 06:00:00,26625.34
2017-07-27 07:00:00,28836.36
2017-07-27 08:00:00,31159.086
2017-07-27 09:00:00,33087.02
2017-07-27 10:00:00,34345.668
2017-07-27 11:00:00,35828.254
2017-07-27 12:00:00,37368.414
2017-07-27 13:00:00,38520.19
2017-07-27 14:00:00,39768.395
2017-07-27 15:00:00,40562.63
2017-07-27 16:00:00,40741.195
2017-07-27 17:00:00,40986.473
2017-07-27 18:00:00,41246.28
2017-07-27 19:00:00,41126.76
2017-07-27 20:00:00,39773.645
2017-07-27 21:00:00,38986.156
2017-07-27 22:00:00,38568.4
2017-07-27 23:00:00,36677.25
2017-07-28 00:00:00,33013.492
2017-07-28 01:00:00,30775.604
2017-07-28 02:00:00,28656.416
2017-07-28 03:00:00,27746.934
2017-07-28 04:00:00,27256.203
2017-07-28 05:00:00,27169.127
2017-07-28 06:00:00,28286.998
2017-07-28 07:00:00,30703.81
2017-07-28 08:00:00,32586.902
2017-07-28 09:00:00,35174.266
2017-07-28 10:00:00,36821.586
2017-07-28 11:00:00,38265.562
2017-07-28 12:00:00,40087.504
2017-07-28 13:00:00,41453.188
2017-07-28 14:00:00,42499.79
2017-07-28 15:00:00,43207.05
2017-07-28 16:00:00,43158.812
2017-07-28 17:00:00,42612.69
2017-07-28 18:00:00,42025.047
2017-07-28 19:00:00,40656.316
2017-07-28 20:00:00,38771.023
2017-07-28 21:00:00,37539.477
2017-07-28 22:00:00,37121.18
2017-07-28 23:00:00,34778.215
2017-07-29 00:00:00,32346.055
2017-07-29 01:00:00,30214.66
2017-07-29 02:00:00,28033.404
2017-07-29 03:00:00,27107.031
2017-07-29 04:00:00,26483.82
2017-07-29 05:00:00,25928.709
2017-07-29 06:00:00,26163.984
2017-07-29 07:00:00,26701.941
2017-07-29 08:00:00,26895.062
2017-07-29 09:00:00,28207.021
2017-07-29 10:00:00,30261.092
2017-07-29 11:00:00,30892.602
2017-07-29 12:00:00,31732.021
2017-07-29 13:00:00,31483.955
2017-07-29 14:00:00,31435.973
2017-07-29 15:00:00,31512.895
2017-07-29 16:00:00,31144.951
2017-07-29 17:00:00,31553.17
2017-07-29 18:00:00,31832.143
2017-07-29 19:00:00,32561.674
2017-07-29 20:00:00,31570.387
2017-07-29 21:00:00,30697.08
2017-07-29 22:00:00,30776.885
2017-07-29 23:00:00,29584.707
2017-07-30 00:00:00,26636.877
2017-07-30 01:00:00,24828.812
2017-07-30 02:00:00,23193.87
2017-07-30 03:00:00,22439.812
2017-07-30 04:00:00,22048.906
2017-07-30 05:00:00,21891.342
2017-07-30 06:00:00,21998.285
2017-07-30 07:00:00,22285.97
2017-07-30 08:00:00,22118.32
2017-07-30 09:00:00,24122.01
2017-07-30 10:00:00,25935.734
2017-07-30 11:00:00,27037.705
2017-07-30 12:00:00,28195.213
2017-07-30 13:00:00,29176.385
2017-07-30 14:00:00,30344.553
2017-07-30 15:00:00,31503.492
2017-07-30 16:00:00,32690.025
2017-07-30 17:00:00,34109.773
2017-07-30 18:00:00,35512.652
2017-07-30 19:00:00,36133.348
2017-07-30 20:00:00,35706.465
2017-07-30 21:00:00,34047.69
2017-07-30 22:00:00,33353.645
2017-07-30 23:00:00,31660.514
2017-07-31 00:00:00,27967.91
2017-07-31 01:00:00,25778.283
2017-07-31 02:00:00,24067.436
2017-07-31 03:00:00,23350.602
2017-07-31 04:00:00,23016.506
2017-07-31 05:00:00,23280.512
2017-07-31 06:00:00,24258.393
2017-07-31 07:00:00,26308.652
2017-07-31 08:00:00,27849.432
2017-07-31 09:00:00,30302.016
2017-07-31 10:00:00,32061.049
2017-07-31 11:00:00,33808.117
2017-07-31 12:00:00,36148.43
2017-07-31 13:00:00,37753.6
2017-07-31 14:00:00,39764.605
2017-07-31 15:00:00,41569.74
2017-07-31 16:00:00,43135.01
2017-07-31 17:00:00,44388.855
2017-07-31 18:00:00,45280.95
2017-07-31 19:00:00,45442.273
2017-07-31 20:00:00,43755.445
2017-07-31 21:00:00,41335.656
2017-07-31 22:00:00,39740.195
2017-07-31 23:00:00,37046.184
2017-08-01 00:00:00,32814.23
2017-08-01 01:00:00,30516.748
2017-08-01 02:00:00,28086.775
2017-08-01 03:00:00,27323.764
2017-08-01 04:00:00,26572.426
2017-08-01 05:00:00,26466.695
2017-08-01 06:00:00,27296.258
2017-08-01 07:00:00,29538.498
2017-08-01 08:00:00,31494.293
2017-08-01 09:00:00,34680.89
2017-08-01 10:00:00,36692.695
2017-08-01 11:00:00,38903.785
2017-08-01 12:00:00,41593.375
2017-08-01 13:00:00,43497.89
2017-08-01 14:00:00,45575.06
2017-08-01 15:00:00,47130.363
2017-08-01 16:00:00,48155.223
2017-08-01 17:00:00,48695.92
2017-08-01 18:00:00,48654.473
2017-08-01 19:00:00,47596.953
2017-08-01 20:00:00,44933.55
2017-08-01 21:00:00,42441.258
2017-08-01 22:00:00,41504.305
2017-08-01 23:00:00,38304.934
2017-08-02 00:00:00,34845.027
2017-08-02 01:00:00,32336.332
2017-08-02 02:00:00,30035.502
2017-08-02 03:00:00,29270.596
2017-08-02 04:00:00,28627.084
2017-08-02 05:00:00,28486.176
2017-08-02 06:00:00,29569.572
2017-08-02 07:00:00,31985.46
2017-08-02 08:00:00,34244.742
2017-08-02 09:00:00,36647.906
2017-08-02 10:00:00,38430.68
2017-08-02 11:00:00,40835.85
2017-08-02 12:00:00,43420.574
2017-08-02 13:00:00,45545.24
2017-08-02 14:00:00,46511.85
2017-08-02 15:00:00,46189.676
2017-08-02 16:00:00,44932.14
2017-08-02 17:00:00,43727.703
2017-08-02 18:00:00,42831.645
2017-08-02 19:00:00,41100.902
2017-08-02 20:00:00,39565.973
2017-08-02 21:00:00,37839.023
2017-08-02 22:00:00,37666.625
2017-08-02 23:00:00,35220.387
2017-08-03 00:00:00,31948.469
2017-08-03 01:00:00,29762.248
2017-08-03 02:00:00,27622.62
2017-08-03 03:00:00,26990.979
2017-08-03 04:00:00,26429.012
2017-08-03 05:00:00,26484.291
2017-08-03 06:00:00,27545.738
2017-08-03 07:00:00,29929.33
2017-08-03 08:00:00,32094.844
2017-08-03 09:00:00,34899.105
2017-08-03 10:00:00,36351.645
2017-08-03 11:00:00,38321.688
2017-08-03 12:00:00,40375.94
2017-08-03 13:00:00,42305.746
2017-08-03 14:00:00,44084.94
2017-08-03 15:00:00,45957.312
2017-08-03 16:00:00,46968.1
2017-08-03 17:00:00,47275.55
2017-08-03 18:00:00,46843.113
2017-08-03 19:00:00,44700.48
2017-08-03 20:00:00,42221.285
2017-08-03 21:00:00,39762.133
2017-08-03 22:00:00,39226.668
2017-08-03 23:00:00,36492.38
2017-08-04 00:00:00,33330.637
2017-08-04 01:00:00,31331.512
2017-08-04 02:00:00,28719.334
2017-08-04 03:00:00,28322.363
2017-08-04 04:00:00,27516.836
2017-08-04 05:00:00,27350.7
2017-08-04 06:00:00,28730.168
2017-08-04 07:00:00,30723.451
2017-08-04 08:00:00,32999.438
2017-08-04 09:00:00,35835.223
2017-08-04 10:00:00,37874.86
2017-08-04 11:00:00,39987.617
2017-08-04 12:00:00,42538.855
2017-08-04 13:00:00,44569.195
2017-08-04 14:00:00,46039.395
2017-08-04 15:00:00,47450.035
2017-08-04 16:00:00,47420.562
2017-08-04 17:00:00,47787.94
2017-08-04 18:00:00,47478.914
2017-08-04 19:00:00,46463.133
2017-08-04 20:00:00,43801.035
2017-08-04 21:00:00,40906.598
2017-08-04 22:00:00,39619.33
2017-08-04 23:00:00,36973.812
2017-08-05 00:00:00,34048.938
2017-08-05 01:00:00,32000.453
2017-08-05 02:00:00,29859.506
2017-08-05 03:00:00,29282.92
2017-08-05 04:00:00,28433.668
2017-08-05 05:00:00,27785.996
2017-08-05 06:00:00,27974.912
2017-08-05 07:00:00,28379.08
2017-08-05 08:00:00,28830.238
2017-08-05 09:00:00,30268.682
2017-08-05 10:00:00,32814.902
2017-08-05 11:00:00,33968.12
2017-08-05 12:00:00,34699.254
2017-08-05 13:00:00,34740.074
2017-08-05 14:00:00,34847.06
2017-08-05 15:00:00,34223.28
2017-08-05 16:00:00,35003.703
2017-08-05 17:00:00,35849.418
2017-08-05 18:00:00,36216.74
2017-08-05 19:00:00,35988.77
2017-08-05 20:00:00,34464.68
2017-08-05 21:00:00,32314.799
2017-08-05 22:00:00,32284.605
2017-08-05 23:00:00,30483.14
2017-08-06 00:00:00,27847.586
2017-08-06 01:00:00,25854.525
2017-08-06 02:00:00,24267.822
2017-08-06 03:00:00,23302.771
2017-08-06 04:00:00,22840.238
2017-08-06 05:00:00,22490.303
2017-08-06 06:00:00,22682.537
2017-08-06 07:00:00,22932.129
2017-08-06 08:00:00,22654.146
2017-08-06 09:00:00,24574.559
2017-08-06 10:00:00,26475.65
2017-08-06 11:00:00,27650.793
2017-08-06 12:00:00,28607.89
2017-08-06 13:00:00,29795.64
2017-08-06 14:00:00,30654.889
2017-08-06 15:00:00,31419.363
2017-08-06 16:00:00,32208.271
2017-08-06 17:00:00,32607.578
2017-08-06 18:00:00,33507.832
2017-08-06 19:00:00,33578.54
2017-08-06 20:00:00,33071.906
2017-08-06 21:00:00,31915.764
2017-08-06 22:00:00,32625.531
2017-08-06 23:00:00,30389.672
2017-08-07 00:00:00,27815.783
2017-08-07 01:00:00,25639.217
2017-08-07 02:00:00,24111.262
2017-08-07 03:00:00,23543.428
2017-08-07 04:00:00,23423.152
2017-08-07 05:00:00,23879.793
2017-08-07 06:00:00,25047.004
2017-08-07 07:00:00,27479.326
2017-08-07 08:00:00,29568.457
2017-08-07 09:00:00,31076.916
2017-08-07 10:00:00,32413.092
2017-08-07 11:00:00,33367.137
2017-08-07 12:00:00,34388.58
2017-08-07 13:00:00,34378.05
2017-08-07 14:00:00,34628.52
2017-08-07 15:00:00,34526.906
2017-08-07 16:00:00,34236.207
2017-08-07 17:00:00,34000.312
2017-08-07 18:00:00,33882.88
2017-08-07 19:00:00,34132.8
2017-08-07 20:00:00,33179.453
2017-08-07 21:00:00,32980.477
2017-08-07 22:00:00,33004.9
2017-08-07 23:00:00,30584.328
2017-08-08 00:00:00,27886.41
2017-08-08 01:00:00,26108.45
2017-08-08 02:00:00,24476.19
2017-08-08 03:00:00,24143.857
2017-08-08 04:00:00,23841.662
2017-08-08 05:00:00,24180.594
2017-08-08 06:00:00,25261.66
2017-08-08 07:00:00,27638.93
2017-08-08 08:00:00,30059.219
2017-08-08 09:00:00,31287.254
2017-08-08 10:00:00,32502.117
2017-08-08 11:00:00,33071.227
2017-08-08 12:00:00,34090.664
2017-08-08 13:00:00,34369.8
2017-08-08 14:00:00,35345.88
2017-08-08 15:00:00,35926.336
2017-08-08 16:00:00,36579.1
2017-08-08 17:00:00,36879.53
2017-08-08 18:00:00,37649.04
2017-08-08 19:00:00,37873.33
2017-08-08 20:00:00,36980.34
2017-08-08 21:00:00,35000.062
2017-08-08 22:00:00,34971.758
2017-08-08 23:00:00,32158.143
2017-08-09 00:00:00,28961.645
2017-08-09 01:00:00,26640.664
2017-08-09 02:00:00,24964.99
2017-08-09 03:00:00,24206.648
2017-08-09 04:00:00,23761.318
2017-08-09 05:00:00,23666.262
2017-08-09 06:00:00,24575.055
2017-08-09 07:00:00,26756.062
2017-08-09 08:00:00,28371.684
2017-08-09 09:00:00,30702.973
2017-08-09 10:00:00,31989.775
2017-08-09 11:00:00,33588.46
2017-08-09 12:00:00,35304.99
2017-08-09 13:00:00,36487.695
2017-08-09 14:00:00,37538.082
2017-08-09 15:00:00,39055.863
2017-08-09 16:00:00,40128.97
2017-08-09 17:00:00,41139.258
2017-08-09 18:00:00,41691.06
2017-08-09 19:00:00,41653.793
2017-08-09 20:00:00,39601.156
2017-08-09 21:00:00,37290.285
2017-08-09 22:00:00,36738.547
2017-08-09 23:00:00,33438.387
2017-08-10 00:00:00,30230.824
2017-08-10 01:00:00,27892.941
2017-08-10 02:00:00,25800.357
2017-08-10 03:00:00,25043.19
2017-08-10 04:00:00,24489.787
2017-08-10 05:00:00,24388.186
2017-08-10 06:00:00,25344.865
2017-08-10 07:00:00,27475.56
2017-08-10 08:00:00,29280.133
2017-08-10 09:00:00,31688.178
2017-08-10 10:00:00,33649.426
2017-08-10 11:00:00,35457.27
2017-08-10 12:00:00,37367.64
2017-08-10 13:00:00,38717.637
2017-08-10 14:00:00,39992.176
2017-08-10 15:00:00,41265.617
2017-08-10 16:00:00,41843.746
2017-08-10 17:00:00,42133.176
2017-08-10 18:00:00,41921.504
2017-08-10 19:00:00,40772.965
2017-08-10 20:00:00,38744.223
2017-08-10 21:00:00,36834.406
2017-08-10 22:00:00,36835.8
2017-08-10 23:00:00,33621.05
2017-08-11 00:00:00,30776.762
2017-08-11 01:00:00,28293.246
2017-08-11 02:00:00,26341.53
2017-08-11 03:00:00,25648.762
2017-08-11 04:00:00,25146.785
2017-08-11 05:00:00,25183.287
2017-08-11 06:00:00,26207.412
2017-08-11 07:00:00,28480.967
2017-08-11 08:00:00,30298.066
2017-08-11 09:00:00,32500.078
2017-08-11 10:00:00,34407.953
2017-08-11 11:00:00,35925.73
2017-08-11 12:00:00,37460.656
2017-08-11 13:00:00,38923.2
2017-08-11 14:00:00,39800.08
2017-08-11 15:00:00,40841.617
2017-08-11 16:00:00,40803.47
2017-08-11 17:00:00,40812.43
2017-08-11 18:00:00,40532.047
2017-08-11 19:00:00,39552.938
2017-08-11 20:00:00,37468.035
2017-08-11 21:00:00,36582.805
2017-08-11 22:00:00,36058.312
2017-08-11 23:00:00,33386.17
2017-08-12 00:00:00,31213.246
2017-08-12 01:00:00,28998.635
2017-08-12 02:00:00,27058.45
2017-08-12 03:00:00,26076.535
2017-08-12 04:00:00,25441.639
2017-08-12 05:00:00,25234.172
2017-08-12 06:00:00,25624.318
2017-08-12 07:00:00,26484.402
2017-08-12 08:00:00,27036.562
2017-08-12 09:00:00,28849.553
2017-08-12 10:00:00,31496.123
2017-08-12 11:00:00,33076.055
2017-08-12 12:00:00,34380.316
2017-08-12 13:00:00,35073.2
2017-08-12 14:00:00,35747.71
2017-08-12 15:00:00,36479.992
2017-08-12 16:00:00,37386.094
2017-08-12 17:00:00,37873.61
2017-08-12 18:00:00,38047.02
2017-08-12 19:00:00,37847.93
2017-08-12 20:00:00,36615.473
2017-08-12 21:00:00,35783.65
2017-08-12 22:00:00,35331.51
2017-08-12 23:00:00,33347.027
2017-08-13 00:00:00,31101.645
2017-08-13 01:00:00,29004.766
2017-08-13 02:00:00,27058.828
2017-08-13 03:00:00,26148.041
2017-08-13 04:00:00,25181.896
2017-08-13 05:00:00,24908.73
2017-08-13 06:00:00,24655.848
2017-08-13 07:00:00,25079.205
2017-08-13 08:00:00,24779.64
2017-08-13 09:00:00,27023.56
2017-08-13 10:00:00,29673.006
2017-08-13 11:00:00,31412.305
2017-08-13 12:00:00,33366.367
2017-08-13 13:00:00,34687.645
2017-08-13 14:00:00,35867.645
2017-08-13 15:00:00,36892.223
2017-08-13 16:00:00,37624.39
2017-08-13 17:00:00,38568.91
2017-08-13 18:00:00,39381.773
2017-08-13 19:00:00,39445.7
2017-08-13 20:00:00,38244.16
2017-08-13 21:00:00,36200.02
2017-08-13 22:00:00,36220.3
2017-08-13 23:00:00,32755.242
2017-08-14 00:00:00,30335.059
2017-08-14 01:00:00,27616.736
2017-08-14 02:00:00,25629.16
2017-08-14 03:00:00,24774.266
2017-08-14 04:00:00,24284.37
2017-08-14 05:00:00,24355.863
2017-08-14 06:00:00,25441.666
2017-08-14 07:00:00,27828.79
2017-08-14 08:00:00,29733.115
2017-08-14 09:00:00,31869.898
2017-08-14 10:00:00,33629.09
2017-08-14 11:00:00,35274.81
2017-08-14 12:00:00,36685.75
2017-08-14 13:00:00,37600.27
2017-08-14 14:00:00,38526.258
2017-08-14 15:00:00,39427.883
2017-08-14 16:00:00,39423.426
2017-08-14 17:00:00,39358.395
2017-08-14 18:00:00,39031.484
2017-08-14 19:00:00,38531.945
2017-08-14 20:00:00,37186.8
2017-08-14 21:00:00,36771.88
2017-08-14 22:00:00,36885.008
2017-08-14 23:00:00,33938.344
2017-08-15 00:00:00,31126.883
2017-08-15 01:00:00,28791.686
2017-08-15 02:00:00,27034.99
2017-08-15 03:00:00,26272.775
2017-08-15 04:00:00,26021.318
2017-08-15 05:00:00,26026.535
2017-08-15 06:00:00,27274.242
2017-08-15 07:00:00,29923.459
2017-08-15 08:00:00,32489.281
2017-08-15 09:00:00,33928.895
2017-08-15 10:00:00,35462.734
2017-08-15 11:00:00,36267.887
2017-08-15 12:00:00,37291.297
2017-08-15 13:00:00,37792.348
2017-08-15 14:00:00,38007.41
2017-08-15 15:00:00,38400.215
2017-08-15 16:00:00,38281.582
2017-08-15 17:00:00,38336.83
2017-08-15 18:00:00,38626.49
2017-08-15 19:00:00,38542.77
2017-08-15 20:00:00,37875.59
2017-08-15 21:00:00,37011.27
2017-08-15 22:00:00,37440.605
2017-08-15 23:00:00,34165.227
2017-08-16 00:00:00,31673.127
2017-08-16 01:00:00,28917.31
2017-08-16 02:00:00,27257.072
2017-08-16 03:00:00,26457.8
2017-08-16 04:00:00,26013.402
2017-08-16 05:00:00,26194.557
2017-08-16 06:00:00,27392.85
2017-08-16 07:00:00,29818.621
2017-08-16 08:00:00,32307.14
2017-08-16 09:00:00,33893.57
2017-08-16 10:00:00,35582.29
2017-08-16 11:00:00,37556.37
2017-08-16 12:00:00,39574.94
2017-08-16 13:00:00,41552.727
2017-08-16 14:00:00,43068.09
2017-08-16 15:00:00,44976.69
2017-08-16 16:00:00,45470.5
2017-08-16 17:00:00,46539.062
2017-08-16 18:00:00,46201.777
2017-08-16 19:00:00,45849.832
2017-08-16 20:00:00,43418.984
2017-08-16 21:00:00,41196.64
2017-08-16 22:00:00,40429.32
2017-08-16 23:00:00,36592.34
2017-08-17 00:00:00,33598.938
2017-08-17 01:00:00,30650.111
2017-08-17 02:00:00,28770.72
2017-08-17 03:00:00,27766.35
2017-08-17 04:00:00,27198.826
2017-08-17 05:00:00,26999.336
2017-08-17 06:00:00,27980.48
2017-08-17 07:00:00,30411.352
2017-08-17 08:00:00,32424.268
2017-08-17 09:00:00,34675.543
2017-08-17 10:00:00,36425.656
2017-08-17 11:00:00,38031.355
2017-08-17 12:00:00,40292.5
2017-08-17 13:00:00,42055.867
2017-08-17 14:00:00,44087.33
2017-08-17 15:00:00,45774.24
2017-08-17 16:00:00,46336.195
2017-08-17 17:00:00,47133.83
2017-08-17 18:00:00,46829.62
2017-08-17 19:00:00,46123.617
2017-08-17 20:00:00,43754.66
2017-08-17 21:00:00,41928.105
2017-08-17 22:00:00,41683.16
2017-08-17 23:00:00,37973.883
2017-08-18 00:00:00,35452.758
2017-08-18 01:00:00,32614.885
2017-08-18 02:00:00,30764.852
2017-08-18 03:00:00,30062.158
2017-08-18 04:00:00,29548.979
2017-08-18 05:00:00,29695.117
2017-08-18 06:00:00,30763.383
2017-08-18 07:00:00,33513.668
2017-08-18 08:00:00,36033.57
2017-08-18 09:00:00,37506.62
2017-08-18 10:00:00,39202.105
2017-08-18 11:00:00,40638.19
2017-08-18 12:00:00,42352.727
2017-08-18 13:00:00,43664.35
2017-08-18 14:00:00,45209.82
2017-08-18 15:00:00,46637.06
2017-08-18 16:00:00,47648.38
2017-08-18 17:00:00,48540.586
2017-08-18 18:00:00,47737.137
2017-08-18 19:00:00,45939.094
2017-08-18 20:00:00,42704.203
2017-08-18 21:00:00,40366.88
2017-08-18 22:00:00,39469.36
2017-08-18 23:00:00,36721.77
2017-08-19 00:00:00,34386.254
2017-08-19 01:00:00,32131.582
2017-08-19 02:00:00,30301.95
2017-08-19 03:00:00,29842.94
2017-08-19 04:00:00,28362.49
2017-08-19 05:00:00,28789.854
2017-08-19 06:00:00,28671.3
2017-08-19 07:00:00,29427.328
2017-08-19 08:00:00,29806.871
2017-08-19 09:00:00,32132.816
2017-08-19 10:00:00,35947.01
2017-08-19 11:00:00,37796.48
2017-08-19 12:00:00,39783.41
2017-08-19 13:00:00,41266.26
2017-08-19 14:00:00,42126.883
2017-08-19 15:00:00,42742.938
2017-08-19 16:00:00,43322.0
2017-08-19 17:00:00,43855.953
2017-08-19 18:00:00,44244.934
2017-08-19 19:00:00,43731.043
2017-08-19 20:00:00,41919.395
2017-08-19 21:00:00,39600.418
2017-08-19 22:00:00,38879.727
2017-08-19 23:00:00,35233.43
2017-08-20 00:00:00,32514.027
2017-08-20 01:00:00,30274.82
2017-08-20 02:00:00,27882.416
2017-08-20 03:00:00,26703.484
2017-08-20 04:00:00,25659.914
2017-08-20 05:00:00,25173.547
2017-08-20 06:00:00,24973.35
2017-08-20 07:00:00,25383.072
2017-08-20 08:00:00,25158.602
2017-08-20 09:00:00,27204.893
2017-08-20 10:00:00,30186.98
2017-08-20 11:00:00,32053.867
2017-08-20 12:00:00,33771.555
2017-08-20 13:00:00,35489.23
2017-08-20 14:00:00,36609.387
2017-08-20 15:00:00,37869.402
2017-08-20 16:00:00,38906.99
2017-08-20 17:00:00,40245.01
2017-08-20 18:00:00,41085.637
2017-08-20 19:00:00,41223.45
2017-08-20 20:00:00,39718.285
2017-08-20 21:00:00,37485.246
2017-08-20 22:00:00,37360.176
2017-08-20 23:00:00,33414.76
2017-08-21 00:00:00,31117.236
2017-08-21 01:00:00,28633.414
2017-08-21 02:00:00,26538.857
2017-08-21 03:00:00,25804.148
2017-08-21 04:00:00,25320.19
2017-08-21 05:00:00,25270.578
2017-08-21 06:00:00,26376.168
2017-08-21 07:00:00,29136.084
2017-08-21 08:00:00,31095.994
2017-08-21 09:00:00,33216.355
2017-08-21 10:00:00,35629.53
2017-08-21 11:00:00,37916.664
2017-08-21 12:00:00,40224.88
2017-08-21 13:00:00,42578.312
2017-08-21 14:00:00,44938.45
2017-08-21 15:00:00,46913.703
2017-08-21 16:00:00,45753.523
2017-08-21 17:00:00,45064.46
2017-08-21 18:00:00,46691.176
2017-08-21 19:00:00,44955.473
2017-08-21 20:00:00,43586.33
2017-08-21 21:00:00,41905.63
2017-08-21 22:00:00,41393.62
2017-08-21 23:00:00,37525.598
2017-08-22 00:00:00,34568.875
2017-08-22 01:00:00,31775.611
2017-08-22 02:00:00,29982.719
2017-08-22 03:00:00,29299.492
2017-08-22 04:00:00,28776.613
2017-08-22 05:00:00,28891.594
2017-08-22 06:00:00,29982.484
2017-08-22 07:00:00,32943.914
2017-08-22 08:00:00,35492.137
2017-08-22 09:00:00,37315.97
2017-08-22 10:00:00,39483.617
2017-08-22 11:00:00,41536.973
2017-08-22 12:00:00,44132.297
2017-08-22 13:00:00,46566.52
2017-08-22 14:00:00,49006.65
2017-08-22 15:00:00,50982.66
2017-08-22 16:00:00,51800.652
2017-08-22 17:00:00,52532.516
2017-08-22 18:00:00,51985.758
2017-08-22 19:00:00,51288.324
2017-08-22 20:00:00,48673.645
2017-08-22 21:00:00,46965.64
2017-08-22 22:00:00,45662.797
2017-08-22 23:00:00,41344.047
2017-08-23 00:00:00,38014.305
2017-08-23 01:00:00,33956.57
2017-08-23 02:00:00,32281.672
2017-08-23 03:00:00,31230.232
2017-08-23 04:00:00,30736.217
2017-08-23 05:00:00,30639.582
2017-08-23 06:00:00,31619.264
2017-08-23 07:00:00,34162.324
2017-08-23 08:00:00,36506.953
2017-08-23 09:00:00,37301.184
2017-08-23 10:00:00,38852.305
2017-08-23 11:00:00,39705.984
2017-08-23 12:00:00,40885.582
2017-08-23 13:00:00,41784.535
2017-08-23 14:00:00,42731.08
2017-08-23 15:00:00,43253.785
2017-08-23 16:00:00,43585.098
2017-08-23 17:00:00,43571.1
2017-08-23 18:00:00,43624.12
2017-08-23 19:00:00,42817.42
2017-08-23 20:00:00,40584.21
2017-08-23 21:00:00,38174.246
2017-08-23 22:00:00,37900.01
2017-08-23 23:00:00,33621.777
2017-08-24 00:00:00,31061.06
2017-08-24 01:00:00,28422.926
2017-08-24 02:00:00,26711.936
2017-08-24 03:00:00,25781.754
2017-08-24 04:00:00,25316.422
2017-08-24 05:00:00,25167.715
2017-08-24 06:00:00,26134.783
2017-08-24 07:00:00,28611.074
2017-08-24 08:00:00,30525.553
2017-08-24 09:00:00,31718.318
2017-08-24 10:00:00,33178.203
2017-08-24 11:00:00,34233.793
2017-08-24 12:00:00,35592.74
2017-08-24 13:00:00,36692.54
2017-08-24 14:00:00,37577.51
2017-08-24 15:00:00,38776.383
2017-08-24 16:00:00,39347.594
2017-08-24 17:00:00,39720.793
2017-08-24 18:00:00,39922.793
2017-08-24 19:00:00,38983.3
2017-08-24 20:00:00,37104.195
2017-08-24 21:00:00,35064.215
2017-08-24 22:00:00,35417.66
2017-08-24 23:00:00,31282.945
2017-08-25 00:00:00,29226.164
2017-08-25 01:00:00,26775.098
2017-08-25 02:00:00,25101.055
2017-08-25 03:00:00,24532.666
2017-08-25 04:00:00,24082.275
2017-08-25 05:00:00,24042.969
2017-08-25 06:00:00,25157.61
2017-08-25 07:00:00,27121.834
2017-08-25 08:00:00,29352.477
2017-08-25 09:00:00,30527.182
2017-08-25 10:00:00,32112.79
2017-08-25 11:00:00,33226.945
2017-08-25 12:00:00,34587.387
2017-08-25 13:00:00,35375.18
2017-08-25 14:00:00,36457.863
2017-08-25 15:00:00,37129.812
2017-08-25 16:00:00,37340.043
2017-08-25 17:00:00,37377.89
2017-08-25 18:00:00,36984.74
2017-08-25 19:00:00,35965.824
2017-08-25 20:00:00,34027.004
2017-08-25 21:00:00,33236.715
2017-08-25 22:00:00,33470.367
2017-08-25 23:00:00,30455.18
2017-08-26 00:00:00,28519.605
2017-08-26 01:00:00,25933.064
2017-08-26 02:00:00,24419.797
2017-08-26 03:00:00,23740.678
2017-08-26 04:00:00,23036.238
2017-08-26 05:00:00,22989.533
2017-08-26 06:00:00,23230.398
2017-08-26 07:00:00,23852.0
2017-08-26 08:00:00,24462.264
2017-08-26 09:00:00,25537.484
2017-08-26 10:00:00,27953.898
2017-08-26 11:00:00,29187.922
2017-08-26 12:00:00,30322.574
2017-08-26 13:00:00,30923.932
2017-08-26 14:00:00,31611.312
2017-08-26 15:00:00,32398.918
2017-08-26 16:00:00,33150.09
2017-08-26 17:00:00,33703.74
2017-08-26 18:00:00,33863.99
2017-08-26 19:00:00,33722.16
2017-08-26 20:00:00,32407.406
2017-08-26 21:00:00,31000.727
2017-08-26 22:00:00,31306.672
2017-08-26 23:00:00,27944.783
2017-08-27 00:00:00,26222.66
2017-08-27 01:00:00,24653.668
2017-08-27 02:00:00,22606.203
2017-08-27 03:00:00,22697.78
2017-08-27 04:00:00,22050.973
2017-08-27 05:00:00,21806.719
2017-08-27 06:00:00,21974.334
2017-08-27 07:00:00,22291.432
2017-08-27 08:00:00,22362.852
2017-08-27 09:00:00,23327.705
2017-08-27 10:00:00,25549.842
2017-08-27 11:00:00,26469.215
2017-08-27 12:00:00,27497.402
2017-08-27 13:00:00,28453.527
2017-08-27 14:00:00,29150.73
2017-08-27 15:00:00,29851.75
2017-08-27 16:00:00,30598.334
2017-08-27 17:00:00,31456.682
2017-08-27 18:00:00,32162.904
2017-08-27 19:00:00,32221.041
2017-08-27 20:00:00,31117.088
2017-08-27 21:00:00,30983.72
2017-08-27 22:00:00,31246.848
2017-08-27 23:00:00,27696.434
2017-08-28 00:00:00,25797.133
2017-08-28 01:00:00,23836.584
2017-08-28 02:00:00,22594.807
2017-08-28 03:00:00,22338.1
2017-08-28 04:00:00,22122.072
2017-08-28 05:00:00,22361.256
2017-08-28 06:00:00,23418.95
2017-08-28 07:00:00,25930.914
2017-08-28 08:00:00,27902.717
2017-08-28 09:00:00,28598.322
2017-08-28 10:00:00,30145.61
2017-08-28 11:00:00,31005.176
2017-08-28 12:00:00,31875.285
2017-08-28 13:00:00,32383.816
2017-08-28 14:00:00,33038.004
2017-08-28 15:00:00,33976.945
2017-08-28 16:00:00,34049.145
2017-08-28 17:00:00,34343.504
2017-08-28 18:00:00,34243.523
2017-08-28 19:00:00,33787.074
2017-08-28 20:00:00,32230.713
2017-08-28 21:00:00,32463.645
2017-08-28 22:00:00,32217.75
2017-08-28 23:00:00,28541.84
2017-08-29 00:00:00,26455.896
2017-08-29 01:00:00,24440.383
2017-08-29 02:00:00,23143.045
2017-08-29 03:00:00,22860.076
2017-08-29 04:00:00,22729.03
2017-08-29 05:00:00,23034.04
2017-08-29 06:00:00,24209.184
2017-08-29 07:00:00,26664.035
2017-08-29 08:00:00,29722.041
2017-08-29 09:00:00,30134.361
2017-08-29 10:00:00,31265.71
2017-08-29 11:00:00,31909.715
2017-08-29 12:00:00,32266.17
2017-08-29 13:00:00,32463.365
2017-08-29 14:00:00,32457.867
2017-08-29 15:00:00,32792.027
2017-08-29 16:00:00,32182.65
2017-08-29 17:00:00,32205.984
2017-08-29 18:00:00,32050.262
2017-08-29 19:00:00,31790.402
2017-08-29 20:00:00,30969.64
2017-08-29 21:00:00,31063.637
2017-08-29 22:00:00,30371.97
2017-08-29 23:00:00,27438.639
2017-08-30 00:00:00,25291.45
2017-08-30 01:00:00,23661.1
2017-08-30 02:00:00,22639.564
2017-08-30 03:00:00,22372.799
2017-08-30 04:00:00,22309.684
2017-08-30 05:00:00,22510.941
2017-08-30 06:00:00,23570.56
2017-08-30 07:00:00,25964.22
2017-08-30 08:00:00,28509.518
2017-08-30 09:00:00,28763.988
2017-08-30 10:00:00,29731.371
2017-08-30 11:00:00,30263.861
2017-08-30 12:00:00,30872.826
2017-08-30 13:00:00,31973.115
2017-08-30 14:00:00,32603.902
2017-08-30 15:00:00,33764.4
2017-08-30 16:00:00,34191.844
2017-08-30 17:00:00,34876.766
2017-08-30 18:00:00,35319.91
2017-08-30 19:00:00,35023.836
2017-08-30 20:00:00,33650.656
2017-08-30 21:00:00,33310.49
2017-08-30 22:00:00,33222.42
2017-08-30 23:00:00,29718.43
2017-08-31 00:00:00,27320.482
2017-08-31 01:00:00,25175.49
2017-08-31 02:00:00,24066.176
2017-08-31 03:00:00,23175.332
2017-08-31 04:00:00,23173.188
2017-08-31 05:00:00,23290.854
2017-08-31 06:00:00,24341.918
2017-08-31 07:00:00,26911.373
2017-08-31 08:00:00,29416.598
2017-08-31 09:00:00,30183.059
2017-08-31 10:00:00,31914.82
2017-08-31 11:00:00,33286.973
2017-08-31 12:00:00,34810.816
2017-08-31 13:00:00,36006.93
2017-08-31 14:00:00,37263.12
2017-08-31 15:00:00,38415.344
2017-08-31 16:00:00,38838.75
2017-08-31 17:00:00,38760.81
2017-08-31 18:00:00,38436.074
2017-08-31 19:00:00,37842.31
2017-08-31 20:00:00,35606.7
2017-08-31 21:00:00,35529.33
2017-08-31 22:00:00,34570.043
2017-08-31 23:00:00,31151.133
2017-09-01 00:00:00,28767.928
2017-09-01 01:00:00,26110.094
2017-09-01 02:00:00,24328.797
2017-09-01 03:00:00,23538.504
2017-09-01 04:00:00,23009.486
2017-09-01 05:00:00,23062.377
2017-09-01 06:00:00,23690.621
2017-09-01 07:00:00,25670.047
2017-09-01 08:00:00,27845.24
2017-09-01 09:00:00,28338.12
2017-09-01 10:00:00,29020.15
2017-09-01 11:00:00,29052.027
2017-09-01 12:00:00,29403.182
2017-09-01 13:00:00,29608.305
2017-09-01 14:00:00,29949.295
2017-09-01 15:00:00,30453.898
2017-09-01 16:00:00,30414.682
2017-09-01 17:00:00,30356.146
2017-09-01 18:00:00,30162.197
2017-09-01 19:00:00,29778.576
2017-09-01 20:00:00,28572.506
2017-09-01 21:00:00,29299.553
2017-09-01 22:00:00,28537.457
2017-09-01 23:00:00,26217.205
2017-09-02 00:00:00,24390.352
2017-09-02 01:00:00,22628.729
2017-09-02 02:00:00,21819.975
2017-09-02 03:00:00,21281.875
2017-09-02 04:00:00,21163.053
2017-09-02 05:00:00,21143.21
2017-09-02 06:00:00,21424.77
2017-09-02 07:00:00,22078.986
2017-09-02 08:00:00,22713.902
2017-09-02 09:00:00,23251.803
2017-09-02 10:00:00,25435.059
2017-09-02 11:00:00,26122.666
2017-09-02 12:00:00,26300.908
2017-09-02 13:00:00,26153.191
2017-09-02 14:00:00,26018.988
2017-09-02 15:00:00,25837.824
2017-09-02 16:00:00,25779.938
2017-09-02 17:00:00,25791.654
2017-09-02 18:00:00,26144.295
2017-09-02 19:00:00,26264.707
2017-09-02 20:00:00,26423.297
2017-09-02 21:00:00,27339.988
2017-09-02 22:00:00,26391.896
2017-09-02 23:00:00,24838.66
2017-09-03 00:00:00,23221.47
2017-09-03 01:00:00,22085.838
2017-09-03 02:00:00,21186.547
2017-09-03 03:00:00,20897.26
2017-09-03 04:00:00,20754.102
2017-09-03 05:00:00,20795.51
2017-09-03 06:00:00,21070.44
2017-09-03 07:00:00,21621.361
2017-09-03 08:00:00,22232.803
2017-09-03 09:00:00,22848.414
2017-09-03 10:00:00,24946.246
2017-09-03 11:00:00,25493.133
2017-09-03 12:00:00,26025.885
2017-09-03 13:00:00,26031.07
2017-09-03 14:00:00,26088.945
2017-09-03 15:00:00,26247.115
2017-09-03 16:00:00,26428.639
2017-09-03 17:00:00,26521.652
2017-09-03 18:00:00,27132.703
2017-09-03 19:00:00,27744.508
2017-09-03 20:00:00,27301.664
2017-09-03 21:00:00,27522.533
2017-09-03 22:00:00,27728.002
2017-09-03 23:00:00,25288.145
2017-09-04 00:00:00,23785.314
2017-09-04 01:00:00,22462.643
2017-09-04 02:00:00,21382.05
2017-09-04 03:00:00,21071.182
2017-09-04 04:00:00,20620.219
2017-09-04 05:00:00,20850.79
2017-09-04 06:00:00,21079.863
2017-09-04 07:00:00,21926.4
2017-09-04 08:00:00,22123.352
2017-09-04 09:00:00,22648.873
2017-09-04 10:00:00,24948.629
2017-09-04 11:00:00,26173.234
2017-09-04 12:00:00,27200.693
2017-09-04 13:00:00,28253.812
2017-09-04 14:00:00,28962.793
2017-09-04 15:00:00,29919.217
2017-09-04 16:00:00,30771.486
2017-09-04 17:00:00,31817.398
2017-09-04 18:00:00,32728.074
2017-09-04 19:00:00,33137.41
2017-09-04 20:00:00,32214.846
2017-09-04 21:00:00,32294.71
2017-09-04 22:00:00,32202.537
2017-09-04 23:00:00,28768.586
2017-09-05 00:00:00,26571.578
2017-09-05 01:00:00,24468.252
2017-09-05 02:00:00,23102.062
2017-09-05 03:00:00,22961.012
2017-09-05 04:00:00,22725.889
2017-09-05 05:00:00,22994.656
2017-09-05 06:00:00,24218.072
2017-09-05 07:00:00,27107.828
2017-09-05 08:00:00,29757.248
2017-09-05 09:00:00,30731.555
2017-09-05 10:00:00,32348.176
2017-09-05 11:00:00,33965.887
2017-09-05 12:00:00,35790.945
2017-09-05 13:00:00,37247.035
2017-09-05 14:00:00,39105.51
2017-09-05 15:00:00,40724.293
2017-09-05 16:00:00,41936.848
2017-09-05 17:00:00,42710.74
2017-09-05 18:00:00,42650.613
2017-09-05 19:00:00,41150.9
2017-09-05 20:00:00,38485.023
2017-09-05 21:00:00,37785.24
2017-09-05 22:00:00,35002.383
2017-09-05 23:00:00,32537.117
2017-09-06 00:00:00,29388.945
2017-09-06 01:00:00,27350.607
2017-09-06 02:00:00,25723.832
2017-09-06 03:00:00,25024.162
2017-09-06 04:00:00,24938.688
2017-09-06 05:00:00,24808.807
2017-09-06 06:00:00,25994.207
2017-09-06 07:00:00,28814.879
2017-09-06 08:00:00,32388.945
2017-09-06 09:00:00,32623.006
2017-09-06 10:00:00,33136.977
2017-09-06 11:00:00,33689.566
2017-09-06 12:00:00,33220.18
2017-09-06 13:00:00,33377.562
2017-09-06 14:00:00,33167.805
2017-09-06 15:00:00,33143.98
2017-09-06 16:00:00,32665.5
2017-09-06 17:00:00,32333.518
2017-09-06 18:00:00,32381.51
2017-09-06 19:00:00,32334.785
2017-09-06 20:00:00,31699.623
2017-09-06 21:00:00,31975.137
2017-09-06 22:00:00,30370.213
2017-09-06 23:00:00,27723.162
2017-09-07 00:00:00,25320.994
2017-09-07 01:00:00,23710.918
2017-09-07 02:00:00,22752.938
2017-09-07 03:00:00,22415.285
2017-09-07 04:00:00,22352.982
2017-09-07 05:00:00,22625.756
2017-09-07 06:00:00,23607.553
2017-09-07 07:00:00,26151.969
2017-09-07 08:00:00,29372.336
2017-09-07 09:00:00,28745.96
2017-09-07 10:00:00,29348.385
2017-09-07 11:00:00,29766.863
2017-09-07 12:00:00,30232.248
2017-09-07 13:00:00,30111.355
2017-09-07 14:00:00,30612.602
2017-09-07 15:00:00,31390.086
2017-09-07 16:00:00,31442.84
2017-09-07 17:00:00,31794.72
2017-09-07 18:00:00,32182.725
2017-09-07 19:00:00,31950.24
2017-09-07 20:00:00,30608.514
2017-09-07 21:00:00,31040.564
2017-09-07 22:00:00,30612.16
2017-09-07 23:00:00,27011.787
2017-09-08 00:00:00,24891.225
2017-09-08 01:00:00,23170.492
2017-09-08 02:00:00,22041.355
2017-09-08 03:00:00,21805.676
2017-09-08 04:00:00,21729.92
2017-09-08 05:00:00,21963.682
2017-09-08 06:00:00,22915.445
2017-09-08 07:00:00,25323.96
2017-09-08 08:00:00,28325.953
2017-09-08 09:00:00,27843.4
2017-09-08 10:00:00,28573.885
2017-09-08 11:00:00,28846.287
2017-09-08 12:00:00,29276.79
2017-09-08 13:00:00,29588.178
2017-09-08 14:00:00,30060.521
2017-09-08 15:00:00,30586.635
2017-09-08 16:00:00,30583.84
2017-09-08 17:00:00,30737.549
2017-09-08 18:00:00,30927.691
2017-09-08 19:00:00,30602.559
2017-09-08 20:00:00,29183.68
2017-09-08 21:00:00,29710.748
2017-09-08 22:00:00,28713.406
2017-09-08 23:00:00,26170.828
2017-09-09 00:00:00,24408.03
2017-09-09 01:00:00,22559.352
2017-09-09 02:00:00,21736.455
2017-09-09 03:00:00,21341.367
2017-09-09 04:00:00,21142.105
2017-09-09 05:00:00,21217.846
2017-09-09 06:00:00,21546.018
2017-09-09 07:00:00,22352.924
2017-09-09 08:00:00,23040.64
2017-09-09 09:00:00,23899.191
2017-09-09 10:00:00,25474.006
2017-09-09 11:00:00,25516.637
2017-09-09 12:00:00,25802.086
2017-09-09 13:00:00,25711.887
2017-09-09 14:00:00,25872.387
2017-09-09 15:00:00,25902.8
2017-09-09 16:00:00,25988.453
2017-09-09 17:00:00,26297.287
2017-09-09 18:00:00,26615.277
2017-09-09 19:00:00,26850.715
2017-09-09 20:00:00,26348.0
2017-09-09 21:00:00,27172.967
2017-09-09 22:00:00,26643.76
2017-09-09 23:00:00,24420.977
2017-09-10 00:00:00,23011.395
2017-09-10 01:00:00,21813.959
2017-09-10 02:00:00,20792.016
2017-09-10 03:00:00,20525.188
2017-09-10 04:00:00,20360.111
2017-09-10 05:00:00,20398.389
2017-09-10 06:00:00,20642.512
2017-09-10 07:00:00,21254.355
2017-09-10 08:00:00,21604.969
2017-09-10 09:00:00,22207.715
2017-09-10 10:00:00,23861.877
2017-09-10 11:00:00,24114.67
2017-09-10 12:00:00,24419.383
2017-09-10 13:00:00,24728.336
2017-09-10 14:00:00,25025.447
2017-09-10 15:00:00,25253.691
2017-09-10 16:00:00,25682.846
2017-09-10 17:00:00,26299.787
2017-09-10 18:00:00,27288.898
2017-09-10 19:00:00,27733.303
2017-09-10 20:00:00,27438.385
2017-09-10 21:00:00,28611.346
2017-09-10 22:00:00,27817.748
2017-09-10 23:00:00,24782.428
2017-09-11 00:00:00,22955.895
2017-09-11 01:00:00,21669.258
2017-09-11 02:00:00,20863.717
2017-09-11 03:00:00,20675.791
2017-09-11 04:00:00,20769.848
2017-09-11 05:00:00,21010.074
2017-09-11 06:00:00,22045.703
2017-09-11 07:00:00,24867.953
2017-09-11 08:00:00,27586.332
2017-09-11 09:00:00,27520.08
2017-09-11 10:00:00,27447.504
2017-09-11 11:00:00,27998.307
2017-09-11 12:00:00,28306.828
2017-09-11 13:00:00,28872.742
2017-09-11 14:00:00,29290.852
2017-09-11 15:00:00,30352.408
2017-09-11 16:00:00,30774.438
2017-09-11 17:00:00,31295.492
2017-09-11 18:00:00,31573.943
2017-09-11 19:00:00,31077.47
2017-09-11 20:00:00,30484.572
2017-09-11 21:00:00,31327.465
2017-09-11 22:00:00,29833.365
2017-09-11 23:00:00,26814.342
2017-09-12 00:00:00,24433.822
2017-09-12 01:00:00,22747.771
2017-09-12 02:00:00,21883.525
2017-09-12 03:00:00,21626.041
2017-09-12 04:00:00,21704.158
2017-09-12 05:00:00,21838.365
2017-09-12 06:00:00,22964.744
2017-09-12 07:00:00,25602.918
2017-09-12 08:00:00,28708.88
2017-09-12 09:00:00,28262.535
2017-09-12 10:00:00,28860.93
2017-09-12 11:00:00,29180.758
2017-09-12 12:00:00,29810.264
2017-09-12 13:00:00,30510.18
2017-09-12 14:00:00,31425.652
2017-09-12 15:00:00,32303.646
2017-09-12 16:00:00,32848.03
2017-09-12 17:00:00,33400.215
2017-09-12 18:00:00,33627.062
2017-09-12 19:00:00,33207.043
2017-09-12 20:00:00,32112.451
2017-09-12 21:00:00,32829.25
2017-09-12 22:00:00,31425.734
2017-09-12 23:00:00,28252.016
2017-09-13 00:00:00,25604.379
2017-09-13 01:00:00,23866.809
2017-09-13 02:00:00,22642.266
2017-09-13 03:00:00,22386.879
2017-09-13 04:00:00,22366.139
2017-09-13 05:00:00,22600.918
2017-09-13 06:00:00,23753.7
2017-09-13 07:00:00,26499.938
2017-09-13 08:00:00,29605.918
2017-09-13 09:00:00,29717.236
2017-09-13 10:00:00,30457.66
2017-09-13 11:00:00,31183.074
2017-09-13 12:00:00,32041.154
2017-09-13 13:00:00,33028.42
2017-09-13 14:00:00,33834.547
2017-09-13 15:00:00,34596.39
2017-09-13 16:00:00,34540.457
2017-09-13 17:00:00,34554.27
2017-09-13 18:00:00,34936.64
2017-09-13 19:00:00,35103.586
2017-09-13 20:00:00,34190.766
2017-09-13 21:00:00,35063.6
2017-09-13 22:00:00,33512.715
2017-09-13 23:00:00,30824.082
2017-09-14 00:00:00,27879.422
2017-09-14 01:00:00,25658.814
2017-09-14 02:00:00,24349.002
2017-09-14 03:00:00,23889.809
2017-09-14 04:00:00,23569.14
2017-09-14 05:00:00,24077.05
2017-09-14 06:00:00,25084.559
2017-09-14 07:00:00,28068.488
2017-09-14 08:00:00,31567.857
2017-09-14 09:00:00,32096.53
2017-09-14 10:00:00,32931.45
2017-09-14 11:00:00,33672.047
2017-09-14 12:00:00,34723.17
2017-09-14 13:00:00,35769.117
2017-09-14 14:00:00,36282.562
2017-09-14 15:00:00,37533.79
2017-09-14 16:00:00,37711.066
2017-09-14 17:00:00,37971.582
2017-09-14 18:00:00,37872.773
2017-09-14 19:00:00,37229.902
2017-09-14 20:00:00,35919.24
2017-09-14 21:00:00,36725.496
2017-09-14 22:00:00,34921.43
2017-09-14 23:00:00,32096.22
2017-09-15 00:00:00,29243.639
2017-09-15 01:00:00,26572.576
2017-09-15 02:00:00,25176.94
2017-09-15 03:00:00,24381.31
2017-09-15 04:00:00,24093.71
2017-09-15 05:00:00,24045.684
2017-09-15 06:00:00,24959.258
2017-09-15 07:00:00,27835.607
2017-09-15 08:00:00,31127.037
2017-09-15 09:00:00,31041.395
2017-09-15 10:00:00,32879.207
2017-09-15 11:00:00,34131.39
2017-09-15 12:00:00,35478.633
2017-09-15 13:00:00,36687.74
2017-09-15 14:00:00,37819.703
2017-09-15 15:00:00,39011.113
2017-09-15 16:00:00,39224.145
2017-09-15 17:00:00,39822.098
2017-09-15 18:00:00,39842.605
2017-09-15 19:00:00,38907.07
2017-09-15 20:00:00,36720.457
2017-09-15 21:00:00,36578.926
2017-09-15 22:00:00,34589.56
2017-09-15 23:00:00,32168.215
2017-09-16 00:00:00,29766.129
2017-09-16 01:00:00,27173.594
2017-09-16 02:00:00,25518.885
2017-09-16 03:00:00,24576.793
2017-09-16 04:00:00,24031.625
2017-09-16 05:00:00,23828.002
2017-09-16 06:00:00,24031.307
2017-09-16 07:00:00,25114.883
2017-09-16 08:00:00,25905.867
2017-09-16 09:00:00,27024.348
2017-09-16 10:00:00,30236.734
2017-09-16 11:00:00,32122.02
2017-09-16 12:00:00,34218.28
2017-09-16 13:00:00,35753.125
2017-09-16 14:00:00,36637.234
2017-09-16 15:00:00,37367.31
2017-09-16 16:00:00,37873.81
2017-09-16 17:00:00,38129.363
2017-09-16 18:00:00,38126.426
2017-09-16 19:00:00,37101.242
2017-09-16 20:00:00,35619.332
2017-09-16 21:00:00,35674.65
2017-09-16 22:00:00,33885.367
2017-09-16 23:00:00,31647.342
2017-09-17 00:00:00,29260.54
2017-09-17 01:00:00,26861.605
2017-09-17 02:00:00,25191.182
2017-09-17 03:00:00,24285.44
2017-09-17 04:00:00,23680.723
2017-09-17 05:00:00,23506.406
2017-09-17 06:00:00,23605.684
2017-09-17 07:00:00,24363.16
2017-09-17 08:00:00,25068.537
2017-09-17 09:00:00,25943.447
2017-09-17 10:00:00,28684.27
2017-09-17 11:00:00,29997.857
2017-09-17 12:00:00,31350.988
2017-09-17 13:00:00,32401.814
2017-09-17 14:00:00,34026.81
2017-09-17 15:00:00,35014.527
2017-09-17 16:00:00,36012.543
2017-09-17 17:00:00,36664.098
2017-09-17 18:00:00,37302.05
2017-09-17 19:00:00,37096.977
2017-09-17 20:00:00,35887.71
2017-09-17 21:00:00,36285.207
2017-09-17 22:00:00,34352.363
2017-09-17 23:00:00,31443.725
2017-09-18 00:00:00,28614.066
2017-09-18 01:00:00,26156.41
2017-09-18 02:00:00,24847.0
2017-09-18 03:00:00,24085.832
2017-09-18 04:00:00,23812.174
2017-09-18 05:00:00,24365.188
2017-09-18 06:00:00,25602.717
2017-09-18 07:00:00,28612.387
2017-09-18 08:00:00,32013.748
2017-09-18 09:00:00,32496.686
2017-09-18 10:00:00,33450.355
2017-09-18 11:00:00,34180.035
2017-09-18 12:00:00,34589.684
2017-09-18 13:00:00,35156.168
2017-09-18 14:00:00,35693.605
2017-09-18 15:00:00,36322.36
2017-09-18 16:00:00,36523.137
2017-09-18 17:00:00,36644.484
2017-09-18 18:00:00,36931.01
2017-09-18 19:00:00,36689.3
2017-09-18 20:00:00,35555.062
2017-09-18 21:00:00,36501.652
2017-09-18 22:00:00,34331.582
2017-09-18 23:00:00,31727.498
2017-09-19 00:00:00,28724.666
2017-09-19 01:00:00,26502.771
2017-09-19 02:00:00,25216.4
2017-09-19 03:00:00,24618.514
2017-09-19 04:00:00,24496.402
2017-09-19 05:00:00,24664.484
2017-09-19 06:00:00,26013.055
2017-09-19 07:00:00,28878.445
2017-09-19 08:00:00,32554.844
2017-09-19 09:00:00,32991.273
2017-09-19 10:00:00,33678.02
2017-09-19 11:00:00,34387.78
2017-09-19 12:00:00,35336.67
2017-09-19 13:00:00,36254.74
2017-09-19 14:00:00,36940.38
2017-09-19 15:00:00,37663.332
2017-09-19 16:00:00,37929.11
2017-09-19 17:00:00,38162.76
2017-09-19 18:00:00,38177.734
2017-09-19 19:00:00,37589.258
2017-09-19 20:00:00,36353.246
2017-09-19 21:00:00,37113.99
2017-09-19 22:00:00,34829.3
2017-09-19 23:00:00,32293.6
2017-09-20 00:00:00,29344.541
2017-09-20 01:00:00,26963.656
2017-09-20 02:00:00,25581.182
2017-09-20 03:00:00,24874.072
2017-09-20 04:00:00,24695.89
2017-09-20 05:00:00,24833.338
2017-09-20 06:00:00,26111.943
2017-09-20 07:00:00,28873.744
2017-09-20 08:00:00,32646.672
2017-09-20 09:00:00,32631.914
2017-09-20 10:00:00,33651.25
2017-09-20 11:00:00,34909.074
2017-09-20 12:00:00,36013.81
2017-09-20 13:00:00,37303.4
2017-09-20 14:00:00,38642.14
2017-09-20 15:00:00,40013.32
2017-09-20 16:00:00,40954.176
2017-09-20 17:00:00,41660.867
2017-09-20 18:00:00,42002.133
2017-09-20 19:00:00,41162.656
2017-09-20 20:00:00,38905.055
2017-09-20 21:00:00,39155.06
2017-09-20 22:00:00,36112.94
2017-09-20 23:00:00,33377.73
2017-09-21 00:00:00,30404.979
2017-09-21 01:00:00,27623.275
2017-09-21 02:00:00,26242.564
2017-09-21 03:00:00,25308.23
2017-09-21 04:00:00,24930.438
2017-09-21 05:00:00,24788.217
2017-09-21 06:00:00,25980.49
2017-09-21 07:00:00,28510.02
2017-09-21 08:00:00,32048.5
2017-09-21 09:00:00,31952.953
2017-09-21 10:00:00,34002.676
2017-09-21 11:00:00,35391.65
2017-09-21 12:00:00,36909.473
2017-09-21 13:00:00,38480.094
2017-09-21 14:00:00,39892.02
2017-09-21 15:00:00,41348.133
2017-09-21 16:00:00,41770.56
2017-09-21 17:00:00,42422.18
2017-09-21 18:00:00,42415.777
2017-09-21 19:00:00,41485.863
2017-09-21 20:00:00,38956.0
2017-09-21 21:00:00,39340.688
2017-09-21 22:00:00,36458.727
2017-09-21 23:00:00,33648.37
2017-09-22 00:00:00,30521.752
2017-09-22 01:00:00,28022.477
2017-09-22 02:00:00,26361.758
2017-09-22 03:00:00,25592.168
2017-09-22 04:00:00,25048.514
2017-09-22 05:00:00,25048.793
2017-09-22 06:00:00,26094.375
2017-09-22 07:00:00,28498.234
2017-09-22 08:00:00,32096.018
2017-09-22 09:00:00,31592.033
2017-09-22 10:00:00,33212.55
2017-09-22 11:00:00,33830.47
2017-09-22 12:00:00,34748.523
2017-09-22 13:00:00,35943.496
2017-09-22 14:00:00,37120.812
2017-09-22 15:00:00,38236.42
2017-09-22 16:00:00,38873.375
2017-09-22 17:00:00,39379.35
2017-09-22 18:00:00,39181.906
2017-09-22 19:00:00,38085.562
2017-09-22 20:00:00,35757.71
2017-09-22 21:00:00,36214.383
2017-09-22 22:00:00,33085.777
2017-09-22 23:00:00,31504.771
2017-09-23 00:00:00,28847.576
2017-09-23 01:00:00,26470.824
2017-09-23 02:00:00,24864.209
2017-09-23 03:00:00,23966.166
2017-09-23 04:00:00,23426.334
2017-09-23 05:00:00,23073.285
2017-09-23 06:00:00,23294.71
2017-09-23 07:00:00,24060.262
2017-09-23 08:00:00,25011.81
2017-09-23 09:00:00,26110.002
2017-09-23 10:00:00,29026.688
2017-09-23 11:00:00,30568.723
2017-09-23 12:00:00,32312.586
2017-09-23 13:00:00,34223.113
2017-09-23 14:00:00,35635.84
2017-09-23 15:00:00,36942.855
2017-09-23 16:00:00,38129.992
2017-09-23 17:00:00,39049.867
2017-09-23 18:00:00,39460.977
2017-09-23 19:00:00,38792.973
2017-09-23 20:00:00,36470.176
2017-09-23 21:00:00,35990.49
2017-09-23 22:00:00,33152.746
2017-09-23 23:00:00,31200.92
2017-09-24 00:00:00,28813.13
2017-09-24 01:00:00,26269.514
2017-09-24 02:00:00,24623.738
2017-09-24 03:00:00,23750.49
2017-09-24 04:00:00,23106.125
2017-09-24 05:00:00,23037.479
2017-09-24 06:00:00,22934.627
2017-09-24 07:00:00,23621.668
2017-09-24 08:00:00,24019.58
2017-09-24 09:00:00,24856.365
2017-09-24 10:00:00,28290.926
2017-09-24 11:00:00,30748.133
2017-09-24 12:00:00,33407.242
2017-09-24 13:00:00,35923.785
2017-09-24 14:00:00,38079.52
2017-09-24 15:00:00,39890.54
2017-09-24 16:00:00,41337.41
2017-09-24 17:00:00,42387.56
2017-09-24 18:00:00,42789.273
2017-09-24 19:00:00,42529.03
2017-09-24 20:00:00,40159.047
2017-09-24 21:00:00,40358.508
2017-09-24 22:00:00,36942.535
2017-09-24 23:00:00,34208.6
2017-09-25 00:00:00,30889.701
2017-09-25 01:00:00,28224.8
2017-09-25 02:00:00,26619.26
2017-09-25 03:00:00,25525.352
2017-09-25 04:00:00,25259.172
2017-09-25 05:00:00,25074.953
2017-09-25 06:00:00,26366.596
2017-09-25 07:00:00,29376.043
2017-09-25 08:00:00,32522.951
2017-09-25 09:00:00,33415.85
2017-09-25 10:00:00,35538.035
2017-09-25 11:00:00,37503.008
2017-09-25 12:00:00,39483.293
2017-09-25 13:00:00,41668.637
2017-09-25 14:00:00,43835.25
2017-09-25 15:00:00,45811.2
2017-09-25 16:00:00,46743.656
2017-09-25 17:00:00,47554.63
2017-09-25 18:00:00,47165.316
2017-09-25 19:00:00,45784.73
2017-09-25 20:00:00,42941.47
2017-09-25 21:00:00,43085.98
2017-09-25 22:00:00,38345.88
2017-09-25 23:00:00,35895.895
2017-09-26 00:00:00,31888.102
2017-09-26 01:00:00,29372.074
2017-09-26 02:00:00,27872.99
2017-09-26 03:00:00,26709.293
2017-09-26 04:00:00,26410.96
2017-09-26 05:00:00,26334.531
2017-09-26 06:00:00,27433.328
2017-09-26 07:00:00,30173.47
2017-09-26 08:00:00,34141.082
2017-09-26 09:00:00,33869.766
2017-09-26 10:00:00,35179.73
2017-09-26 11:00:00,36189.215
2017-09-26 12:00:00,37539.023
2017-09-26 13:00:00,39221.082
2017-09-26 14:00:00,40843.785
2017-09-26 15:00:00,42432.902
2017-09-26 16:00:00,43185.883
2017-09-26 17:00:00,43790.805
2017-09-26 18:00:00,44008.684
2017-09-26 19:00:00,42935.688
2017-09-26 20:00:00,40656.21
2017-09-26 21:00:00,41207.188
2017-09-26 22:00:00,37450.0
2017-09-26 23:00:00,34743.957
2017-09-27 00:00:00,31257.521
2017-09-27 01:00:00,28998.229
2017-09-27 02:00:00,27271.719
2017-09-27 03:00:00,26599.174
2017-09-27 04:00:00,26392.111
2017-09-27 05:00:00,26213.059
2017-09-27 06:00:00,27560.295
2017-09-27 07:00:00,30446.336
2017-09-27 08:00:00,34382.18
2017-09-27 09:00:00,34362.86
2017-09-27 10:00:00,36050.4
2017-09-27 11:00:00,37805.426
2017-09-27 12:00:00,39407.492
2017-09-27 13:00:00,41773.51
2017-09-27 14:00:00,43191.168
2017-09-27 15:00:00,45063.61
2017-09-27 16:00:00,46037.242
2017-09-27 17:00:00,46594.77
2017-09-27 18:00:00,46928.156
2017-09-27 19:00:00,45688.6
2017-09-27 20:00:00,43380.996
2017-09-27 21:00:00,43401.316
2017-09-27 22:00:00,39442.055
2017-09-27 23:00:00,36766.43
2017-09-28 00:00:00,32794.73
2017-09-28 01:00:00,30412.838
2017-09-28 02:00:00,28652.133
2017-09-28 03:00:00,28045.014
2017-09-28 04:00:00,27856.635
2017-09-28 05:00:00,27723.469
2017-09-28 06:00:00,28804.893
2017-09-28 07:00:00,31603.305
2017-09-28 08:00:00,35013.52
2017-09-28 09:00:00,34021.797
2017-09-28 10:00:00,34805.906
2017-09-28 11:00:00,34936.74
2017-09-28 12:00:00,35401.992
2017-09-28 13:00:00,35701.055
2017-09-28 14:00:00,36264.453
2017-09-28 15:00:00,36750.15
2017-09-28 16:00:00,37217.613
2017-09-28 17:00:00,37290.316
2017-09-28 18:00:00,37126.355
2017-09-28 19:00:00,35552.598
2017-09-28 20:00:00,32952.508
2017-09-28 21:00:00,34604.023
2017-09-28 22:00:00,31058.348
2017-09-28 23:00:00,28955.545
2017-09-29 00:00:00,26239.744
2017-09-29 01:00:00,24309.777
2017-09-29 02:00:00,23172.752
2017-09-29 03:00:00,22556.346
2017-09-29 04:00:00,22395.049
2017-09-29 05:00:00,22414.662
2017-09-29 06:00:00,23272.795
2017-09-29 07:00:00,25559.947
2017-09-29 08:00:00,28972.264
2017-09-29 09:00:00,28264.006
2017-09-29 10:00:00,28566.582
2017-09-29 11:00:00,28902.484
2017-09-29 12:00:00,29088.31
2017-09-29 13:00:00,29586.322
2017-09-29 14:00:00,29904.516
2017-09-29 15:00:00,30467.887
2017-09-29 16:00:00,30398.426
2017-09-29 17:00:00,30604.54
2017-09-29 18:00:00,31086.123
2017-09-29 19:00:00,30442.33
2017-09-29 20:00:00,29224.164
2017-09-29 21:00:00,30239.195
2017-09-29 22:00:00,27515.533
2017-09-29 23:00:00,26081.855
2017-09-30 00:00:00,24052.355
2017-09-30 01:00:00,22514.115
2017-09-30 02:00:00,21789.416
2017-09-30 03:00:00,21397.201
2017-09-30 04:00:00,21275.795
2017-09-30 05:00:00,21189.322
2017-09-30 06:00:00,21581.371
2017-09-30 07:00:00,22310.771
2017-09-30 08:00:00,23311.975
2017-09-30 09:00:00,23676.582
2017-09-30 10:00:00,25450.67
2017-09-30 11:00:00,25440.42
2017-09-30 12:00:00,25511.379
2017-09-30 13:00:00,25561.68
2017-09-30 14:00:00,25248.758
2017-09-30 15:00:00,24857.188
2017-09-30 16:00:00,24940.406
2017-09-30 17:00:00,25105.46
2017-09-30 18:00:00,25385.297
2017-09-30 19:00:00,25741.12
2017-09-30 20:00:00,26108.125
2017-09-30 21:00:00,27364.488
2017-09-30 22:00:00,25193.182
2017-09-30 23:00:00,24113.607
2017-10-01 00:00:00,22607.887
2017-10-01 01:00:00,21309.883
2017-10-01 02:00:00,20602.78
2017-10-01 03:00:00,20289.041
2017-10-01 04:00:00,20204.73
2017-10-01 05:00:00,20284.855
2017-10-01 06:00:00,20510.107
2017-10-01 07:00:00,21157.232
2017-10-01 08:00:00,21964.58
2017-10-01 09:00:00,22324.88
2017-10-01 10:00:00,23762.455
2017-10-01 11:00:00,23671.172
2017-10-01 12:00:00,23713.43
2017-10-01 13:00:00,23742.959
2017-10-01 14:00:00,23900.516
2017-10-01 15:00:00,23966.383
2017-10-01 16:00:00,24368.23
2017-10-01 17:00:00,25044.031
2017-10-01 18:00:00,26114.031
2017-10-01 19:00:00,26798.803
2017-10-01 20:00:00,26960.492
2017-10-01 21:00:00,28438.86
2017-10-01 22:00:00,25896.717
2017-10-01 23:00:00,24101.588
2017-10-02 00:00:00,22407.152
2017-10-02 01:00:00,21205.16
2017-10-02 02:00:00,20623.408
2017-10-02 03:00:00,20439.918
2017-10-02 04:00:00,20691.928
2017-10-02 05:00:00,20963.404
2017-10-02 06:00:00,22155.168
2017-10-02 07:00:00,24870.45
2017-10-02 08:00:00,28022.104
2017-10-02 09:00:00,27627.684
2017-10-02 10:00:00,27209.547
2017-10-02 11:00:00,27317.16
2017-10-02 12:00:00,27442.285
2017-10-02 13:00:00,27726.002
2017-10-02 14:00:00,27996.234
2017-10-02 15:00:00,28783.799
2017-10-02 16:00:00,29079.963
2017-10-02 17:00:00,29757.572
2017-10-02 18:00:00,30036.441
2017-10-02 19:00:00,30232.264
2017-10-02 20:00:00,29816.816
2017-10-02 21:00:00,30825.361
2017-10-02 22:00:00,27756.137
2017-10-02 23:00:00,25963.143
2017-10-03 00:00:00,23381.38
2017-10-03 01:00:00,22174.926
2017-10-03 02:00:00,21365.246
2017-10-03 03:00:00,21311.59
2017-10-03 04:00:00,21326.068
2017-10-03 05:00:00,21662.057
2017-10-03 06:00:00,22723.541
2017-10-03 07:00:00,25401.344
2017-10-03 08:00:00,28745.191
2017-10-03 09:00:00,28140.45
2017-10-03 10:00:00,27666.129
2017-10-03 11:00:00,28123.65
2017-10-03 12:00:00,28569.102
2017-10-03 13:00:00,28615.21
2017-10-03 14:00:00,28987.277
2017-10-03 15:00:00,29686.816
2017-10-03 16:00:00,29860.904
2017-10-03 17:00:00,30256.812
2017-10-03 18:00:00,30811.738
2017-10-03 19:00:00,30604.785
2017-10-03 20:00:00,30173.342
2017-10-03 21:00:00,31224.363
2017-10-03 22:00:00,28190.336
2017-10-03 23:00:00,26414.057
2017-10-04 00:00:00,23755.664
2017-10-04 01:00:00,22170.953
2017-10-04 02:00:00,21672.795
2017-10-04 03:00:00,21247.031
2017-10-04 04:00:00,21417.242
2017-10-04 05:00:00,21696.932
2017-10-04 06:00:00,22685.848
2017-10-04 07:00:00,25518.99
2017-10-04 08:00:00,28740.096
2017-10-04 09:00:00,28217.236
2017-10-04 10:00:00,27952.264
2017-10-04 11:00:00,28324.645
2017-10-04 12:00:00,28778.572
2017-10-04 13:00:00,29037.762
2017-10-04 14:00:00,29695.633
2017-10-04 15:00:00,30834.129
2017-10-04 16:00:00,31291.654
2017-10-04 17:00:00,31970.35
2017-10-04 18:00:00,32346.283
2017-10-04 19:00:00,32129.982
2017-10-04 20:00:00,31464.58
2017-10-04 21:00:00,32220.86
2017-10-04 22:00:00,29414.135
2017-10-04 23:00:00,27400.672
2017-10-05 00:00:00,24698.514
2017-10-05 01:00:00,23014.031
2017-10-05 02:00:00,22227.633
2017-10-05 03:00:00,21974.207
2017-10-05 04:00:00,21955.713
2017-10-05 05:00:00,22285.799
2017-10-05 06:00:00,23193.57
2017-10-05 07:00:00,25930.115
2017-10-05 08:00:00,29216.217
2017-10-05 09:00:00,28861.867
2017-10-05 10:00:00,29136.064
2017-10-05 11:00:00,30064.688
2017-10-05 12:00:00,30720.572
2017-10-05 13:00:00,32101.938
2017-10-05 14:00:00,33160.082
2017-10-05 15:00:00,34114.17
2017-10-05 16:00:00,34533.906
2017-10-05 17:00:00,34598.1
2017-10-05 18:00:00,34590.938
2017-10-05 19:00:00,34223.453
2017-10-05 20:00:00,34255.73
2017-10-05 21:00:00,34540.41
2017-10-05 22:00:00,32373.082
2017-10-05 23:00:00,30142.355
2017-10-06 00:00:00,27078.479
2017-10-06 01:00:00,25018.834
2017-10-06 02:00:00,23834.78
2017-10-06 03:00:00,23267.79
2017-10-06 04:00:00,23096.621
2017-10-06 05:00:00,23180.643
2017-10-06 06:00:00,24341.588
2017-10-06 07:00:00,26838.172
2017-10-06 08:00:00,30348.926
2017-10-06 09:00:00,30365.783
2017-10-06 10:00:00,31076.031
2017-10-06 11:00:00,32361.64
2017-10-06 12:00:00,33249.535
2017-10-06 13:00:00,34512.86
2017-10-06 14:00:00,35242.734
2017-10-06 15:00:00,36189.598
2017-10-06 16:00:00,36445.44
2017-10-06 17:00:00,36549.355
2017-10-06 18:00:00,36239.32
2017-10-06 19:00:00,35510.344
2017-10-06 20:00:00,34578.086
2017-10-06 21:00:00,34443.96
2017-10-06 22:00:00,31610.35
2017-10-06 23:00:00,29996.611
2017-10-07 00:00:00,27653.488
2017-10-07 01:00:00,25561.174
2017-10-07 02:00:00,24441.059
2017-10-07 03:00:00,23463.863
2017-10-07 04:00:00,22988.055
2017-10-07 05:00:00,22920.518
2017-10-07 06:00:00,23164.062
2017-10-07 07:00:00,24100.62
2017-10-07 08:00:00,25263.277
2017-10-07 09:00:00,25812.393
2017-10-07 10:00:00,28467.004
2017-10-07 11:00:00,29649.086
2017-10-07 12:00:00,31192.676
2017-10-07 13:00:00,32639.008
2017-10-07 14:00:00,33690.066
2017-10-07 15:00:00,34277.723
2017-10-07 16:00:00,34688.92
2017-10-07 17:00:00,34880.43
2017-10-07 18:00:00,35023.086
2017-10-07 19:00:00,34540.25
2017-10-07 20:00:00,33939.1
2017-10-07 21:00:00,34505.766
2017-10-07 22:00:00,32181.686
2017-10-07 23:00:00,31056.678
2017-10-08 00:00:00,28564.273
2017-10-08 01:00:00,26752.568
2017-10-08 02:00:00,25332.193
2017-10-08 03:00:00,24714.158
2017-10-08 04:00:00,24448.764
2017-10-08 05:00:00,24367.791
2017-10-08 06:00:00,24728.627
2017-10-08 07:00:00,25524.762
2017-10-08 08:00:00,26820.318
2017-10-08 09:00:00,27684.307
2017-10-08 10:00:00,29924.104
2017-10-08 11:00:00,31607.625
2017-10-08 12:00:00,32843.742
2017-10-08 13:00:00,33726.98
2017-10-08 14:00:00,34339.508
2017-10-08 15:00:00,34703.496
2017-10-08 16:00:00,34605.516
2017-10-08 17:00:00,35014.76
2017-10-08 18:00:00,35250.6
2017-10-08 19:00:00,35627.953
2017-10-08 20:00:00,36279.36
2017-10-08 21:00:00,36273.305
2017-10-08 22:00:00,34559.043
2017-10-08 23:00:00,32728.33
2017-10-09 00:00:00,29878.66
2017-10-09 01:00:00,28002.72
2017-10-09 02:00:00,26396.389
2017-10-09 03:00:00,25902.926
2017-10-09 04:00:00,25647.611
2017-10-09 05:00:00,25962.568
2017-10-09 06:00:00,27110.31
2017-10-09 07:00:00,29910.553
2017-10-09 08:00:00,32952.797
2017-10-09 09:00:00,34263.9
2017-10-09 10:00:00,35344.63
2017-10-09 11:00:00,36448.523
2017-10-09 12:00:00,36818.145
2017-10-09 13:00:00,37100.242
2017-10-09 14:00:00,37481.367
2017-10-09 15:00:00,38122.55
2017-10-09 16:00:00,38475.81
2017-10-09 17:00:00,38809.36
2017-10-09 18:00:00,39404.184
2017-10-09 19:00:00,39262.05
2017-10-09 20:00:00,39604.39
2017-10-09 21:00:00,39565.76
2017-10-09 22:00:00,37254.984
2017-10-09 23:00:00,35022.75
2017-10-10 00:00:00,31421.762
2017-10-10 01:00:00,29160.035
2017-10-10 02:00:00,27314.066
2017-10-10 03:00:00,26442.88
2017-10-10 04:00:00,25864.314
2017-10-10 05:00:00,25648.346
2017-10-10 06:00:00,26528.162
2017-10-10 07:00:00,29503.85
2017-10-10 08:00:00,33145.203
2017-10-10 09:00:00,32774.33
2017-10-10 10:00:00,34190.844
2017-10-10 11:00:00,35013.32
2017-10-10 12:00:00,36207.676
2017-10-10 13:00:00,37432.79
2017-10-10 14:00:00,38777.93
2017-10-10 15:00:00,39976.207
2017-10-10 16:00:00,40407.71
2017-10-10 17:00:00,41137.78
2017-10-10 18:00:00,41119.426
2017-10-10 19:00:00,40016.0
2017-10-10 20:00:00,38771.086
2017-10-10 21:00:00,38685.348
2017-10-10 22:00:00,34860.285
2017-10-10 23:00:00,32851.016
2017-10-11 00:00:00,29253.406
2017-10-11 01:00:00,27077.252
2017-10-11 02:00:00,25536.773
2017-10-11 03:00:00,24842.656
2017-10-11 04:00:00,24369.785
2017-10-11 05:00:00,24519.328
2017-10-11 06:00:00,25488.572
2017-10-11 07:00:00,28397.465
2017-10-11 08:00:00,32281.385
2017-10-11 09:00:00,32724.76
2017-10-11 10:00:00,32290.832
2017-10-11 11:00:00,33089.69
2017-10-11 12:00:00,32960.055
2017-10-11 13:00:00,33644.69
2017-10-11 14:00:00,33709.105
2017-10-11 15:00:00,34461.246
2017-10-11 16:00:00,34366.75
2017-10-11 17:00:00,34332.426
2017-10-11 18:00:00,34464.688
2017-10-11 19:00:00,34485.246
2017-10-11 20:00:00,34762.19
2017-10-11 21:00:00,34070.39
2017-10-11 22:00:00,31956.76
2017-10-11 23:00:00,29616.54
2017-10-12 00:00:00,26487.434
2017-10-12 01:00:00,24749.262
2017-10-12 02:00:00,23650.914
2017-10-12 03:00:00,23013.637
2017-10-12 04:00:00,22999.46
2017-10-12 05:00:00,23054.492
2017-10-12 06:00:00,23913.38
2017-10-12 07:00:00,26539.674
2017-10-12 08:00:00,30090.602
2017-10-12 09:00:00,30371.785
2017-10-12 10:00:00,29891.809
2017-10-12 11:00:00,30508.055
2017-10-12 12:00:00,30153.951
2017-10-12 13:00:00,30196.15
2017-10-12 14:00:00,30133.969
2017-10-12 15:00:00,30085.057
2017-10-12 16:00:00,29850.264
2017-10-12 17:00:00,29781.344
2017-10-12 18:00:00,29903.365
2017-10-12 19:00:00,30099.38
2017-10-12 20:00:00,30966.984
2017-10-12 21:00:00,30678.686
2017-10-12 22:00:00,28400.79
2017-10-12 23:00:00,26363.773
2017-10-13 00:00:00,24078.213
2017-10-13 01:00:00,22546.693
2017-10-13 02:00:00,21839.658
2017-10-13 03:00:00,21502.775
2017-10-13 04:00:00,21523.965
2017-10-13 05:00:00,21775.412
2017-10-13 06:00:00,22785.059
2017-10-13 07:00:00,25173.203
2017-10-13 08:00:00,28640.57
2017-10-13 09:00:00,28688.412
2017-10-13 10:00:00,28337.877
2017-10-13 11:00:00,28757.559
2017-10-13 12:00:00,28680.365
2017-10-13 13:00:00,28723.889
2017-10-13 14:00:00,28686.408
2017-10-13 15:00:00,29072.154
2017-10-13 16:00:00,28755.762
2017-10-13 17:00:00,28841.95
2017-10-13 18:00:00,28938.994
2017-10-13 19:00:00,29130.568
2017-10-13 20:00:00,29767.562
2017-10-13 21:00:00,29018.162
2017-10-13 22:00:00,27416.076
2017-10-13 23:00:00,25876.941
2017-10-14 00:00:00,23855.76
2017-10-14 01:00:00,22536.35
2017-10-14 02:00:00,21609.621
2017-10-14 03:00:00,21475.371
2017-10-14 04:00:00,21261.31
2017-10-14 05:00:00,21316.336
2017-10-14 06:00:00,21772.38
2017-10-14 07:00:00,22462.344
2017-10-14 08:00:00,23990.066
2017-10-14 09:00:00,24722.807
2017-10-14 10:00:00,26043.7
2017-10-14 11:00:00,26677.953
2017-10-14 12:00:00,26792.127
2017-10-14 13:00:00,26882.428
2017-10-14 14:00:00,26719.193
2017-10-14 15:00:00,26480.38
2017-10-14 16:00:00,26523.44
2017-10-14 17:00:00,26709.65
2017-10-14 18:00:00,27235.826
2017-10-14 19:00:00,27669.98
2017-10-14 20:00:00,28691.316
2017-10-14 21:00:00,28481.14
2017-10-14 22:00:00,26783.04
2017-10-14 23:00:00,25716.344
2017-10-15 00:00:00,23699.217
2017-10-15 01:00:00,22599.738
2017-10-15 02:00:00,21696.543
2017-10-15 03:00:00,21244.656
2017-10-15 04:00:00,21110.545
2017-10-15 05:00:00,21071.852
2017-10-15 06:00:00,21400.854
2017-10-15 07:00:00,21956.092
2017-10-15 08:00:00,22952.271
2017-10-15 09:00:00,23660.531
2017-10-15 10:00:00,25198.977
2017-10-15 11:00:00,26204.033
2017-10-15 12:00:00,26521.348
2017-10-15 13:00:00,26763.354
2017-10-15 14:00:00,26911.041
2017-10-15 15:00:00,27131.545
2017-10-15 16:00:00,27122.209
2017-10-15 17:00:00,27913.559
2017-10-15 18:00:00,28726.748
2017-10-15 19:00:00,29376.502
2017-10-15 20:00:00,30443.898
2017-10-15 21:00:00,30621.762
2017-10-15 22:00:00,28736.188
2017-10-15 23:00:00,26906.383
2017-10-16 00:00:00,24487.146
2017-10-16 01:00:00,23051.623
2017-10-16 02:00:00,22376.979
2017-10-16 03:00:00,21877.625
2017-10-16 04:00:00,21681.62
2017-10-16 05:00:00,21776.1
2017-10-16 06:00:00,22561.264
2017-10-16 07:00:00,25494.059
2017-10-16 08:00:00,28598.135
2017-10-16 09:00:00,28577.855
2017-10-16 10:00:00,28298.17
2017-10-16 11:00:00,28553.908
2017-10-16 12:00:00,28356.96
2017-10-16 13:00:00,28330.396
2017-10-16 14:00:00,27936.557
2017-10-16 15:00:00,28151.06
2017-10-16 16:00:00,27695.492
2017-10-16 17:00:00,28028.209
2017-10-16 18:00:00,28500.084
2017-10-16 19:00:00,28862.488
2017-10-16 20:00:00,30259.01
2017-10-16 21:00:00,30151.055
2017-10-16 22:00:00,27803.2
2017-10-16 23:00:00,25952.34
2017-10-17 00:00:00,23385.047
2017-10-17 01:00:00,22081.871
2017-10-17 02:00:00,21584.914
2017-10-17 03:00:00,21406.023
2017-10-17 04:00:00,21556.062
2017-10-17 05:00:00,22020.316
2017-10-17 06:00:00,23174.459
2017-10-17 07:00:00,26137.531
2017-10-17 08:00:00,29656.965
2017-10-17 09:00:00,29551.033
2017-10-17 10:00:00,28321.273
2017-10-17 11:00:00,27861.615
2017-10-17 12:00:00,27077.725
2017-10-17 13:00:00,26876.775
2017-10-17 14:00:00,26833.64
2017-10-17 15:00:00,27489.9
2017-10-17 16:00:00,27330.645
2017-10-17 17:00:00,27912.072
2017-10-17 18:00:00,28548.033
2017-10-17 19:00:00,29113.203
2017-10-17 20:00:00,30254.43
2017-10-17 21:00:00,30194.2
2017-10-17 22:00:00,28253.44
2017-10-17 23:00:00,26283.537
2017-10-18 00:00:00,23824.863
2017-10-18 01:00:00,22487.82
2017-10-18 02:00:00,21884.26
2017-10-18 03:00:00,21838.914
2017-10-18 04:00:00,22011.094
2017-10-18 05:00:00,22408.95
2017-10-18 06:00:00,23643.715
2017-10-18 07:00:00,26697.047
2017-10-18 08:00:00,29954.828
2017-10-18 09:00:00,29778.139
2017-10-18 10:00:00,28395.031
2017-10-18 11:00:00,27759.977
2017-10-18 12:00:00,27567.172
2017-10-18 13:00:00,27242.453
2017-10-18 14:00:00,27748.916
2017-10-18 15:00:00,28146.678
2017-10-18 16:00:00,28513.547
2017-10-18 17:00:00,28875.354
2017-10-18 18:00:00,29464.725
2017-10-18 19:00:00,29529.354
2017-10-18 20:00:00,30545.322
2017-10-18 21:00:00,30134.012
2017-10-18 22:00:00,27959.447
2017-10-18 23:00:00,26066.602
2017-10-19 00:00:00,23565.977
2017-10-19 01:00:00,22251.66
2017-10-19 02:00:00,21775.082
2017-10-19 03:00:00,21432.209
2017-10-19 04:00:00,21716.732
2017-10-19 05:00:00,22089.883
2017-10-19 06:00:00,23103.24
2017-10-19 07:00:00,26272.1
2017-10-19 08:00:00,29330.564
2017-10-19 09:00:00,29219.557
2017-10-19 10:00:00,28189.582
2017-10-19 11:00:00,27832.902
2017-10-19 12:00:00,27675.646
2017-10-19 13:00:00,27437.168
2017-10-19 14:00:00,27802.371
2017-10-19 15:00:00,28367.674
2017-10-19 16:00:00,28600.238
2017-10-19 17:00:00,29054.76
2017-10-19 18:00:00,29451.455
2017-10-19 19:00:00,29518.91
2017-10-19 20:00:00,30365.854
2017-10-19 21:00:00,30038.885
2017-10-19 22:00:00,27926.807
2017-10-19 23:00:00,26003.686
2017-10-20 00:00:00,23549.793
2017-10-20 01:00:00,22291.22
2017-10-20 02:00:00,21642.941
2017-10-20 03:00:00,21377.867
2017-10-20 04:00:00,21486.307
2017-10-20 05:00:00,21814.016
2017-10-20 06:00:00,22809.654
2017-10-20 07:00:00,25503.03
2017-10-20 08:00:00,28687.668
2017-10-20 09:00:00,28419.338
2017-10-20 10:00:00,27953.646
2017-10-20 11:00:00,27861.23
2017-10-20 12:00:00,27913.898
2017-10-20 13:00:00,27798.67
2017-10-20 14:00:00,27829.73
2017-10-20 15:00:00,28591.814
2017-10-20 16:00:00,28511.227
2017-10-20 17:00:00,28930.438
2017-10-20 18:00:00,29156.791
2017-10-20 19:00:00,29026.314
2017-10-20 20:00:00,29322.227
2017-10-20 21:00:00,28515.404
2017-10-20 22:00:00,26590.145
2017-10-20 23:00:00,25163.293
2017-10-21 00:00:00,23242.447
2017-10-21 01:00:00,22164.637
2017-10-21 02:00:00,21290.094
2017-10-21 03:00:00,20967.23
2017-10-21 04:00:00,21016.37
2017-10-21 05:00:00,21109.271
2017-10-21 06:00:00,21568.72
2017-10-21 07:00:00,22589.014
2017-10-21 08:00:00,23975.611
2017-10-21 09:00:00,24484.75
2017-10-21 10:00:00,25411.047
2017-10-21 11:00:00,25172.328
2017-10-21 12:00:00,25102.238
2017-10-21 13:00:00,24860.844
2017-10-21 14:00:00,24992.41
2017-10-21 15:00:00,25133.742
2017-10-21 16:00:00,25563.639
2017-10-21 17:00:00,26029.541
2017-10-21 18:00:00,26428.8
2017-10-21 19:00:00,26428.604
2017-10-21 20:00:00,27909.646
2017-10-21 21:00:00,26789.89
2017-10-21 22:00:00,25340.338
2017-10-21 23:00:00,24220.209
2017-10-22 00:00:00,22634.982
2017-10-22 01:00:00,21565.684
2017-10-22 02:00:00,20709.686
2017-10-22 03:00:00,20440.615
2017-10-22 04:00:00,20363.166
2017-10-22 05:00:00,20391.262
2017-10-22 06:00:00,20709.99
2017-10-22 07:00:00,21328.578
2017-10-22 08:00:00,22397.59
2017-10-22 09:00:00,22809.21
2017-10-22 10:00:00,23840.883
2017-10-22 11:00:00,24001.213
2017-10-22 12:00:00,23997.168
2017-10-22 13:00:00,24136.834
2017-10-22 14:00:00,24497.781
2017-10-22 15:00:00,24755.21
2017-10-22 16:00:00,25159.564
2017-10-22 17:00:00,25894.932
2017-10-22 18:00:00,26762.342
2017-10-22 19:00:00,27202.375
2017-10-22 20:00:00,28717.398
2017-10-22 21:00:00,27991.459
2017-10-22 22:00:00,26280.322
2017-10-22 23:00:00,24218.637
2017-10-23 00:00:00,22583.71
2017-10-23 01:00:00,21481.346
2017-10-23 02:00:00,20936.459
2017-10-23 03:00:00,20791.842
2017-10-23 04:00:00,20825.213
2017-10-23 05:00:00,21106.404
2017-10-23 06:00:00,22386.871
2017-10-23 07:00:00,25171.594
2017-10-23 08:00:00,28425.93
2017-10-23 09:00:00,28684.992
2017-10-23 10:00:00,28230.518
2017-10-23 11:00:00,28978.014
2017-10-23 12:00:00,29405.463
2017-10-23 13:00:00,29736.531
2017-10-23 14:00:00,30171.11
2017-10-23 15:00:00,30651.486
2017-10-23 16:00:00,30886.803
2017-10-23 17:00:00,30714.16
2017-10-23 18:00:00,31021.227
2017-10-23 19:00:00,31213.492
2017-10-23 20:00:00,32471.416
2017-10-23 21:00:00,31247.064
2017-10-23 22:00:00,29995.018
2017-10-23 23:00:00,27611.92
2017-10-24 00:00:00,25168.863
2017-10-24 01:00:00,23700.53
2017-10-24 02:00:00,22750.154
2017-10-24 03:00:00,22574.219
2017-10-24 04:00:00,22644.281
2017-10-24 05:00:00,23048.69
2017-10-24 06:00:00,23934.967
2017-10-24 07:00:00,26820.938
2017-10-24 08:00:00,30221.404
2017-10-24 09:00:00,30889.951
2017-10-24 10:00:00,30524.424
2017-10-24 11:00:00,31138.13
2017-10-24 12:00:00,31173.207
2017-10-24 13:00:00,31669.395
2017-10-24 14:00:00,31794.357
2017-10-24 15:00:00,32016.465
2017-10-24 16:00:00,31906.018
2017-10-24 17:00:00,32049.002
2017-10-24 18:00:00,32173.016
2017-10-24 19:00:00,32016.81
2017-10-24 20:00:00,32640.066
2017-10-24 21:00:00,31760.572
2017-10-24 22:00:00,29710.562
2017-10-24 23:00:00,27395.422
2017-10-25 00:00:00,24736.953
2017-10-25 01:00:00,23154.965
2017-10-25 02:00:00,22196.855
2017-10-25 03:00:00,21842.27
2017-10-25 04:00:00,21905.467
2017-10-25 05:00:00,22012.688
2017-10-25 06:00:00,22912.803
2017-10-25 07:00:00,25673.0
2017-10-25 08:00:00,29015.242
2017-10-25 09:00:00,29202.314
2017-10-25 10:00:00,27888.28
2017-10-25 11:00:00,28261.371
2017-10-25 12:00:00,27669.89
2017-10-25 13:00:00,28144.508
2017-10-25 14:00:00,27948.19
2017-10-25 15:00:00,28644.117
2017-10-25 16:00:00,28923.57
2017-10-25 17:00:00,28909.678
2017-10-25 18:00:00,29209.71
2017-10-25 19:00:00,29442.48
2017-10-25 20:00:00,30714.09
2017-10-25 21:00:00,29720.41
2017-10-25 22:00:00,28019.965
2017-10-25 23:00:00,26106.768
2017-10-26 00:00:00,23491.756
2017-10-26 01:00:00,22267.873
2017-10-26 02:00:00,21769.0
2017-10-26 03:00:00,21443.73
2017-10-26 04:00:00,21638.377
2017-10-26 05:00:00,22016.795
2017-10-26 06:00:00,23023.814
2017-10-26 07:00:00,26077.633
2017-10-26 08:00:00,29343.479
2017-10-26 09:00:00,29626.607
2017-10-26 10:00:00,28343.959
2017-10-26 11:00:00,28608.35
2017-10-26 12:00:00,28066.287
2017-10-26 13:00:00,27954.738
2017-10-26 14:00:00,28184.602
2017-10-26 15:00:00,28522.559
2017-10-26 16:00:00,28197.805
2017-10-26 17:00:00,28247.848
2017-10-26 18:00:00,28872.508
2017-10-26 19:00:00,29416.877
2017-10-26 20:00:00,30872.754
2017-10-26 21:00:00,29959.557
2017-10-26 22:00:00,28870.668
2017-10-26 23:00:00,26732.848
2017-10-27 00:00:00,24342.383
2017-10-27 01:00:00,23398.584
2017-10-27 02:00:00,22188.057
2017-10-27 03:00:00,22375.88
2017-10-27 04:00:00,22429.729
2017-10-27 05:00:00,23060.195
2017-10-27 06:00:00,24337.13
2017-10-27 07:00:00,27251.602
2017-10-27 08:00:00,30528.336
2017-10-27 09:00:00,30757.195
2017-10-27 10:00:00,29546.219
2017-10-27 11:00:00,28450.92
2017-10-27 12:00:00,27700.297
2017-10-27 13:00:00,27224.438
2017-10-27 14:00:00,27108.14
2017-10-27 15:00:00,27421.33
2017-10-27 16:00:00,27472.65
2017-10-27 17:00:00,27812.043
2017-10-27 18:00:00,28236.36
2017-10-27 19:00:00,28610.105
2017-10-27 20:00:00,29714.564
2017-10-27 21:00:00,28280.018
2017-10-27 22:00:00,27177.19
2017-10-27 23:00:00,25742.889
2017-10-28 00:00:00,23755.701
2017-10-28 01:00:00,22577.055
2017-10-28 02:00:00,21840.322
2017-10-28 03:00:00,21622.475
2017-10-28 04:00:00,21624.666
2017-10-28 05:00:00,21833.023
2017-10-28 06:00:00,22268.379
2017-10-28 07:00:00,23336.799
2017-10-28 08:00:00,24737.691
2017-10-28 09:00:00,25364.438
2017-10-28 10:00:00,25983.725
2017-10-28 11:00:00,25410.4
2017-10-28 12:00:00,25079.607
2017-10-28 13:00:00,24652.389
2017-10-28 14:00:00,24367.135
2017-10-28 15:00:00,24327.164
2017-10-28 16:00:00,24627.867
2017-10-28 17:00:00,25090.979
2017-10-28 18:00:00,25815.934
2017-10-28 19:00:00,26533.287
2017-10-28 20:00:00,28086.908
2017-10-28 21:00:00,26540.152
2017-10-28 22:00:00,25731.43
2017-10-28 23:00:00,24282.297
2017-10-29 00:00:00,22805.375
2017-10-29 01:00:00,21932.453
2017-10-29 02:00:00,21052.398
2017-10-29 03:00:00,20802.55
2017-10-29 04:00:00,20810.533
2017-10-29 05:00:00,20759.102
2017-10-29 06:00:00,20978.01
2017-10-29 07:00:00,21596.072
2017-10-29 08:00:00,22464.535
2017-10-29 09:00:00,23537.156
2017-10-29 10:00:00,24723.082
2017-10-29 11:00:00,25834.457
2017-10-29 12:00:00,26263.744
2017-10-29 13:00:00,26589.215
2017-10-29 14:00:00,26641.262
2017-10-29 15:00:00,26586.531
2017-10-29 16:00:00,26686.668
2017-10-29 17:00:00,26941.19
2017-10-29 18:00:00,27867.0
2017-10-29 19:00:00,28808.352
2017-10-29 20:00:00,29261.984
2017-10-29 21:00:00,28019.977
2017-10-29 22:00:00,26906.768
2017-10-29 23:00:00,24721.412
2017-10-30 00:00:00,23136.799
2017-10-30 01:00:00,21992.137
2017-10-30 02:00:00,21328.99
2017-10-30 03:00:00,21213.324
2017-10-30 04:00:00,21300.068
2017-10-30 05:00:00,21742.535
2017-10-30 06:00:00,23068.807
2017-10-30 07:00:00,25812.797
2017-10-30 08:00:00,29234.746
2017-10-30 09:00:00,29798.533
2017-10-30 10:00:00,28859.133
2017-10-30 11:00:00,29141.078
2017-10-30 12:00:00,28505.5
2017-10-30 13:00:00,27600.549
2017-10-30 14:00:00,27549.395
2017-10-30 15:00:00,27800.613
2017-10-30 16:00:00,27460.844
2017-10-30 17:00:00,28032.863
2017-10-30 18:00:00,28748.516
2017-10-30 19:00:00,29852.209
2017-10-30 20:00:00,31350.752
2017-10-30 21:00:00,30339.18
2017-10-30 22:00:00,29212.766
2017-10-30 23:00:00,26780.906
2017-10-31 00:00:00,24343.178
2017-10-31 01:00:00,23156.52
2017-10-31 02:00:00,22336.625
2017-10-31 03:00:00,22311.318
2017-10-31 04:00:00,22538.168
2017-10-31 05:00:00,22876.412
2017-10-31 06:00:00,24304.404
2017-10-31 07:00:00,27171.973
2017-10-31 08:00:00,30596.785
2017-10-31 09:00:00,30778.947
2017-10-31 10:00:00,29283.738
2017-10-31 11:00:00,29054.719
2017-10-31 12:00:00,28307.734
2017-10-31 13:00:00,27583.875
2017-10-31 14:00:00,27523.229
2017-10-31 15:00:00,27758.643
2017-10-31 16:00:00,27778.629
2017-10-31 17:00:00,28156.87
2017-10-31 18:00:00,28962.871
2017-10-31 19:00:00,29462.92
2017-10-31 20:00:00,30530.787
2017-10-31 21:00:00,29370.074
2017-10-31 22:00:00,29446.283
2017-10-31 23:00:00,27526.45
2017-11-01 00:00:00,24881.756
2017-11-01 01:00:00,23937.365
2017-11-01 02:00:00,23035.36
2017-11-01 03:00:00,23068.26
2017-11-01 04:00:00,23395.957
2017-11-01 05:00:00,23912.611
2017-11-01 06:00:00,25183.285
2017-11-01 07:00:00,28005.193
2017-11-01 08:00:00,31249.924
2017-11-01 09:00:00,31719.223
2017-11-01 10:00:00,30678.719
2017-11-01 11:00:00,30698.426
2017-11-01 12:00:00,30129.023
2017-11-01 13:00:00,29857.191
2017-11-01 14:00:00,29975.473
2017-11-01 15:00:00,29844.564
2017-11-01 16:00:00,29919.318
2017-11-01 17:00:00,29959.129
2017-11-01 18:00:00,30618.01
2017-11-01 19:00:00,31394.023
2017-11-01 20:00:00,32550.152
2017-11-01 21:00:00,30908.43
2017-11-01 22:00:00,29848.625
2017-11-01 23:00:00,27169.262
2017-11-02 00:00:00,24839.662
2017-11-02 01:00:00,23635.879
2017-11-02 02:00:00,22582.098
2017-11-02 03:00:00,22462.568
2017-11-02 04:00:00,22558.775
2017-11-02 05:00:00,22814.162
2017-11-02 06:00:00,23997.926
2017-11-02 07:00:00,26807.762
2017-11-02 08:00:00,30135.182
2017-11-02 09:00:00,30664.521
2017-11-02 10:00:00,29193.0
2017-11-02 11:00:00,29290.25
2017-11-02 12:00:00,28887.963
2017-11-02 13:00:00,28477.209
2017-11-02 14:00:00,29071.734
2017-11-02 15:00:00,29921.371
2017-11-02 16:00:00,29661.152
2017-11-02 17:00:00,30226.139
2017-11-02 18:00:00,30375.162
2017-11-02 19:00:00,30835.814
2017-11-02 20:00:00,31982.61
2017-11-02 21:00:00,30380.0
2017-11-02 22:00:00,29154.326
2017-11-02 23:00:00,26716.996
2017-11-03 00:00:00,24387.504
2017-11-03 01:00:00,22934.89
2017-11-03 02:00:00,22025.445
2017-11-03 03:00:00,21879.287
2017-11-03 04:00:00,21842.65
2017-11-03 05:00:00,22169.686
2017-11-03 06:00:00,23069.7
2017-11-03 07:00:00,25692.691
2017-11-03 08:00:00,29035.752
2017-11-03 09:00:00,29430.277
2017-11-03 10:00:00,28328.443
2017-11-03 11:00:00,28636.518
2017-11-03 12:00:00,28750.87
2017-11-03 13:00:00,29151.35
2017-11-03 14:00:00,29121.186
2017-11-03 15:00:00,30355.023
2017-11-03 16:00:00,29642.68
2017-11-03 17:00:00,29936.082
2017-11-03 18:00:00,29896.545
2017-11-03 19:00:00,30213.377
2017-11-03 20:00:00,30912.14
2017-11-03 21:00:00,28592.28
2017-11-03 22:00:00,27599.957
2017-11-03 23:00:00,25601.373
2017-11-04 00:00:00,23730.432
2017-11-04 01:00:00,22454.924
2017-11-04 02:00:00,21601.67
2017-11-04 03:00:00,21317.764
2017-11-04 04:00:00,21357.223
2017-11-04 05:00:00,21503.604
2017-11-04 06:00:00,21875.299
2017-11-04 07:00:00,23147.648
2017-11-04 08:00:00,24520.22
2017-11-04 09:00:00,25811.912
2017-11-04 10:00:00,26237.736
2017-11-04 11:00:00,26226.379
2017-11-04 12:00:00,25842.771
2017-11-04 13:00:00,25154.672
2017-11-04 14:00:00,24867.742
2017-11-04 15:00:00,24568.977
2017-11-04 16:00:00,24568.012
2017-11-04 17:00:00,25161.646
2017-11-04 18:00:00,25831.25
2017-11-04 19:00:00,27184.893
2017-11-04 20:00:00,28616.178
2017-11-04 21:00:00,26876.629
2017-11-04 22:00:00,26226.291
2017-11-04 23:00:00,24796.287
2017-11-05 00:00:00,23207.953
2017-11-05 01:00:00,22274.6
2017-11-05 02:00:00,21413.646
2017-11-05 03:00:00,20677.129
2017-11-05 04:00:00,20879.484
2017-11-05 05:00:00,21031.297
2017-11-05 06:00:00,21443.414
2017-11-05 07:00:00,22385.688
2017-11-05 08:00:00,23384.018
2017-11-05 09:00:00,24387.617
2017-11-05 10:00:00,25817.102
2017-11-05 11:00:00,25883.184
2017-11-05 12:00:00,25702.404
2017-11-05 13:00:00,25821.934
2017-11-05 14:00:00,25709.076
2017-11-05 15:00:00,25697.963
2017-11-05 16:00:00,25877.488
2017-11-05 17:00:00,26471.752
2017-11-05 18:00:00,28311.033
2017-11-05 19:00:00,29936.225
2017-11-05 20:00:00,28311.254
2017-11-05 21:00:00,27630.969
2017-11-05 22:00:00,26137.447
2017-11-05 23:00:00,23941.86
2017-11-06 00:00:00,22566.756
2017-11-06 01:00:00,21604.604
2017-11-06 02:00:00,21276.617
2017-11-06 03:00:00,21132.756
2017-11-06 04:00:00,21241.018
2017-11-06 05:00:00,21637.451
2017-11-06 06:00:00,22789.111
2017-11-06 07:00:00,25737.762
2017-11-06 08:00:00,28958.936
2017-11-06 09:00:00,28845.818
2017-11-06 10:00:00,29146.098
2017-11-06 11:00:00,29328.328
2017-11-06 12:00:00,29059.111
2017-11-06 13:00:00,28879.623
2017-11-06 14:00:00,29520.283
2017-11-06 15:00:00,29684.312
2017-11-06 16:00:00,29579.297
2017-11-06 17:00:00,29799.578
2017-11-06 18:00:00,30913.326
2017-11-06 19:00:00,32442.871
2017-11-06 20:00:00,30454.705
2017-11-06 21:00:00,29835.559
2017-11-06 22:00:00,27756.809
2017-11-06 23:00:00,25542.932
2017-11-07 00:00:00,23665.127
2017-11-07 01:00:00,22583.586
2017-11-07 02:00:00,22085.604
2017-11-07 03:00:00,22141.537
2017-11-07 04:00:00,22238.92
2017-11-07 05:00:00,22924.867
2017-11-07 06:00:00,24277.295
2017-11-07 07:00:00,27389.592
2017-11-07 08:00:00,30308.8
2017-11-07 09:00:00,29809.752
2017-11-07 10:00:00,29955.066
2017-11-07 11:00:00,30026.682
2017-11-07 12:00:00,30625.984
2017-11-07 13:00:00,31141.793
2017-11-07 14:00:00,31203.75
2017-11-07 15:00:00,31984.467
2017-11-07 16:00:00,31968.484
2017-11-07 17:00:00,32568.764
2017-11-07 18:00:00,33854.027
2017-11-07 19:00:00,34665.24
2017-11-07 20:00:00,33329.48
2017-11-07 21:00:00,32783.418
2017-11-07 22:00:00,30806.488
2017-11-07 23:00:00,28408.146
2017-11-08 00:00:00,26128.883
2017-11-08 01:00:00,24849.709
2017-11-08 02:00:00,24167.818
2017-11-08 03:00:00,23963.762
2017-11-08 04:00:00,24210.992
2017-11-08 05:00:00,24772.164
2017-11-08 06:00:00,26184.57
2017-11-08 07:00:00,29256.984
2017-11-08 08:00:00,32408.545
2017-11-08 09:00:00,32078.35
2017-11-08 10:00:00,31947.854
2017-11-08 11:00:00,31243.605
2017-11-08 12:00:00,30477.127
2017-11-08 13:00:00,30385.6
2017-11-08 14:00:00,30035.566
2017-11-08 15:00:00,30404.057
2017-11-08 16:00:00,30494.29
2017-11-08 17:00:00,31146.979
2017-11-08 18:00:00,32637.236
2017-11-08 19:00:00,34569.652
2017-11-08 20:00:00,32898.21
2017-11-08 21:00:00,32806.188
2017-11-08 22:00:00,30971.139
2017-11-08 23:00:00,28678.658
2017-11-09 00:00:00,26564.22
2017-11-09 01:00:00,25206.236
2017-11-09 02:00:00,24533.055
2017-11-09 03:00:00,24428.373
2017-11-09 04:00:00,24630.926
2017-11-09 05:00:00,25142.744
2017-11-09 06:00:00,26455.43
2017-11-09 07:00:00,29305.275
2017-11-09 08:00:00,32056.363
2017-11-09 09:00:00,31673.14
2017-11-09 10:00:00,31279.54
2017-11-09 11:00:00,30564.928
2017-11-09 12:00:00,30128.916
2017-11-09 13:00:00,29760.646
2017-11-09 14:00:00,29941.621
2017-11-09 15:00:00,30534.428
2017-11-09 16:00:00,30289.668
2017-11-09 17:00:00,31184.67
2017-11-09 18:00:00,32380.998
2017-11-09 19:00:00,33746.43
2017-11-09 20:00:00,31981.955
2017-11-09 21:00:00,31550.52
2017-11-09 22:00:00,29962.508
2017-11-09 23:00:00,27696.748
2017-11-10 00:00:00,25595.344
2017-11-10 01:00:00,24426.389
2017-11-10 02:00:00,23642.432
2017-11-10 03:00:00,23455.414
2017-11-10 04:00:00,23694.006
2017-11-10 05:00:00,24198.564
2017-11-10 06:00:00,25659.133
2017-11-10 07:00:00,28216.574
2017-11-10 08:00:00,31065.738
2017-11-10 09:00:00,31215.346
2017-11-10 10:00:00,30921.271
2017-11-10 11:00:00,30801.578
2017-11-10 12:00:00,30946.254
2017-11-10 13:00:00,30655.05
2017-11-10 14:00:00,30586.338
2017-11-10 15:00:00,30687.502
2017-11-10 16:00:00,31272.586
2017-11-10 17:00:00,32339.512
2017-11-10 18:00:00,34150.31
2017-11-10 19:00:00,36396.81
2017-11-10 20:00:00,34576.36
2017-11-10 21:00:00,34768.73
2017-11-10 22:00:00,33472.22
2017-11-10 23:00:00,31935.658
2017-11-11 00:00:00,30214.574
2017-11-11 01:00:00,29128.727
2017-11-11 02:00:00,28288.596
2017-11-11 03:00:00,28432.68
2017-11-11 04:00:00,28673.633
2017-11-11 05:00:00,28956.826
2017-11-11 06:00:00,29901.312
2017-11-11 07:00:00,31223.184
2017-11-11 08:00:00,32366.238
2017-11-11 09:00:00,32852.207
2017-11-11 10:00:00,32483.062
2017-11-11 11:00:00,31666.273
2017-11-11 12:00:00,30687.035
2017-11-11 13:00:00,29909.521
2017-11-11 14:00:00,29215.441
2017-11-11 15:00:00,29091.85
2017-11-11 16:00:00,29610.693
2017-11-11 17:00:00,31091.857
2017-11-11 18:00:00,32961.375
2017-11-11 19:00:00,34964.082
2017-11-11 20:00:00,33363.45
2017-11-11 21:00:00,33626.656
2017-11-11 22:00:00,32375.803
2017-11-11 23:00:00,31091.336
2017-11-12 00:00:00,29602.184
2017-11-12 01:00:00,28533.828
2017-11-12 02:00:00,27674.004
2017-11-12 03:00:00,27752.83
2017-11-12 04:00:00,27595.602
2017-11-12 05:00:00,27726.844
2017-11-12 06:00:00,28055.986
2017-11-12 07:00:00,28861.758
2017-11-12 08:00:00,29734.012
2017-11-12 09:00:00,29952.723
2017-11-12 10:00:00,30675.588
2017-11-12 11:00:00,29621.363
2017-11-12 12:00:00,29067.676
2017-11-12 13:00:00,28354.418
2017-11-12 14:00:00,27796.459
2017-11-12 15:00:00,27759.402
2017-11-12 16:00:00,28260.402
2017-11-12 17:00:00,29473.822
2017-11-12 18:00:00,31876.363
2017-11-12 19:00:00,34110.547
2017-11-12 20:00:00,32435.205
2017-11-12 21:00:00,32881.57
2017-11-12 22:00:00,31028.889
2017-11-12 23:00:00,28958.646
2017-11-13 00:00:00,27010.607
2017-11-13 01:00:00,25566.777
2017-11-13 02:00:00,25008.035
2017-11-13 03:00:00,25056.586
2017-11-13 04:00:00,25116.98
2017-11-13 05:00:00,25727.072
2017-11-13 06:00:00,27052.172
2017-11-13 07:00:00,29993.898
2017-11-13 08:00:00,33198.574
2017-11-13 09:00:00,33343.824
2017-11-13 10:00:00,33347.406
2017-11-13 11:00:00,33427.035
2017-11-13 12:00:00,32633.094
2017-11-13 13:00:00,32452.543
2017-11-13 14:00:00,32153.922
2017-11-13 15:00:00,32196.383
2017-11-13 16:00:00,32040.062
2017-11-13 17:00:00,32425.521
2017-11-13 18:00:00,34083.723
2017-11-13 19:00:00,35746.547
2017-11-13 20:00:00,34259.137
2017-11-13 21:00:00,34057.125
2017-11-13 22:00:00,32338.29
2017-11-13 23:00:00,30009.047
2017-11-14 00:00:00,27894.396
2017-11-14 01:00:00,26363.004
2017-11-14 02:00:00,25750.7
2017-11-14 03:00:00,25728.406
2017-11-14 04:00:00,26141.242
2017-11-14 05:00:00,26757.385
2017-11-14 06:00:00,28161.324
2017-11-14 07:00:00,31326.906
2017-11-14 08:00:00,34285.12
2017-11-14 09:00:00,33640.676
2017-11-14 10:00:00,32926.188
2017-11-14 11:00:00,32317.633
2017-11-14 12:00:00,31578.637
2017-11-14 13:00:00,31168.123
2017-11-14 14:00:00,31248.727
2017-11-14 15:00:00,31930.666
2017-11-14 16:00:00,31959.357
2017-11-14 17:00:00,32874.773
2017-11-14 18:00:00,34396.97
2017-11-14 19:00:00,35936.836
2017-11-14 20:00:00,34148.457
2017-11-14 21:00:00,34091.81
2017-11-14 22:00:00,32233.014
2017-11-14 23:00:00,29854.348
2017-11-15 00:00:00,27754.28
2017-11-15 01:00:00,25993.295
2017-11-15 02:00:00,25796.781
2017-11-15 03:00:00,25681.62
2017-11-15 04:00:00,26301.402
2017-11-15 05:00:00,26888.89
2017-11-15 06:00:00,28587.78
2017-11-15 07:00:00,31460.223
2017-11-15 08:00:00,34694.805
2017-11-15 09:00:00,33913.145
2017-11-15 10:00:00,32129.873
2017-11-15 11:00:00,30816.32
2017-11-15 12:00:00,30146.059
2017-11-15 13:00:00,29788.652
2017-11-15 14:00:00,29871.363
2017-11-15 15:00:00,30750.05
2017-11-15 16:00:00,30932.291
2017-11-15 17:00:00,32052.541
2017-11-15 18:00:00,33530.01
2017-11-15 19:00:00,34902.8
2017-11-15 20:00:00,33227.258
2017-11-15 21:00:00,32887.164
2017-11-15 22:00:00,30983.627
2017-11-15 23:00:00,28723.158
2017-11-16 00:00:00,26395.98
2017-11-16 01:00:00,25010.008
2017-11-16 02:00:00,24292.885
2017-11-16 03:00:00,23996.998
2017-11-16 04:00:00,23995.951
2017-11-16 05:00:00,24413.396
2017-11-16 06:00:00,25655.24
2017-11-16 07:00:00,28523.447
2017-11-16 08:00:00,31818.645
2017-11-16 09:00:00,31328.896
2017-11-16 10:00:00,30394.268
2017-11-16 11:00:00,29727.875
2017-11-16 12:00:00,29067.357
2017-11-16 13:00:00,29165.17
2017-11-16 14:00:00,29432.678
2017-11-16 15:00:00,29795.271
2017-11-16 16:00:00,30123.666
2017-11-16 17:00:00,30582.258
2017-11-16 18:00:00,32568.268
2017-11-16 19:00:00,34234.65
2017-11-16 20:00:00,32813.887
2017-11-16 21:00:00,32671.678
2017-11-16 22:00:00,31228.105
2017-11-16 23:00:00,28950.57
2017-11-17 00:00:00,26751.426
2017-11-17 01:00:00,25275.895
2017-11-17 02:00:00,24552.178
2017-11-17 03:00:00,24473.938
2017-11-17 04:00:00,24721.223
2017-11-17 05:00:00,25304.84
2017-11-17 06:00:00,26870.57
2017-11-17 07:00:00,29840.283
2017-11-17 08:00:00,32925.383
2017-11-17 09:00:00,32576.307
2017-11-17 10:00:00,31389.209
2017-11-17 11:00:00,30417.863
2017-11-17 12:00:00,29666.568
2017-11-17 13:00:00,29572.496
2017-11-17 14:00:00,29108.318
2017-11-17 15:00:00,29597.186
2017-11-17 16:00:00,29836.873
2017-11-17 17:00:00,30939.791
2017-11-17 18:00:00,32462.645
2017-11-17 19:00:00,34335.9
2017-11-17 20:00:00,32571.166
2017-11-17 21:00:00,32567.535
2017-11-17 22:00:00,31294.39
2017-11-17 23:00:00,29796.338
2017-11-18 00:00:00,27985.627
2017-11-18 01:00:00,26724.12
2017-11-18 02:00:00,26002.432
2017-11-18 03:00:00,25870.32
2017-11-18 04:00:00,26122.336
2017-11-18 05:00:00,26440.225
2017-11-18 06:00:00,27059.8
2017-11-18 07:00:00,28299.213
2017-11-18 08:00:00,29412.236
2017-11-18 09:00:00,29943.086
2017-11-18 10:00:00,30929.74
2017-11-18 11:00:00,30654.002
2017-11-18 12:00:00,30106.809
2017-11-18 13:00:00,29721.016
2017-11-18 14:00:00,29656.469
2017-11-18 15:00:00,29059.145
2017-11-18 16:00:00,29693.52
2017-11-18 17:00:00,30039.781
2017-11-18 18:00:00,31701.488
2017-11-18 19:00:00,32087.777
2017-11-18 20:00:00,30438.254
2017-11-18 21:00:00,29630.758
2017-11-18 22:00:00,28433.111
2017-11-18 23:00:00,26770.229
2017-11-19 00:00:00,25224.77
2017-11-19 01:00:00,23819.668
2017-11-19 02:00:00,22902.059
2017-11-19 03:00:00,22446.67
2017-11-19 04:00:00,22415.885
2017-11-19 05:00:00,22314.336
2017-11-19 06:00:00,22653.127
2017-11-19 07:00:00,23464.7
2017-11-19 08:00:00,24740.955
2017-11-19 09:00:00,25343.662
2017-11-19 10:00:00,26112.912
2017-11-19 11:00:00,26477.227
2017-11-19 12:00:00,26437.906
2017-11-19 13:00:00,26335.285
2017-11-19 14:00:00,26240.963
2017-11-19 15:00:00,26506.55
2017-11-19 16:00:00,27126.469
2017-11-19 17:00:00,28495.297
2017-11-19 18:00:00,30810.902
2017-11-19 19:00:00,32586.266
2017-11-19 20:00:00,31320.266
2017-11-19 21:00:00,31340.064
2017-11-19 22:00:00,29810.314
2017-11-19 23:00:00,27956.338
2017-11-20 00:00:00,26212.422
2017-11-20 01:00:00,24893.697
2017-11-20 02:00:00,24237.438
2017-11-20 03:00:00,24369.027
2017-11-20 04:00:00,24757.104
2017-11-20 05:00:00,25430.191
2017-11-20 06:00:00,26930.195
2017-11-20 07:00:00,29808.758
2017-11-20 08:00:00,32990.22
2017-11-20 09:00:00,32823.39
2017-11-20 10:00:00,32209.326
2017-11-20 11:00:00,31400.25
2017-11-20 12:00:00,30675.145
2017-11-20 13:00:00,30160.412
2017-11-20 14:00:00,30111.314
2017-11-20 15:00:00,30531.176
2017-11-20 16:00:00,30723.963
2017-11-20 17:00:00,31842.396
2017-11-20 18:00:00,33491.945
2017-11-20 19:00:00,35691.01
2017-11-20 20:00:00,34056.215
2017-11-20 21:00:00,34243.926
2017-11-20 22:00:00,32601.791
2017-11-20 23:00:00,30515.816
2017-11-21 00:00:00,28061.154
2017-11-21 01:00:00,26524.924
2017-11-21 02:00:00,25884.836
2017-11-21 03:00:00,25743.398
2017-11-21 04:00:00,26225.764
2017-11-21 05:00:00,26657.088
2017-11-21 06:00:00,28338.89
2017-11-21 07:00:00,31144.002
2017-11-21 08:00:00,34172.688
2017-11-21 09:00:00,33585.023
2017-11-21 10:00:00,31846.184
2017-11-21 11:00:00,30539.182
2017-11-21 12:00:00,30029.684
2017-11-21 13:00:00,29457.65
2017-11-21 14:00:00,29903.102
2017-11-21 15:00:00,30188.607
2017-11-21 16:00:00,30417.723
2017-11-21 17:00:00,30957.76
2017-11-21 18:00:00,32628.193
2017-11-21 19:00:00,34366.996
2017-11-21 20:00:00,32667.621
2017-11-21 21:00:00,32353.22
2017-11-21 22:00:00,30768.977
2017-11-21 23:00:00,28592.412
2017-11-22 00:00:00,26356.477
2017-11-22 01:00:00,24910.018
2017-11-22 02:00:00,24072.084
2017-11-22 03:00:00,23850.012
2017-11-22 04:00:00,23646.2
2017-11-22 05:00:00,24201.95
2017-11-22 06:00:00,25436.43
2017-11-22 07:00:00,27891.756
2017-11-22 08:00:00,30730.314
2017-11-22 09:00:00,31367.957
2017-11-22 10:00:00,31458.215
2017-11-22 11:00:00,30807.281
2017-11-22 12:00:00,30514.045
2017-11-22 13:00:00,30108.73
2017-11-22 14:00:00,29805.682
2017-11-22 15:00:00,30619.506
2017-11-22 16:00:00,30677.422
2017-11-22 17:00:00,31611.6
2017-11-22 18:00:00,33221.875
2017-11-22 19:00:00,34605.49
2017-11-22 20:00:00,33093.746
2017-11-22 21:00:00,32876.824
2017-11-22 22:00:00,31351.09
2017-11-22 23:00:00,29755.523
2017-11-23 00:00:00,27897.594
2017-11-23 01:00:00,26303.854
2017-11-23 02:00:00,25508.979
2017-11-23 03:00:00,25408.334
2017-11-23 04:00:00,25583.396
2017-11-23 05:00:00,26209.512
2017-11-23 06:00:00,27007.273
2017-11-23 07:00:00,28494.297
2017-11-23 08:00:00,29750.703
2017-11-23 09:00:00,30033.043
2017-11-23 10:00:00,30479.832
2017-11-23 11:00:00,30003.064
2017-11-23 12:00:00,29962.95
2017-11-23 13:00:00,29377.658
2017-11-23 14:00:00,28254.855
2017-11-23 15:00:00,27445.229
2017-11-23 16:00:00,27317.037
2017-11-23 17:00:00,27372.77
2017-11-23 18:00:00,28839.883
2017-11-23 19:00:00,30292.162
2017-11-23 20:00:00,28909.033
2017-11-23 21:00:00,29460.543
2017-11-23 22:00:00,29176.38
2017-11-23 23:00:00,28420.959
2017-11-24 00:00:00,27455.268
2017-11-24 01:00:00,26483.627
2017-11-24 02:00:00,25795.83
2017-11-24 03:00:00,25922.99
2017-11-24 04:00:00,25987.607
2017-11-24 05:00:00,26677.89
2017-11-24 06:00:00,27803.182
2017-11-24 07:00:00,29768.477
2017-11-24 08:00:00,31256.184
2017-11-24 09:00:00,30939.936
2017-11-24 10:00:00,30145.475
2017-11-24 11:00:00,28513.236
2017-11-24 12:00:00,27632.693
2017-11-24 13:00:00,26939.607
2017-11-24 14:00:00,26535.03
2017-11-24 15:00:00,26559.432
2017-11-24 16:00:00,26928.812
2017-11-24 17:00:00,27899.484
2017-11-24 18:00:00,30172.002
2017-11-24 19:00:00,32303.488
2017-11-24 20:00:00,30275.998
2017-11-24 21:00:00,30686.262
2017-11-24 22:00:00,29470.273
2017-11-24 23:00:00,28178.107
2017-11-25 00:00:00,26808.719
2017-11-25 01:00:00,25495.266
2017-11-25 02:00:00,24916.746
2017-11-25 03:00:00,24757.582
2017-11-25 04:00:00,24926.281
2017-11-25 05:00:00,25153.05
2017-11-25 06:00:00,25864.697
2017-11-25 07:00:00,26911.02
2017-11-25 08:00:00,28297.004
2017-11-25 09:00:00,28406.984
2017-11-25 10:00:00,28499.191
2017-11-25 11:00:00,27226.69
2017-11-25 12:00:00,26579.688
2017-11-25 13:00:00,25888.646
2017-11-25 14:00:00,25621.22
2017-11-25 15:00:00,25678.492
2017-11-25 16:00:00,26240.18
2017-11-25 17:00:00,27078.617
2017-11-25 18:00:00,29178.568
2017-11-25 19:00:00,30675.252
2017-11-25 20:00:00,28890.146
2017-11-25 21:00:00,28931.807
2017-11-25 22:00:00,27776.605
2017-11-25 23:00:00,26515.08
2017-11-26 00:00:00,24977.486
2017-11-26 01:00:00,23634.926
2017-11-26 02:00:00,22820.889
2017-11-26 03:00:00,22635.47
2017-11-26 04:00:00,22720.814
2017-11-26 05:00:00,22917.316
2017-11-26 06:00:00,23466.207
2017-11-26 07:00:00,24476.479
2017-11-26 08:00:00,25387.508
2017-11-26 09:00:00,25728.125
2017-11-26 10:00:00,26337.432
2017-11-26 11:00:00,26017.766
2017-11-26 12:00:00,25667.6
2017-11-26 13:00:00,25384.564
2017-11-26 14:00:00,25831.234
2017-11-26 15:00:00,26149.684
2017-11-26 16:00:00,26469.475
2017-11-26 17:00:00,27418.916
2017-11-26 18:00:00,30136.797
2017-11-26 19:00:00,32599.049
2017-11-26 20:00:00,31327.238
2017-11-26 21:00:00,31692.447
2017-11-26 22:00:00,30530.053
2017-11-26 23:00:00,28480.217
2017-11-27 00:00:00,26595.809
2017-11-27 01:00:00,25019.766
2017-11-27 02:00:00,24450.904
2017-11-27 03:00:00,24259.35
2017-11-27 04:00:00,24571.14
2017-11-27 05:00:00,25178.916
2017-11-27 06:00:00,26628.266
2017-11-27 07:00:00,29207.16
2017-11-27 08:00:00,32056.838
2017-11-27 09:00:00,31906.604
2017-11-27 10:00:00,30699.031
2017-11-27 11:00:00,29709.588
2017-11-27 12:00:00,29174.771
2017-11-27 13:00:00,28817.62
2017-11-27 14:00:00,28563.521
2017-11-27 15:00:00,29129.992
2017-11-27 16:00:00,29356.361
2017-11-27 17:00:00,30415.377
2017-11-27 18:00:00,32366.514
2017-11-27 19:00:00,34720.65
2017-11-27 20:00:00,33219.664
2017-11-27 21:00:00,33321.176
2017-11-27 22:00:00,31621.385
2017-11-27 23:00:00,29410.162
2017-11-28 00:00:00,27207.176
2017-11-28 01:00:00,25697.447
2017-11-28 02:00:00,25242.822
2017-11-28 03:00:00,25305.81
2017-11-28 04:00:00,25655.346
2017-11-28 05:00:00,26423.81
2017-11-28 06:00:00,27954.598
2017-11-28 07:00:00,30871.416
2017-11-28 08:00:00,34041.26
2017-11-28 09:00:00,33751.938
2017-11-28 10:00:00,32029.521
2017-11-28 11:00:00,30588.535
2017-11-28 12:00:00,29574.742
2017-11-28 13:00:00,29157.486
2017-11-28 14:00:00,29082.146
2017-11-28 15:00:00,29708.97
2017-11-28 16:00:00,29783.56
2017-11-28 17:00:00,30543.688
2017-11-28 18:00:00,32592.025
2017-11-28 19:00:00,34719.77
2017-11-28 20:00:00,32968.5
2017-11-28 21:00:00,32999.316
2017-11-28 22:00:00,31327.965
2017-11-28 23:00:00,28673.596
2017-11-29 00:00:00,26506.982
2017-11-29 01:00:00,24943.09
2017-11-29 02:00:00,24275.418
2017-11-29 03:00:00,24129.334
2017-11-29 04:00:00,24486.805
2017-11-29 05:00:00,24814.553
2017-11-29 06:00:00,26322.143
2017-11-29 07:00:00,29307.174
2017-11-29 08:00:00,32399.074
2017-11-29 09:00:00,31848.875
2017-11-29 10:00:00,30438.006
2017-11-29 11:00:00,29404.34
2017-11-29 12:00:00,28446.496
2017-11-29 13:00:00,28634.674
2017-11-29 14:00:00,28553.035
2017-11-29 15:00:00,29141.348
2017-11-29 16:00:00,29427.396
2017-11-29 17:00:00,29962.953
2017-11-29 18:00:00,32010.898
2017-11-29 19:00:00,34118.293
2017-11-29 20:00:00,32454.223
2017-11-29 21:00:00,32444.281
2017-11-29 22:00:00,31084.77
2017-11-29 23:00:00,28771.059
2017-11-30 00:00:00,26614.531
2017-11-30 01:00:00,25248.69
2017-11-30 02:00:00,24561.836
2017-11-30 03:00:00,24656.791
2017-11-30 04:00:00,24983.477
2017-11-30 05:00:00,25651.58
2017-11-30 06:00:00,27096.613
2017-11-30 07:00:00,30123.629
2017-11-30 08:00:00,33370.664
2017-11-30 09:00:00,33247.574
2017-11-30 10:00:00,32680.795
2017-11-30 11:00:00,31629.627
2017-11-30 12:00:00,30603.56
2017-11-30 13:00:00,29728.648
2017-11-30 14:00:00,29573.34
2017-11-30 15:00:00,30014.912
2017-11-30 16:00:00,30031.848
2017-11-30 17:00:00,30863.574
2017-11-30 18:00:00,33175.67
2017-11-30 19:00:00,34845.473
2017-11-30 20:00:00,33124.777
2017-11-30 21:00:00,33171.582
2017-11-30 22:00:00,31176.012
2017-11-30 23:00:00,28754.629
2017-12-01 00:00:00,26483.264
2017-12-01 01:00:00,24784.014
2017-12-01 02:00:00,24071.83
2017-12-01 03:00:00,23888.129
2017-12-01 04:00:00,24274.053
2017-12-01 05:00:00,24773.252
2017-12-01 06:00:00,26168.914
2017-12-01 07:00:00,29071.465
2017-12-01 08:00:00,32335.363
2017-12-01 09:00:00,32275.121
2017-12-01 10:00:00,30487.174
2017-12-01 11:00:00,29661.67
2017-12-01 12:00:00,29393.707
2017-12-01 13:00:00,28653.674
2017-12-01 14:00:00,28577.518
2017-12-01 15:00:00,29145.107
2017-12-01 16:00:00,29284.258
2017-12-01 17:00:00,30217.455
2017-12-01 18:00:00,32171.488
2017-12-01 19:00:00,34339.57
2017-12-01 20:00:00,32124.822
2017-12-01 21:00:00,32467.71
2017-12-01 22:00:00,31183.736
2017-12-01 23:00:00,29732.078
2017-12-02 00:00:00,27996.533
2017-12-02 01:00:00,26389.428
2017-12-02 02:00:00,25672.479
2017-12-02 03:00:00,25902.635
2017-12-02 04:00:00,25912.816
2017-12-02 05:00:00,26495.19
2017-12-02 06:00:00,27153.023
2017-12-02 07:00:00,28752.084
2017-12-02 08:00:00,30185.766
2017-12-02 09:00:00,30816.69
2017-12-02 10:00:00,30585.977
2017-12-02 11:00:00,28939.955
2017-12-02 12:00:00,28507.414
2017-12-02 13:00:00,27758.031
2017-12-02 14:00:00,27827.152
2017-12-02 15:00:00,27821.693
2017-12-02 16:00:00,28149.078
2017-12-02 17:00:00,28877.666
2017-12-02 18:00:00,31382.725
2017-12-02 19:00:00,32904.13
2017-12-02 20:00:00,31411.88
2017-12-02 21:00:00,31572.617
2017-12-02 22:00:00,30558.816
2017-12-02 23:00:00,29294.76
2017-12-03 00:00:00,27620.672
2017-12-03 01:00:00,26032.94
2017-12-03 02:00:00,25306.79
2017-12-03 03:00:00,24944.121
2017-12-03 04:00:00,24929.871
2017-12-03 05:00:00,24979.41
2017-12-03 06:00:00,25351.375
2017-12-03 07:00:00,26131.271
2017-12-03 08:00:00,27220.129
2017-12-03 09:00:00,27954.135
2017-12-03 10:00:00,28842.713
2017-12-03 11:00:00,28441.91
2017-12-03 12:00:00,27948.87
2017-12-03 13:00:00,27655.434
2017-12-03 14:00:00,27281.21
2017-12-03 15:00:00,27203.371
2017-12-03 16:00:00,27424.148
2017-12-03 17:00:00,28086.691
2017-12-03 18:00:00,31111.643
2017-12-03 19:00:00,33605.844
2017-12-03 20:00:00,32387.266
2017-12-03 21:00:00,32833.79
2017-12-03 22:00:00,31630.094
2017-12-03 23:00:00,29627.777
2017-12-04 00:00:00,27649.938
2017-12-04 01:00:00,26014.436
2017-12-04 02:00:00,25354.09
2017-12-04 03:00:00,25715.28
2017-12-04 04:00:00,26121.771
2017-12-04 05:00:00,26915.953
2017-12-04 06:00:00,28764.209
2017-12-04 07:00:00,31454.25
2017-12-04 08:00:00,34871.88
2017-12-04 09:00:00,34749.246
2017-12-04 10:00:00,34079.41
2017-12-04 11:00:00,32175.969
2017-12-04 12:00:00,31078.723
2017-12-04 13:00:00,30739.695
2017-12-04 14:00:00,30377.99
2017-12-04 15:00:00,30867.717
2017-12-04 16:00:00,31165.494
2017-12-04 17:00:00,32129.732
2017-12-04 18:00:00,34506.586
2017-12-04 19:00:00,36359.88
2017-12-04 20:00:00,34684.234
2017-12-04 21:00:00,34789.164
2017-12-04 22:00:00,32742.615
2017-12-04 23:00:00,30362.898
2017-12-05 00:00:00,27708.83
2017-12-05 01:00:00,25887.555
2017-12-05 02:00:00,24932.244
2017-12-05 03:00:00,24815.799
2017-12-05 04:00:00,24864.875
2017-12-05 05:00:00,25240.955
2017-12-05 06:00:00,26443.043
2017-12-05 07:00:00,29328.264
2017-12-05 08:00:00,32442.697
2017-12-05 09:00:00,32420.234
2017-12-05 10:00:00,31415.648
2017-12-05 11:00:00,31496.525
2017-12-05 12:00:00,30948.078
2017-12-05 13:00:00,31107.117
2017-12-05 14:00:00,30620.434
2017-12-05 15:00:00,31672.705
2017-12-05 16:00:00,31419.172
2017-12-05 17:00:00,32161.182
2017-12-05 18:00:00,34271.285
2017-12-05 19:00:00,34868.875
2017-12-05 20:00:00,33396.797
2017-12-05 21:00:00,32871.992
2017-12-05 22:00:00,30977.148
2017-12-05 23:00:00,28534.354
2017-12-06 00:00:00,25780.686
2017-12-06 01:00:00,24115.492
2017-12-06 02:00:00,23328.152
2017-12-06 03:00:00,23235.232
2017-12-06 04:00:00,23487.924
2017-12-06 05:00:00,24173.33
2017-12-06 06:00:00,25579.96
2017-12-06 07:00:00,28810.51
2017-12-06 08:00:00,32512.193
2017-12-06 09:00:00,33090.773
2017-12-06 10:00:00,32496.479
2017-12-06 11:00:00,32791.984
2017-12-06 12:00:00,31614.215
2017-12-06 13:00:00,30873.98
2017-12-06 14:00:00,30574.748
2017-12-06 15:00:00,31513.064
2017-12-06 16:00:00,32702.322
2017-12-06 17:00:00,33210.676
2017-12-06 18:00:00,35712.582
2017-12-06 19:00:00,36909.98
2017-12-06 20:00:00,35404.6
2017-12-06 21:00:00,35305.86
2017-12-06 22:00:00,33712.656
2017-12-06 23:00:00,31574.24
2017-12-07 00:00:00,28749.07
2017-12-07 01:00:00,26914.723
2017-12-07 02:00:00,26199.1
2017-12-07 03:00:00,26195.803
2017-12-07 04:00:00,26361.287
2017-12-07 05:00:00,26949.113
2017-12-07 06:00:00,28567.73
2017-12-07 07:00:00,31525.807
2017-12-07 08:00:00,35087.207
2017-12-07 09:00:00,34803.2
2017-12-07 10:00:00,33499.33
2017-12-07 11:00:00,32288.412
2017-12-07 12:00:00,31554.43
2017-12-07 13:00:00,31159.46
2017-12-07 14:00:00,31132.934
2017-12-07 15:00:00,31794.316
2017-12-07 16:00:00,32203.643
2017-12-07 17:00:00,33391.676
2017-12-07 18:00:00,35623.5
2017-12-07 19:00:00,37609.3
2017-12-07 20:00:00,35732.832
2017-12-07 21:00:00,35891.426
2017-12-07 22:00:00,34292.473
2017-12-07 23:00:00,32067.867
2017-12-08 00:00:00,29425.389
2017-12-08 01:00:00,27599.871
2017-12-08 02:00:00,26868.285
2017-12-08 03:00:00,26817.768
2017-12-08 04:00:00,27079.264
2017-12-08 05:00:00,27806.516
2017-12-08 06:00:00,29197.203
2017-12-08 07:00:00,32071.28
2017-12-08 08:00:00,35444.4
2017-12-08 09:00:00,35500.18
2017-12-08 10:00:00,35115.777
2017-12-08 11:00:00,34677.81
2017-12-08 12:00:00,33901.395
2017-12-08 13:00:00,33383.176
2017-12-08 14:00:00,33805.777
2017-12-08 15:00:00,34383.836
2017-12-08 16:00:00,34588.95
2017-12-08 17:00:00,35406.83
2017-12-08 18:00:00,37486.07
2017-12-08 19:00:00,37782.29
2017-12-08 20:00:00,36154.098
2017-12-08 21:00:00,35750.68
2017-12-08 22:00:00,34128.62
2017-12-08 23:00:00,32513.955
2017-12-09 00:00:00,30409.398
2017-12-09 01:00:00,28598.877
2017-12-09 02:00:00,27516.143
2017-12-09 03:00:00,27336.895
2017-12-09 04:00:00,27004.412
2017-12-09 05:00:00,27567.799
2017-12-09 06:00:00,28090.365
2017-12-09 07:00:00,29324.486
2017-12-09 08:00:00,30800.79
2017-12-09 09:00:00,32128.322
2017-12-09 10:00:00,33670.383
2017-12-09 11:00:00,34860.527
2017-12-09 12:00:00,35543.72
2017-12-09 13:00:00,35585.21
2017-12-09 14:00:00,35246.17
2017-12-09 15:00:00,35114.04
2017-12-09 16:00:00,35037.44
2017-12-09 17:00:00,35389.09
2017-12-09 18:00:00,37274.695
2017-12-09 19:00:00,38217.793
2017-12-09 20:00:00,36618.43
2017-12-09 21:00:00,36290.945
2017-12-09 22:00:00,34807.113
2017-12-09 23:00:00,33214.598
2017-12-10 00:00:00,31125.371
2017-12-10 01:00:00,29576.3
2017-12-10 02:00:00,28476.293
2017-12-10 03:00:00,28352.06
2017-12-10 04:00:00,28150.018
2017-12-10 05:00:00,28648.58
2017-12-10 06:00:00,29088.297
2017-12-10 07:00:00,30096.44
2017-12-10 08:00:00,31515.596
2017-12-10 09:00:00,32065.312
2017-12-10 10:00:00,33182.785
2017-12-10 11:00:00,32803.234
2017-12-10 12:00:00,32215.78
2017-12-10 13:00:00,31949.055
2017-12-10 14:00:00,31781.152
2017-12-10 15:00:00,31744.916
2017-12-10 16:00:00,32195.736
2017-12-10 17:00:00,33075.87
2017-12-10 18:00:00,35804.3
2017-12-10 19:00:00,37705.613
2017-12-10 20:00:00,36161.918
2017-12-10 21:00:00,36396.055
2017-12-10 22:00:00,35078.344
2017-12-10 23:00:00,32459.584
2017-12-11 00:00:00,30157.398
2017-12-11 01:00:00,28200.785
2017-12-11 02:00:00,27602.438
2017-12-11 03:00:00,27296.236
2017-12-11 04:00:00,27674.479
2017-12-11 05:00:00,28208.68
2017-12-11 06:00:00,30031.895
2017-12-11 07:00:00,32530.883
2017-12-11 08:00:00,36253.223
2017-12-11 09:00:00,36258.375
2017-12-11 10:00:00,35487.062
2017-12-11 11:00:00,34233.34
2017-12-11 12:00:00,32923.355
2017-12-11 13:00:00,32597.578
2017-12-11 14:00:00,32457.47
2017-12-11 15:00:00,32816.99
2017-12-11 16:00:00,33239.688
2017-12-11 17:00:00,34406.69
2017-12-11 18:00:00,36658.555
2017-12-11 19:00:00,39182.98
2017-12-11 20:00:00,36836.49
2017-12-11 21:00:00,37242.65
2017-12-11 22:00:00,35270.547
2017-12-11 23:00:00,32986.97
2017-12-12 00:00:00,30113.924
2017-12-12 01:00:00,28270.846
2017-12-12 02:00:00,27596.34
2017-12-12 03:00:00,27199.283
2017-12-12 04:00:00,27526.664
2017-12-12 05:00:00,27739.824
2017-12-12 06:00:00,29145.197
2017-12-12 07:00:00,32059.238
2017-12-12 08:00:00,35218.293
2017-12-12 09:00:00,35179.7
2017-12-12 10:00:00,34466.55
2017-12-12 11:00:00,34264.91
2017-12-12 12:00:00,33568.82
2017-12-12 13:00:00,33590.207
2017-12-12 14:00:00,33342.742
2017-12-12 15:00:00,33987.9
2017-12-12 16:00:00,33996.83
2017-12-12 17:00:00,35166.85
2017-12-12 18:00:00,37500.566
2017-12-12 19:00:00,39019.94
2017-12-12 20:00:00,37839.07
2017-12-12 21:00:00,38436.56
2017-12-12 22:00:00,37329.723
2017-12-12 23:00:00,36073.098
2017-12-13 00:00:00,33545.47
2017-12-13 01:00:00,32231.904
2017-12-13 02:00:00,31655.926
2017-12-13 03:00:00,32056.777
2017-12-13 04:00:00,32636.979
2017-12-13 05:00:00,33439.152
2017-12-13 06:00:00,34909.87
2017-12-13 07:00:00,37855.47
2017-12-13 08:00:00,41327.086
2017-12-13 09:00:00,40577.555
2017-12-13 10:00:00,39666.934
2017-12-13 11:00:00,38386.42
2017-12-13 12:00:00,37708.395
2017-12-13 13:00:00,36793.965
2017-12-13 14:00:00,36445.15
2017-12-13 15:00:00,37005.547
2017-12-13 16:00:00,36695.305
2017-12-13 17:00:00,38108.832
2017-12-13 18:00:00,40940.47
2017-12-13 19:00:00,42726.54
2017-12-13 20:00:00,40658.297
2017-12-13 21:00:00,40666.164
2017-12-13 22:00:00,38971.453
2017-12-13 23:00:00,36298.145
2017-12-14 00:00:00,33627.223
2017-12-14 01:00:00,31928.686
2017-12-14 02:00:00,30963.12
2017-12-14 03:00:00,30889.408
2017-12-14 04:00:00,31227.777
2017-12-14 05:00:00,31563.87
2017-12-14 06:00:00,33121.48
2017-12-14 07:00:00,35440.105
2017-12-14 08:00:00,38162.86
2017-12-14 09:00:00,38121.63
2017-12-14 10:00:00,37285.688
2017-12-14 11:00:00,36780.777
2017-12-14 12:00:00,35995.418
2017-12-14 13:00:00,35518.418
2017-12-14 14:00:00,35048.816
2017-12-14 15:00:00,35233.168
2017-12-14 16:00:00,35766.05
2017-12-14 17:00:00,36715.543
2017-12-14 18:00:00,39610.492
2017-12-14 19:00:00,41709.02
2017-12-14 20:00:00,39709.066
2017-12-14 21:00:00,40111.418
2017-12-14 22:00:00,38563.684
2017-12-14 23:00:00,36489.723
2017-12-15 00:00:00,33734.24
2017-12-15 01:00:00,32096.65
2017-12-15 02:00:00,31465.61
2017-12-15 03:00:00,31641.717
2017-12-15 04:00:00,32209.014
2017-12-15 05:00:00,32959.055
2017-12-15 06:00:00,34450.867
2017-12-15 07:00:00,36935.18
2017-12-15 08:00:00,40041.992
2017-12-15 09:00:00,39920.7
2017-12-15 10:00:00,39628.258
2017-12-15 11:00:00,39325.77
2017-12-15 12:00:00,38956.39
2017-12-15 13:00:00,38944.637
2017-12-15 14:00:00,38652.824
2017-12-15 15:00:00,39309.07
2017-12-15 16:00:00,39297.074
2017-12-15 17:00:00,39687.53
2017-12-15 18:00:00,41462.75
2017-12-15 19:00:00,42433.832
2017-12-15 20:00:00,40588.086
2017-12-15 21:00:00,40442.625
2017-12-15 22:00:00,38943.043
2017-12-15 23:00:00,37417.08
2017-12-16 00:00:00,35101.29
2017-12-16 01:00:00,33488.18
2017-12-16 02:00:00,32572.047
2017-12-16 03:00:00,32388.338
2017-12-16 04:00:00,32334.178
2017-12-16 05:00:00,32267.422
2017-12-16 06:00:00,33159.844
2017-12-16 07:00:00,34398.754
2017-12-16 08:00:00,35875.535
2017-12-16 09:00:00,36494.184
2017-12-16 10:00:00,37274.977
2017-12-16 11:00:00,36521.633
2017-12-16 12:00:00,34921.89
2017-12-16 13:00:00,34012.69
2017-12-16 14:00:00,32698.031
2017-12-16 15:00:00,32858.375
2017-12-16 16:00:00,33002.547
2017-12-16 17:00:00,33759.113
2017-12-16 18:00:00,36143.875
2017-12-16 19:00:00,37702.67
2017-12-16 20:00:00,35650.38
2017-12-16 21:00:00,35881.84
2017-12-16 22:00:00,34435.64
2017-12-16 23:00:00,33141.805
2017-12-17 00:00:00,31342.387
2017-12-17 01:00:00,29610.707
2017-12-17 02:00:00,28677.156
2017-12-17 03:00:00,28580.023
2017-12-17 04:00:00,28550.076
2017-12-17 05:00:00,28945.996
2017-12-17 06:00:00,29520.24
2017-12-17 07:00:00,30562.643
2017-12-17 08:00:00,31935.533
2017-12-17 09:00:00,32404.498
2017-12-17 10:00:00,33047.133
2017-12-17 11:00:00,32359.207
2017-12-17 12:00:00,31280.232
2017-12-17 13:00:00,30858.342
2017-12-17 14:00:00,30971.941
2017-12-17 15:00:00,31078.854
2017-12-17 16:00:00,31510.459
2017-12-17 17:00:00,32377.055
2017-12-17 18:00:00,35122.242
2017-12-17 19:00:00,36572.09
2017-12-17 20:00:00,35148.11
2017-12-17 21:00:00,35404.652
2017-12-17 22:00:00,34021.555
2017-12-17 23:00:00,31846.896
2017-12-18 00:00:00,29430.727
2017-12-18 01:00:00,27593.95
2017-12-18 02:00:00,26907.756
2017-12-18 03:00:00,26356.684
2017-12-18 04:00:00,26686.85
2017-12-18 05:00:00,27307.63
2017-12-18 06:00:00,28808.355
2017-12-18 07:00:00,31702.486
2017-12-18 08:00:00,34839.395
2017-12-18 09:00:00,35489.965
2017-12-18 10:00:00,34720.93
2017-12-18 11:00:00,33498.05
2017-12-18 12:00:00,32341.816
2017-12-18 13:00:00,31579.914
2017-12-18 14:00:00,31405.756
2017-12-18 15:00:00,31854.562
2017-12-18 16:00:00,32005.916
2017-12-18 17:00:00,33367.65
2017-12-18 18:00:00,35564.75
2017-12-18 19:00:00,37180.523
2017-12-18 20:00:00,35616.938
2017-12-18 21:00:00,35350.582
2017-12-18 22:00:00,33672.594
2017-12-18 23:00:00,31394.4
2017-12-19 00:00:00,28639.707
2017-12-19 01:00:00,26567.443
2017-12-19 02:00:00,25640.432
2017-12-19 03:00:00,25651.912
2017-12-19 04:00:00,25774.52
2017-12-19 05:00:00,26327.127
2017-12-19 06:00:00,27746.95
2017-12-19 07:00:00,30666.994
2017-12-19 08:00:00,33964.414
2017-12-19 09:00:00,34195.285
2017-12-19 10:00:00,33012.008
2017-12-19 11:00:00,32059.885
2017-12-19 12:00:00,30670.816
2017-12-19 13:00:00,30051.957
2017-12-19 14:00:00,30024.828
2017-12-19 15:00:00,30477.646
2017-12-19 16:00:00,30642.473
2017-12-19 17:00:00,31624.938
2017-12-19 18:00:00,33841.6
2017-12-19 19:00:00,36097.54
2017-12-19 20:00:00,34210.4
2017-12-19 21:00:00,34313.176
2017-12-19 22:00:00,32809.07
2017-12-19 23:00:00,30488.453
2017-12-20 00:00:00,27862.824
2017-12-20 01:00:00,25947.086
2017-12-20 02:00:00,25112.094
2017-12-20 03:00:00,24777.545
2017-12-20 04:00:00,24799.65
2017-12-20 05:00:00,25397.582
2017-12-20 06:00:00,26887.422
2017-12-20 07:00:00,29768.932
2017-12-20 08:00:00,33342.527
2017-12-20 09:00:00,33579.03
2017-12-20 10:00:00,33012.695
2017-12-20 11:00:00,33209.742
2017-12-20 12:00:00,32565.033
2017-12-20 13:00:00,32133.46
2017-12-20 14:00:00,31676.691
2017-12-20 15:00:00,31882.979
2017-12-20 16:00:00,32087.484
2017-12-20 17:00:00,32957.49
2017-12-20 18:00:00,35192.508
2017-12-20 19:00:00,37766.35
2017-12-20 20:00:00,35803.19
2017-12-20 21:00:00,36421.113
2017-12-20 22:00:00,35181.59
2017-12-20 23:00:00,33049.75
2017-12-21 00:00:00,30797.137
2017-12-21 01:00:00,28857.445
2017-12-21 02:00:00,28149.453
2017-12-21 03:00:00,28102.344
2017-12-21 04:00:00,28444.281
2017-12-21 05:00:00,29270.5
2017-12-21 06:00:00,30882.734
2017-12-21 07:00:00,33537.895
2017-12-21 08:00:00,36932.746
2017-12-21 09:00:00,36996.703
2017-12-21 10:00:00,35666.54
2017-12-21 11:00:00,33636.016
2017-12-21 12:00:00,32631.545
2017-12-21 13:00:00,31692.875
2017-12-21 14:00:00,31428.66
2017-12-21 15:00:00,32124.537
2017-12-21 16:00:00,32402.303
2017-12-21 17:00:00,33742.34
2017-12-21 18:00:00,36166.74
2017-12-21 19:00:00,38656.293
2017-12-21 20:00:00,36642.805
2017-12-21 21:00:00,37107.477
2017-12-21 22:00:00,35649.906
2017-12-21 23:00:00,33799.145
2017-12-22 00:00:00,31364.033
2017-12-22 01:00:00,29585.754
2017-12-22 02:00:00,28436.691
2017-12-22 03:00:00,28387.38
2017-12-22 04:00:00,28321.44
2017-12-22 05:00:00,28747.68
2017-12-22 06:00:00,29780.113
2017-12-22 07:00:00,32170.533
2017-12-22 08:00:00,34846.277
2017-12-22 09:00:00,35351.836
2017-12-22 10:00:00,35057.406
2017-12-22 11:00:00,34726.09
2017-12-22 12:00:00,33849.566
2017-12-22 13:00:00,32865.113
2017-12-22 14:00:00,31977.412
2017-12-22 15:00:00,32122.717
2017-12-22 16:00:00,32037.457
2017-12-22 17:00:00,33177.336
2017-12-22 18:00:00,35215.66
2017-12-22 19:00:00,36180.21
2017-12-22 20:00:00,33986.094
2017-12-22 21:00:00,33726.727
2017-12-22 22:00:00,32048.719
2017-12-22 23:00:00,30449.814
2017-12-23 00:00:00,28300.781
2017-12-23 01:00:00,26364.889
2017-12-23 02:00:00,25149.531
2017-12-23 03:00:00,24628.102
2017-12-23 04:00:00,24431.37
2017-12-23 05:00:00,24668.92
2017-12-23 06:00:00,25118.264
2017-12-23 07:00:00,25988.764
2017-12-23 08:00:00,27354.25
2017-12-23 09:00:00,28510.223
2017-12-23 10:00:00,30068.234
2017-12-23 11:00:00,30993.393
2017-12-23 12:00:00,31143.947
2017-12-23 13:00:00,30934.764
2017-12-23 14:00:00,30302.873
2017-12-23 15:00:00,29720.273
2017-12-23 16:00:00,29589.932
2017-12-23 17:00:00,29820.521
2017-12-23 18:00:00,31901.566
2017-12-23 19:00:00,32656.504
2017-12-23 20:00:00,31155.549
2017-12-23 21:00:00,31160.771
2017-12-23 22:00:00,29827.17
2017-12-23 23:00:00,28605.754
2017-12-24 00:00:00,27056.04
2017-12-24 01:00:00,25355.068
2017-12-24 02:00:00,24157.977
2017-12-24 03:00:00,23822.033
2017-12-24 04:00:00,23654.373
2017-12-24 05:00:00,24161.127
2017-12-24 06:00:00,24706.982
2017-12-24 07:00:00,25751.88
2017-12-24 08:00:00,27249.047
2017-12-24 09:00:00,28250.584
2017-12-24 10:00:00,29286.32
2017-12-24 11:00:00,29467.9
2017-12-24 12:00:00,29450.383
2017-12-24 13:00:00,29424.795
2017-12-24 14:00:00,29431.941
2017-12-24 15:00:00,29475.236
2017-12-24 16:00:00,29935.416
2017-12-24 17:00:00,30211.65
2017-12-24 18:00:00,32408.227
2017-12-24 19:00:00,33117.176
2017-12-24 20:00:00,31184.854
2017-12-24 21:00:00,31213.645
2017-12-24 22:00:00,30307.275
2017-12-24 23:00:00,29654.0
2017-12-25 00:00:00,28187.357
2017-12-25 01:00:00,26482.947
2017-12-25 02:00:00,25341.586
2017-12-25 03:00:00,24732.055
2017-12-25 04:00:00,24610.775
2017-12-25 05:00:00,24923.656
2017-12-25 06:00:00,25766.736
2017-12-25 07:00:00,27264.832
2017-12-25 08:00:00,28803.12
2017-12-25 09:00:00,29960.52
2017-12-25 10:00:00,30819.322
2017-12-25 11:00:00,30852.012
2017-12-25 12:00:00,30859.848
2017-12-25 13:00:00,30746.3
2017-12-25 14:00:00,30303.389
2017-12-25 15:00:00,30273.229
2017-12-25 16:00:00,30637.54
2017-12-25 17:00:00,31463.45
2017-12-25 18:00:00,33496.418
2017-12-25 19:00:00,35139.586
2017-12-25 20:00:00,34075.566
2017-12-25 21:00:00,34450.113
2017-12-25 22:00:00,33826.973
2017-12-25 23:00:00,32515.365
2017-12-26 00:00:00,31276.57
2017-12-26 01:00:00,29818.152
2017-12-26 02:00:00,28354.012
2017-12-26 03:00:00,28619.244
2017-12-26 04:00:00,28665.748
2017-12-26 05:00:00,29378.62
2017-12-26 06:00:00,30662.77
2017-12-26 07:00:00,32557.057
2017-12-26 08:00:00,34680.184
2017-12-26 09:00:00,35570.4
2017-12-26 10:00:00,35975.38
2017-12-26 11:00:00,36236.18
2017-12-26 12:00:00,35826.125
2017-12-26 13:00:00,34475.305
2017-12-26 14:00:00,33689.54
2017-12-26 15:00:00,34083.242
2017-12-26 16:00:00,34329.08
2017-12-26 17:00:00,35365.105
2017-12-26 18:00:00,38100.926
2017-12-26 19:00:00,40562.95
2017-12-26 20:00:00,38431.117
2017-12-26 21:00:00,38854.535
2017-12-26 22:00:00,37282.945
2017-12-26 23:00:00,35425.664
2017-12-27 00:00:00,33246.027
2017-12-27 01:00:00,31702.174
2017-12-27 02:00:00,31155.031
2017-12-27 03:00:00,30760.002
2017-12-27 04:00:00,31325.967
2017-12-27 05:00:00,31985.102
2017-12-27 06:00:00,33022.227
2017-12-27 07:00:00,35182.44
2017-12-27 08:00:00,37578.406
2017-12-27 09:00:00,38281.137
2017-12-27 10:00:00,38793.63
2017-12-27 11:00:00,38893.152
2017-12-27 12:00:00,38473.617
2017-12-27 13:00:00,37354.71
2017-12-27 14:00:00,36632.953
2017-12-27 15:00:00,37282.97
2017-12-27 16:00:00,37416.297
2017-12-27 17:00:00,38154.637
2017-12-27 18:00:00,40977.58
2017-12-27 19:00:00,43722.63
2017-12-27 20:00:00,41436.383
2017-12-27 21:00:00,42322.28
2017-12-27 22:00:00,40474.938
2017-12-27 23:00:00,38912.57
2017-12-28 00:00:00,36858.805
2017-12-28 01:00:00,35323.508
2017-12-28 02:00:00,34456.31
2017-12-28 03:00:00,35118.656
2017-12-28 04:00:00,35334.164
2017-12-28 05:00:00,36240.516
2017-12-28 06:00:00,37327.12
2017-12-28 07:00:00,39023.383
2017-12-28 08:00:00,41523.41
2017-12-28 09:00:00,41841.184
2017-12-28 10:00:00,42299.977
2017-12-28 11:00:00,40780.39
2017-12-28 12:00:00,40259.6
2017-12-28 13:00:00,39239.637
2017-12-28 14:00:00,39265.742
2017-12-28 15:00:00,39478.207
2017-12-28 16:00:00,39499.695
2017-12-28 17:00:00,40628.676
2017-12-28 18:00:00,42845.01
2017-12-28 19:00:00,45849.88
2017-12-28 20:00:00,43165.402
2017-12-28 21:00:00,44224.637
2017-12-28 22:00:00,42052.18
2017-12-28 23:00:00,41771.805
2017-12-29 00:00:00,38030.703
2017-12-29 01:00:00,37536.496
2017-12-29 02:00:00,35985.89
2017-12-29 03:00:00,36100.332
2017-12-29 04:00:00,36615.164
2017-12-29 05:00:00,36807.445
2017-12-29 06:00:00,37374.21
2017-12-29 07:00:00,38993.766
2017-12-29 08:00:00,40879.01
2017-12-29 09:00:00,41637.5
2017-12-29 10:00:00,41259.812
2017-12-29 11:00:00,40189.535
2017-12-29 12:00:00,40059.883
2017-12-29 13:00:00,39778.938
2017-12-29 14:00:00,39079.133
2017-12-29 15:00:00,37440.41
2017-12-29 16:00:00,38867.348
2017-12-29 17:00:00,39473.777
2017-12-29 18:00:00,41551.953
2017-12-29 19:00:00,44536.477
2017-12-29 20:00:00,41578.086
2017-12-29 21:00:00,42778.61
2017-12-29 22:00:00,40593.953
2017-12-29 23:00:00,39476.91
2017-12-30 00:00:00,37469.145
2017-12-30 01:00:00,35632.523
2017-12-30 02:00:00,34646.348
2017-12-30 03:00:00,34124.4
2017-12-30 04:00:00,33944.195
2017-12-30 05:00:00,34443.656
2017-12-30 06:00:00,35139.52
2017-12-30 07:00:00,35868.508
2017-12-30 08:00:00,36969.125
2017-12-30 09:00:00,37682.87
2017-12-30 10:00:00,38529.004
2017-12-30 11:00:00,39788.3
2017-12-30 12:00:00,39479.965
2017-12-30 13:00:00,39017.203
2017-12-30 14:00:00,37954.07
2017-12-30 15:00:00,37100.52
2017-12-30 16:00:00,37506.09
2017-12-30 17:00:00,37498.297
2017-12-30 18:00:00,39511.242
2017-12-30 19:00:00,41782.02
2017-12-30 20:00:00,40211.844
2017-12-30 21:00:00,40506.406
2017-12-30 22:00:00,39861.582
2017-12-30 23:00:00,37959.016
2017-12-31 00:00:00,36385.55
2017-12-31 01:00:00,34470.586
2017-12-31 02:00:00,34694.47
2017-12-31 03:00:00,33776.59
2017-12-31 04:00:00,34591.746
2017-12-31 05:00:00,34881.094
2017-12-31 06:00:00,35607.516
2017-12-31 07:00:00,36648.633
2017-12-31 08:00:00,37699.203
2017-12-31 09:00:00,38315.242
2017-12-31 10:00:00,38993.418
2017-12-31 11:00:00,38969.99
2017-12-31 12:00:00,39837.48
2017-12-31 13:00:00,39595.992
2017-12-31 14:00:00,39969.68
2017-12-31 15:00:00,40286.332
2017-12-31 16:00:00,40588.957
2017-12-31 17:00:00,41023.152
2017-12-31 18:00:00,42873.63
2017-12-31 19:00:00,45511.125
2017-12-31 20:00:00,43134.258
2017-12-31 21:00:00,43406.74
2017-12-31 22:00:00,41643.81
2017-12-31 23:00:00,40609.516
2018-01-01 00:00:00,39700.598
2018-01-01 01:00:00,38637.29
2018-01-01 02:00:00,38025.96
2018-01-01 03:00:00,37901.797
2018-01-01 04:00:00,37523.97
2018-01-01 05:00:00,38057.656
2018-01-01 06:00:00,38480.902
2018-01-01 07:00:00,39478.797
2018-01-01 08:00:00,40330.535
2018-01-01 09:00:00,40265.1
2018-01-01 10:00:00,40558.0
2018-01-01 11:00:00,39542.867
2018-01-01 12:00:00,39686.305
2018-01-01 13:00:00,39336.918
2018-01-01 14:00:00,39191.35
2018-01-01 15:00:00,39155.367
2018-01-01 16:00:00,39450.71
2018-01-01 17:00:00,40336.566
2018-01-01 18:00:00,42615.266
2018-01-01 19:00:00,45485.35
2018-01-01 20:00:00,43219.184
2018-01-01 21:00:00,44537.73
2018-01-01 22:00:00,42559.766
2018-01-01 23:00:00,41021.645
2018-01-02 00:00:00,38209.773
2018-01-02 01:00:00,37501.86
2018-01-02 02:00:00,37059.914
2018-01-02 03:00:00,37053.91
2018-01-02 04:00:00,37626.965
2018-01-02 05:00:00,38181.36
2018-01-02 06:00:00,39214.094
2018-01-02 07:00:00,41883.957
2018-01-02 08:00:00,44786.875
2018-01-02 09:00:00,44690.15
2018-01-02 10:00:00,43685.992
2018-01-02 11:00:00,43211.566
2018-01-02 12:00:00,41652.36
2018-01-02 13:00:00,41136.27
2018-01-02 14:00:00,40415.973
2018-01-02 15:00:00,40337.094
2018-01-02 16:00:00,40189.723
2018-01-02 17:00:00,41244.457
2018-01-02 18:00:00,43523.688
2018-01-02 19:00:00,46919.703
2018-01-02 20:00:00,44614.516
2018-01-02 21:00:00,45477.332
2018-01-02 22:00:00,43711.633
2018-01-02 23:00:00,41663.684
2018-01-03 00:00:00,39784.664
2018-01-03 01:00:00,37418.5
2018-01-03 02:00:00,37310.73
2018-01-03 03:00:00,37738.53
2018-01-03 04:00:00,38141.332
2018-01-03 05:00:00,39088.19
2018-01-03 06:00:00,40386.266
2018-01-03 07:00:00,43026.0
2018-01-03 08:00:00,46401.887
2018-01-03 09:00:00,45970.03
2018-01-03 10:00:00,44455.184
2018-01-03 11:00:00,41966.12
2018-01-03 12:00:00,40449.562
2018-01-03 13:00:00,39798.316
2018-01-03 14:00:00,38868.62
2018-01-03 15:00:00,38880.914
2018-01-03 16:00:00,38524.81
2018-01-03 17:00:00,40018.504
2018-01-03 18:00:00,42213.297
2018-01-03 19:00:00,44658.45
2018-01-03 20:00:00,42729.977
2018-01-03 21:00:00,43052.79
2018-01-03 22:00:00,41153.31
2018-01-03 23:00:00,38620.316
2018-01-04 00:00:00,36106.79
2018-01-04 01:00:00,34530.777
2018-01-04 02:00:00,33720.82
2018-01-04 03:00:00,34358.516
2018-01-04 04:00:00,34576.93
2018-01-04 05:00:00,35572.156
2018-01-04 06:00:00,36836.82
2018-01-04 07:00:00,38833.957
2018-01-04 08:00:00,40989.47
2018-01-04 09:00:00,41745.54
2018-01-04 10:00:00,42488.83
2018-01-04 11:00:00,43261.867
2018-01-04 12:00:00,43807.625
2018-01-04 13:00:00,43887.457
2018-01-04 14:00:00,43453.82
2018-01-04 15:00:00,43766.96
2018-01-04 16:00:00,42800.66
2018-01-04 17:00:00,43027.363
2018-01-04 18:00:00,44184.88
2018-01-04 19:00:00,47177.215
2018-01-04 20:00:00,44397.902
2018-01-04 21:00:00,45105.97
2018-01-04 22:00:00,43613.39
2018-01-04 23:00:00,41824.566
2018-01-05 00:00:00,40347.54
2018-01-05 01:00:00,38722.418
2018-01-05 02:00:00,38856.883
2018-01-05 03:00:00,38993.477
2018-01-05 04:00:00,39548.535
2018-01-05 05:00:00,40214.992
2018-01-05 06:00:00,41352.188
2018-01-05 07:00:00,43491.188
2018-01-05 08:00:00,45889.633
2018-01-05 09:00:00,46517.887
2018-01-05 10:00:00,46196.21
2018-01-05 11:00:00,45441.293
2018-01-05 12:00:00,44708.89
2018-01-05 13:00:00,44096.254
2018-01-05 14:00:00,43732.51
2018-01-05 15:00:00,43461.695
2018-01-05 16:00:00,43462.363
2018-01-05 17:00:00,44525.254
2018-01-05 18:00:00,46859.195
2018-01-05 19:00:00,49723.773
2018-01-05 20:00:00,47070.402
2018-01-05 21:00:00,47860.98
2018-01-05 22:00:00,45942.105
2018-01-05 23:00:00,44505.16
2018-01-06 00:00:00,42963.453
2018-01-06 01:00:00,40952.83
2018-01-06 02:00:00,40980.625
2018-01-06 03:00:00,40585.04
2018-01-06 04:00:00,40965.457
2018-01-06 05:00:00,41193.254
2018-01-06 06:00:00,41707.67
2018-01-06 07:00:00,42622.617
2018-01-06 08:00:00,43824.12
2018-01-06 09:00:00,44500.37
2018-01-06 10:00:00,44502.04
2018-01-06 11:00:00,44137.48
2018-01-06 12:00:00,43548.89
2018-01-06 13:00:00,43093.86
2018-01-06 14:00:00,42458.26
2018-01-06 15:00:00,42397.273
2018-01-06 16:00:00,42422.535
2018-01-06 17:00:00,43470.605
2018-01-06 18:00:00,45803.793
2018-01-06 19:00:00,48394.33
2018-01-06 20:00:00,46459.36
2018-01-06 21:00:00,46898.734
2018-01-06 22:00:00,45597.6
2018-01-06 23:00:00,44117.027
2018-01-07 00:00:00,43004.16
2018-01-07 01:00:00,41310.727
2018-01-07 02:00:00,41013.227
2018-01-07 03:00:00,40682.664
2018-01-07 04:00:00,40954.68
2018-01-07 05:00:00,41199.84
2018-01-07 06:00:00,41592.977
2018-01-07 07:00:00,42550.203
2018-01-07 08:00:00,43306.926
2018-01-07 09:00:00,44098.168
2018-01-07 10:00:00,43614.637
2018-01-07 11:00:00,42379.145
2018-01-07 12:00:00,41619.707
2018-01-07 13:00:00,40474.184
2018-01-07 14:00:00,39957.723
2018-01-07 15:00:00,39627.88
2018-01-07 16:00:00,40290.145
2018-01-07 17:00:00,41496.047
2018-01-07 18:00:00,43715.17
2018-01-07 19:00:00,46540.125
2018-01-07 20:00:00,44532.742
2018-01-07 21:00:00,44931.047
2018-01-07 22:00:00,43459.285
2018-01-07 23:00:00,41205.684
2018-01-08 00:00:00,39143.406
2018-01-08 01:00:00,37474.184
2018-01-08 02:00:00,37297.215
2018-01-08 03:00:00,36768.125
2018-01-08 04:00:00,37513.113
2018-01-08 05:00:00,37658.258
2018-01-08 06:00:00,38795.027
2018-01-08 07:00:00,41169.7
2018-01-08 08:00:00,44287.145
2018-01-08 09:00:00,43845.023
2018-01-08 10:00:00,42815.574
2018-01-08 11:00:00,42370.277
2018-01-08 12:00:00,40742.83
2018-01-08 13:00:00,40689.23
2018-01-08 14:00:00,40325.805
2018-01-08 15:00:00,40695.14
2018-01-08 16:00:00,40864.953
2018-01-08 17:00:00,41082.527
2018-01-08 18:00:00,42579.555
2018-01-08 19:00:00,44270.312
2018-01-08 20:00:00,41715.117
2018-01-08 21:00:00,41634.824
2018-01-08 22:00:00,39156.434
2018-01-08 23:00:00,36711.63
2018-01-09 00:00:00,34208.215
2018-01-09 01:00:00,32603.955
2018-01-09 02:00:00,31928.756
2018-01-09 03:00:00,31950.49
2018-01-09 04:00:00,32556.05
2018-01-09 05:00:00,33278.395
2018-01-09 06:00:00,34657.555
2018-01-09 07:00:00,37188.844
2018-01-09 08:00:00,39977.48
2018-01-09 09:00:00,40034.453
2018-01-09 10:00:00,38913.938
2018-01-09 11:00:00,36346.14
2018-01-09 12:00:00,35408.613
2018-01-09 13:00:00,34446.082
2018-01-09 14:00:00,34154.65
2018-01-09 15:00:00,34125.17
2018-01-09 16:00:00,34089.85
2018-01-09 17:00:00,35122.484
2018-01-09 18:00:00,36694.95
2018-01-09 19:00:00,39680.72
2018-01-09 20:00:00,37936.848
2018-01-09 21:00:00,38379.785
2018-01-09 22:00:00,37052.793
2018-01-09 23:00:00,35061.55
2018-01-10 00:00:00,32824.875
2018-01-10 01:00:00,31602.682
2018-01-10 02:00:00,31103.318
2018-01-10 03:00:00,31617.387
2018-01-10 04:00:00,32113.758
2018-01-10 05:00:00,32776.746
2018-01-10 06:00:00,34208.37
2018-01-10 07:00:00,36843.254
2018-01-10 08:00:00,40173.754
2018-01-10 09:00:00,39727.01
2018-01-10 10:00:00,38343.582
2018-01-10 11:00:00,36199.02
2018-01-10 12:00:00,34850.324
2018-01-10 13:00:00,34333.215
2018-01-10 14:00:00,34219.01
2018-01-10 15:00:00,34785.414
2018-01-10 16:00:00,35269.258
2018-01-10 17:00:00,35991.883
2018-01-10 18:00:00,37403.004
2018-01-10 19:00:00,39407.297
2018-01-10 20:00:00,37481.816
2018-01-10 21:00:00,37520.18
2018-01-10 22:00:00,35563.777
2018-01-10 23:00:00,33268.598
2018-01-11 00:00:00,30762.016
2018-01-11 01:00:00,28960.557
2018-01-11 02:00:00,28505.07
2018-01-11 03:00:00,28334.922
2018-01-11 04:00:00,28580.305
2018-01-11 05:00:00,29004.127
2018-01-11 06:00:00,30299.008
2018-01-11 07:00:00,32958.32
2018-01-11 08:00:00,35961.836
2018-01-11 09:00:00,35982.395
2018-01-11 10:00:00,34661.438
2018-01-11 11:00:00,34063.64
2018-01-11 12:00:00,32543.277
2018-01-11 13:00:00,32457.297
2018-01-11 14:00:00,31645.545
2018-01-11 15:00:00,31902.852
2018-01-11 16:00:00,31838.1
2018-01-11 17:00:00,32294.098
2018-01-11 18:00:00,33947.48
2018-01-11 19:00:00,36116.785
2018-01-11 20:00:00,34138.082
2018-01-11 21:00:00,34110.125
2018-01-11 22:00:00,32348.043
2018-01-11 23:00:00,29815.97
2018-01-12 00:00:00,27548.617
2018-01-12 01:00:00,25868.037
2018-01-12 02:00:00,24940.406
2018-01-12 03:00:00,24517.885
2018-01-12 04:00:00,24597.592
2018-01-12 05:00:00,24966.438
2018-01-12 06:00:00,25690.18
2018-01-12 07:00:00,28309.873
2018-01-12 08:00:00,31687.936
2018-01-12 09:00:00,32127.965
2018-01-12 10:00:00,31364.668
2018-01-12 11:00:00,31826.2
2018-01-12 12:00:00,31871.807
2018-01-12 13:00:00,31644.229
2018-01-12 14:00:00,31483.031
2018-01-12 15:00:00,31406.994
2018-01-12 16:00:00,31096.121
2018-01-12 17:00:00,31158.28
2018-01-12 18:00:00,32676.45
2018-01-12 19:00:00,33454.367
2018-01-12 20:00:00,31594.543
2018-01-12 21:00:00,30944.502
2018-01-12 22:00:00,29210.092
2018-01-12 23:00:00,27558.377
2018-01-13 00:00:00,25843.596
2018-01-13 01:00:00,24273.422
2018-01-13 02:00:00,23431.604
2018-01-13 03:00:00,23227.947
2018-01-13 04:00:00,23131.385
2018-01-13 05:00:00,23549.506
2018-01-13 06:00:00,24232.29
2018-01-13 07:00:00,25668.975
2018-01-13 08:00:00,27833.805
2018-01-13 09:00:00,29865.95
2018-01-13 10:00:00,31718.611
2018-01-13 11:00:00,32860.312
2018-01-13 12:00:00,32749.342
2018-01-13 13:00:00,32256.047
2018-01-13 14:00:00,31679.97
2018-01-13 15:00:00,31633.385
2018-01-13 16:00:00,32105.053
2018-01-13 17:00:00,33442.156
2018-01-13 18:00:00,35466.66
2018-01-13 19:00:00,37614.45
2018-01-13 20:00:00,37161.1
2018-01-13 21:00:00,36778.86
2018-01-13 22:00:00,36860.023
2018-01-13 23:00:00,35208.625
2018-01-14 00:00:00,34508.875
2018-01-14 01:00:00,33077.777
2018-01-14 02:00:00,32616.719
2018-01-14 03:00:00,33004.03
2018-01-14 04:00:00,33022.6
2018-01-14 05:00:00,33903.08
2018-01-14 06:00:00,34501.36
2018-01-14 07:00:00,35646.625
2018-01-14 08:00:00,37064.508
2018-01-14 09:00:00,37521.77
2018-01-14 10:00:00,38072.805
2018-01-14 11:00:00,36921.723
2018-01-14 12:00:00,36350.973
2018-01-14 13:00:00,35415.824
2018-01-14 14:00:00,35008.906
2018-01-14 15:00:00,34703.848
2018-01-14 16:00:00,35185.746
2018-01-14 17:00:00,36330.855
2018-01-14 18:00:00,38658.402
2018-01-14 19:00:00,41913.266
2018-01-14 20:00:00,40333.055
2018-01-14 21:00:00,40759.36
2018-01-14 22:00:00,39802.934
2018-01-14 23:00:00,38256.848
2018-01-15 00:00:00,36618.797
2018-01-15 01:00:00,35321.695
2018-01-15 02:00:00,35106.527
2018-01-15 03:00:00,35238.45
2018-01-15 04:00:00,35703.402
2018-01-15 05:00:00,36217.734
2018-01-15 06:00:00,37307.344
2018-01-15 07:00:00,39302.48
2018-01-15 08:00:00,41201.773
2018-01-15 09:00:00,41883.06
2018-01-15 10:00:00,41739.035
2018-01-15 11:00:00,41507.848
2018-01-15 12:00:00,40757.117
2018-01-15 13:00:00,40520.484
2018-01-15 14:00:00,39948.633
2018-01-15 15:00:00,39733.35
2018-01-15 16:00:00,39167.61
2018-01-15 17:00:00,39678.777
2018-01-15 18:00:00,41025.36
2018-01-15 19:00:00,43013.727
2018-01-15 20:00:00,41208.16
2018-01-15 21:00:00,41073.36
2018-01-15 22:00:00,39333.18
2018-01-15 23:00:00,36711.242
2018-01-16 00:00:00,34147.79
2018-01-16 01:00:00,32744.602
2018-01-16 02:00:00,31936.117
2018-01-16 03:00:00,32451.334
2018-01-16 04:00:00,32441.139
2018-01-16 05:00:00,33251.996
2018-01-16 06:00:00,34681.793
2018-01-16 07:00:00,37124.824
2018-01-16 08:00:00,40335.07
2018-01-16 09:00:00,40236.887
2018-01-16 10:00:00,39575.867
2018-01-16 11:00:00,38829.85
2018-01-16 12:00:00,37202.723
2018-01-16 13:00:00,36505.836
2018-01-16 14:00:00,35765.516
2018-01-16 15:00:00,35982.926
2018-01-16 16:00:00,36149.965
2018-01-16 17:00:00,36780.035
2018-01-16 18:00:00,38244.113
2018-01-16 19:00:00,40561.727
2018-01-16 20:00:00,38724.24
2018-01-16 21:00:00,38715.387
2018-01-16 22:00:00,36952.758
2018-01-16 23:00:00,34376.945
2018-01-17 00:00:00,32211.174
2018-01-17 01:00:00,30552.932
2018-01-17 02:00:00,29969.387
2018-01-17 03:00:00,30331.611
2018-01-17 04:00:00,30617.78
2018-01-17 05:00:00,31409.11
2018-01-17 06:00:00,33163.754
2018-01-17 07:00:00,35569.863
2018-01-17 08:00:00,38457.31
2018-01-17 09:00:00,39093.637
2018-01-17 10:00:00,39231.957
2018-01-17 11:00:00,39733.492
2018-01-17 12:00:00,39731.227
2018-01-17 13:00:00,39816.28
2018-01-17 14:00:00,39627.234
2018-01-17 15:00:00,39640.246
2018-01-17 16:00:00,39470.53
2018-01-17 17:00:00,39870.406
2018-01-17 18:00:00,40986.723
2018-01-17 19:00:00,43672.99
2018-01-17 20:00:00,41857.504
2018-01-17 21:00:00,42044.36
2018-01-17 22:00:00,40409.81
2018-01-17 23:00:00,38472.477
2018-01-18 00:00:00,36204.895
2018-01-18 01:00:00,34809.227
2018-01-18 02:00:00,34794.293
2018-01-18 03:00:00,35168.797
2018-01-18 04:00:00,35696.684
2018-01-18 05:00:00,36709.883
2018-01-18 06:00:00,37640.586
2018-01-18 07:00:00,40490.23
2018-01-18 08:00:00,43807.51
2018-01-18 09:00:00,43560.645
2018-01-18 10:00:00,41922.566
2018-01-18 11:00:00,40159.527
2018-01-18 12:00:00,38413.113
2018-01-18 13:00:00,37487.96
2018-01-18 14:00:00,36585.55
2018-01-18 15:00:00,36655.46
2018-01-18 16:00:00,36300.492
2018-01-18 17:00:00,37270.277
2018-01-18 18:00:00,38860.984
2018-01-18 19:00:00,41469.023
2018-01-18 20:00:00,40284.945
2018-01-18 21:00:00,40242.844
2018-01-18 22:00:00,39144.676
2018-01-18 23:00:00,36869.51
2018-01-19 00:00:00,34643.227
2018-01-19 01:00:00,33334.617
2018-01-19 02:00:00,32938.574
2018-01-19 03:00:00,33245.023
2018-01-19 04:00:00,33636.79
2018-01-19 05:00:00,34444.52
2018-01-19 06:00:00,35834.957
2018-01-19 07:00:00,38129.08
2018-01-19 08:00:00,41448.145
2018-01-19 09:00:00,40788.41
2018-01-19 10:00:00,39218.72
2018-01-19 11:00:00,37210.09
2018-01-19 12:00:00,35394.805
2018-01-19 13:00:00,34297.15
2018-01-19 14:00:00,33824.688
2018-01-19 15:00:00,33735.77
2018-01-19 16:00:00,33693.617
2018-01-19 17:00:00,34291.49
2018-01-19 18:00:00,35704.18
2018-01-19 19:00:00,38238.67
2018-01-19 20:00:00,36900.9
2018-01-19 21:00:00,36666.668
2018-01-19 22:00:00,35428.88
2018-01-19 23:00:00,33725.12
2018-01-20 00:00:00,31888.428
2018-01-20 01:00:00,30626.328
2018-01-20 02:00:00,29655.121
2018-01-20 03:00:00,29870.328
2018-01-20 04:00:00,30020.08
2018-01-20 05:00:00,30288.525
2018-01-20 06:00:00,30983.307
2018-01-20 07:00:00,31907.602
2018-01-20 08:00:00,33194.613
2018-01-20 09:00:00,33637.676
2018-01-20 10:00:00,33302.184
2018-01-20 11:00:00,31707.521
2018-01-20 12:00:00,30699.56
2018-01-20 13:00:00,29856.281
2018-01-20 14:00:00,29109.984
2018-01-20 15:00:00,28738.338
2018-01-20 16:00:00,28920.64
2018-01-20 17:00:00,29566.25
2018-01-20 18:00:00,31089.14
2018-01-20 19:00:00,33848.65
2018-01-20 20:00:00,32835.56
2018-01-20 21:00:00,32428.861
2018-01-20 22:00:00,31772.85
2018-01-20 23:00:00,30290.611
2018-01-21 00:00:00,28745.97
2018-01-21 01:00:00,27602.455
2018-01-21 02:00:00,26821.572
2018-01-21 03:00:00,26872.004
2018-01-21 04:00:00,26944.352
2018-01-21 05:00:00,27078.54
2018-01-21 06:00:00,27654.959
2018-01-21 07:00:00,28515.3
2018-01-21 08:00:00,29580.865
2018-01-21 09:00:00,29916.271
2018-01-21 10:00:00,30585.545
2018-01-21 11:00:00,29929.104
2018-01-21 12:00:00,29205.383
2018-01-21 13:00:00,29122.799
2018-01-21 14:00:00,28427.871
2018-01-21 15:00:00,28411.77
2018-01-21 16:00:00,28794.75
2018-01-21 17:00:00,29314.727
2018-01-21 18:00:00,31283.676
2018-01-21 19:00:00,33264.953
2018-01-21 20:00:00,32689.336
2018-01-21 21:00:00,31460.557
2018-01-21 22:00:00,30879.527
2018-01-21 23:00:00,28383.385
2018-01-22 00:00:00,27013.926
2018-01-22 01:00:00,25069.41
2018-01-22 02:00:00,24606.807
2018-01-22 03:00:00,24454.572
2018-01-22 04:00:00,24562.273
2018-01-22 05:00:00,25058.383
2018-01-22 06:00:00,26515.072
2018-01-22 07:00:00,29322.639
2018-01-22 08:00:00,32776.582
2018-01-22 09:00:00,32942.555
2018-01-22 10:00:00,32448.645
2018-01-22 11:00:00,32170.201
2018-01-22 12:00:00,31237.031
2018-01-22 13:00:00,30626.562
2018-01-22 14:00:00,30682.295
2018-01-22 15:00:00,30693.322
2018-01-22 16:00:00,30583.5
2018-01-22 17:00:00,31053.238
2018-01-22 18:00:00,32394.902
2018-01-22 19:00:00,34686.78
2018-01-22 20:00:00,33420.957
2018-01-22 21:00:00,33082.05
2018-01-22 22:00:00,31469.582
2018-01-22 23:00:00,29069.523
2018-01-23 00:00:00,26861.336
2018-01-23 01:00:00,25404.43
2018-01-23 02:00:00,24697.611
2018-01-23 03:00:00,24502.58
2018-01-23 04:00:00,24756.709
2018-01-23 05:00:00,25167.215
2018-01-23 06:00:00,26446.51
2018-01-23 07:00:00,29355.105
2018-01-23 08:00:00,32442.47
2018-01-23 09:00:00,32979.445
2018-01-23 10:00:00,32003.69
2018-01-23 11:00:00,32300.94
2018-01-23 12:00:00,31272.87
2018-01-23 13:00:00,30819.988
2018-01-23 14:00:00,30186.994
2018-01-23 15:00:00,30000.553
2018-01-23 16:00:00,30673.264
2018-01-23 17:00:00,31106.67
2018-01-23 18:00:00,32469.547
2018-01-23 19:00:00,34314.387
2018-01-23 20:00:00,33686.62
2018-01-23 21:00:00,33038.773
2018-01-23 22:00:00,32053.064
2018-01-23 23:00:00,29555.934
2018-01-24 00:00:00,27360.258
2018-01-24 01:00:00,26054.207
2018-01-24 02:00:00,25272.008
2018-01-24 03:00:00,25452.621
2018-01-24 04:00:00,25620.172
2018-01-24 05:00:00,26406.906
2018-01-24 06:00:00,27894.072
2018-01-24 07:00:00,30867.541
2018-01-24 08:00:00,34187.92
2018-01-24 09:00:00,34561.445
2018-01-24 10:00:00,34318.152
2018-01-24 11:00:00,34190.145
2018-01-24 12:00:00,33122.39
2018-01-24 13:00:00,32447.064
2018-01-24 14:00:00,32423.648
2018-01-24 15:00:00,32926.727
2018-01-24 16:00:00,33310.58
2018-01-24 17:00:00,34365.473
2018-01-24 18:00:00,35758.945
2018-01-24 19:00:00,37951.637
2018-01-24 20:00:00,36788.73
2018-01-24 21:00:00,36609.945
2018-01-24 22:00:00,35454.336
2018-01-24 23:00:00,33031.555
2018-01-25 00:00:00,30657.062
2018-01-25 01:00:00,29481.143
2018-01-25 02:00:00,28922.805
2018-01-25 03:00:00,29160.67
2018-01-25 04:00:00,29688.652
2018-01-25 05:00:00,30427.361
2018-01-25 06:00:00,32029.58
2018-01-25 07:00:00,34706.027
2018-01-25 08:00:00,38417.938
2018-01-25 09:00:00,38126.19
2018-01-25 10:00:00,36679.586
2018-01-25 11:00:00,35335.902
2018-01-25 12:00:00,34236.098
2018-01-25 13:00:00,33672.77
2018-01-25 14:00:00,33439.43
2018-01-25 15:00:00,33693.59
2018-01-25 16:00:00,33760.742
2018-01-25 17:00:00,34790.496
2018-01-25 18:00:00,36454.75
2018-01-25 19:00:00,39028.215
2018-01-25 20:00:00,38381.71
2018-01-25 21:00:00,38057.605
2018-01-25 22:00:00,37110.28
2018-01-25 23:00:00,34945.5
2018-01-26 00:00:00,32755.16
2018-01-26 01:00:00,31528.299
2018-01-26 02:00:00,31120.008
2018-01-26 03:00:00,31693.299
2018-01-26 04:00:00,32151.053
2018-01-26 05:00:00,32984.836
2018-01-26 06:00:00,34516.53
2018-01-26 07:00:00,36907.137
2018-01-26 08:00:00,40344.67
2018-01-26 09:00:00,39633.31
2018-01-26 10:00:00,37964.79
2018-01-26 11:00:00,35128.348
2018-01-26 12:00:00,34034.902
2018-01-26 13:00:00,32796.066
2018-01-26 14:00:00,32268.053
2018-01-26 15:00:00,32639.07
2018-01-26 16:00:00,32606.709
2018-01-26 17:00:00,33487.23
2018-01-26 18:00:00,35101.105
2018-01-26 19:00:00,37427.176
2018-01-26 20:00:00,36520.227
2018-01-26 21:00:00,35939.582
2018-01-26 22:00:00,34919.47
2018-01-26 23:00:00,33181.305
2018-01-27 00:00:00,31224.104
2018-01-27 01:00:00,29956.297
2018-01-27 02:00:00,29377.393
2018-01-27 03:00:00,29391.502
2018-01-27 04:00:00,29608.32
2018-01-27 05:00:00,29955.564
2018-01-27 06:00:00,30454.533
2018-01-27 07:00:00,31556.873
2018-01-27 08:00:00,32878.195
2018-01-27 09:00:00,33346.582
2018-01-27 10:00:00,32956.93
2018-01-27 11:00:00,31203.094
2018-01-27 12:00:00,30249.06
2018-01-27 13:00:00,29170.713
2018-01-27 14:00:00,28289.184
2018-01-27 15:00:00,28177.35
2018-01-27 16:00:00,28381.018
2018-01-27 17:00:00,29211.793
2018-01-27 18:00:00,30399.324
2018-01-27 19:00:00,32706.135
2018-01-27 20:00:00,31274.201
2018-01-27 21:00:00,30459.914
2018-01-27 22:00:00,29407.568
2018-01-27 23:00:00,27628.445
2018-01-28 00:00:00,26132.223
2018-01-28 01:00:00,24728.727
2018-01-28 02:00:00,23898.445
2018-01-28 03:00:00,23500.238
2018-01-28 04:00:00,23431.963
2018-01-28 05:00:00,23499.9
2018-01-28 06:00:00,23878.803
2018-01-28 07:00:00,24620.244
2018-01-28 08:00:00,25559.414
2018-01-28 09:00:00,26456.586
2018-01-28 10:00:00,27705.062
2018-01-28 11:00:00,28573.053
2018-01-28 12:00:00,28839.545
2018-01-28 13:00:00,29049.334
2018-01-28 14:00:00,28732.639
2018-01-28 15:00:00,28401.568
2018-01-28 16:00:00,28641.443
2018-01-28 17:00:00,29043.227
2018-01-28 18:00:00,30593.107
2018-01-28 19:00:00,32677.084
2018-01-28 20:00:00,31783.807
2018-01-28 21:00:00,31369.076
2018-01-28 22:00:00,30010.676
2018-01-28 23:00:00,28047.309
2018-01-29 00:00:00,26069.629
2018-01-29 01:00:00,24858.797
2018-01-29 02:00:00,24231.13
2018-01-29 03:00:00,24251.314
2018-01-29 04:00:00,24698.96
2018-01-29 05:00:00,25423.604
2018-01-29 06:00:00,27025.277
2018-01-29 07:00:00,29929.906
2018-01-29 08:00:00,33477.53
2018-01-29 09:00:00,34101.543
2018-01-29 10:00:00,33702.74
2018-01-29 11:00:00,33618.562
2018-01-29 12:00:00,32889.78
2018-01-29 13:00:00,32652.281
2018-01-29 14:00:00,32920.258
2018-01-29 15:00:00,33428.945
2018-01-29 16:00:00,33401.035
2018-01-29 17:00:00,33898.133
2018-01-29 18:00:00,34827.81
2018-01-29 19:00:00,36700.695
2018-01-29 20:00:00,35483.633
2018-01-29 21:00:00,35112.855
2018-01-29 22:00:00,33666.84
2018-01-29 23:00:00,31200.62
2018-01-30 00:00:00,29015.299
2018-01-30 01:00:00,27671.31
2018-01-30 02:00:00,26971.412
2018-01-30 03:00:00,27232.777
2018-01-30 04:00:00,27623.95
2018-01-30 05:00:00,28414.338
2018-01-30 06:00:00,29912.936
2018-01-30 07:00:00,32808.273
2018-01-30 08:00:00,36166.875
2018-01-30 09:00:00,36643.938
2018-01-30 10:00:00,36542.88
2018-01-30 11:00:00,36548.68
2018-01-30 12:00:00,36304.727
2018-01-30 13:00:00,36427.39
2018-01-30 14:00:00,36544.965
2018-01-30 15:00:00,36710.086
2018-01-30 16:00:00,36619.984
2018-01-30 17:00:00,36958.125
2018-01-30 18:00:00,38382.246
2018-01-30 19:00:00,41017.727
2018-01-30 20:00:00,40320.2
2018-01-30 21:00:00,40125.27
2018-01-30 22:00:00,39100.676
2018-01-30 23:00:00,36724.934
2018-01-31 00:00:00,34842.26
2018-01-31 01:00:00,33352.31
2018-01-31 02:00:00,33051.23
2018-01-31 03:00:00,33341.332
2018-01-31 04:00:00,34087.656
2018-01-31 05:00:00,34711.016
2018-01-31 06:00:00,36321.9
2018-01-31 07:00:00,39002.72
2018-01-31 08:00:00,42514.535
2018-01-31 09:00:00,41590.496
2018-01-31 10:00:00,40149.742
2018-01-31 11:00:00,38250.49
2018-01-31 12:00:00,36595.52
2018-01-31 13:00:00,35808.24
2018-01-31 14:00:00,35340.496
2018-01-31 15:00:00,35736.598
2018-01-31 16:00:00,36171.14
2018-01-31 17:00:00,37368.242
2018-01-31 18:00:00,38531.01
2018-01-31 19:00:00,41039.453
2018-01-31 20:00:00,40107.25
2018-01-31 21:00:00,39421.062
2018-01-31 22:00:00,38096.273
2018-01-31 23:00:00,35202.258
2018-02-01 00:00:00,32333.504
2018-02-01 01:00:00,31095.33
2018-02-01 02:00:00,29979.557
2018-02-01 03:00:00,30212.664
2018-02-01 04:00:00,30436.52
2018-02-01 05:00:00,30999.37
2018-02-01 06:00:00,32213.197
2018-02-01 07:00:00,34882.73
2018-02-01 08:00:00,37773.22
2018-02-01 09:00:00,37404.855
2018-02-01 10:00:00,36514.816
2018-02-01 11:00:00,35905.816
2018-02-01 12:00:00,34912.688
2018-02-01 13:00:00,34442.445
2018-02-01 14:00:00,34035.254
2018-02-01 15:00:00,33926.254
2018-02-01 16:00:00,34108.227
2018-02-01 17:00:00,34384.824
2018-02-01 18:00:00,35627.207
2018-02-01 19:00:00,37293.75
2018-02-01 20:00:00,36006.152
2018-02-01 21:00:00,35595.062
2018-02-01 22:00:00,33761.535
2018-02-01 23:00:00,31662.596
2018-02-02 00:00:00,29291.885
2018-02-02 01:00:00,28105.916
2018-02-02 02:00:00,27418.71
2018-02-02 03:00:00,27613.545
2018-02-02 04:00:00,27905.072
2018-02-02 05:00:00,28433.69
2018-02-02 06:00:00,30325.402
2018-02-02 07:00:00,33510.62
2018-02-02 08:00:00,36831.668
2018-02-02 09:00:00,37875.42
2018-02-02 10:00:00,37144.875
2018-02-02 11:00:00,36539.367
2018-02-02 12:00:00,36649.996
2018-02-02 13:00:00,36498.676
2018-02-02 14:00:00,36694.07
2018-02-02 15:00:00,36842.254
2018-02-02 16:00:00,37079.316
2018-02-02 17:00:00,37830.43
2018-02-02 18:00:00,39406.703
2018-02-02 19:00:00,41663.2
2018-02-02 20:00:00,41068.496
2018-02-02 21:00:00,40301.414
2018-02-02 22:00:00,39572.715
2018-02-02 23:00:00,37814.906
2018-02-03 00:00:00,35900.375
2018-02-03 01:00:00,34564.035
2018-02-03 02:00:00,33737.285
2018-02-03 03:00:00,34068.043
2018-02-03 04:00:00,34212.188
2018-02-03 05:00:00,34903.812
2018-02-03 06:00:00,35563.855
2018-02-03 07:00:00,36791.67
2018-02-03 08:00:00,38254.395
2018-02-03 09:00:00,38511.465
2018-02-03 10:00:00,38063.176
2018-02-03 11:00:00,36504.78
2018-02-03 12:00:00,35567.23
2018-02-03 13:00:00,34571.94
2018-02-03 14:00:00,33514.184
2018-02-03 15:00:00,32932.6
2018-02-03 16:00:00,33219.133
2018-02-03 17:00:00,34057.766
2018-02-03 18:00:00,35841.367
2018-02-03 19:00:00,38297.805
2018-02-03 20:00:00,38106.03
2018-02-03 21:00:00,37300.938
2018-02-03 22:00:00,36637.62
2018-02-03 23:00:00,34488.09
2018-02-04 00:00:00,32795.535
2018-02-04 01:00:00,31121.135
2018-02-04 02:00:00,30302.44
2018-02-04 03:00:00,30014.834
2018-02-04 04:00:00,29962.896
2018-02-04 05:00:00,30125.787
2018-02-04 06:00:00,30389.074
2018-02-04 07:00:00,31076.275
2018-02-04 08:00:00,32056.781
2018-02-04 09:00:00,32390.803
2018-02-04 10:00:00,33468.453
2018-02-04 11:00:00,34113.312
2018-02-04 12:00:00,34258.004
2018-02-04 13:00:00,34745.766
2018-02-04 14:00:00,34780.332
2018-02-04 15:00:00,34954.547
2018-02-04 16:00:00,35248.695
2018-02-04 17:00:00,35700.02
2018-02-04 18:00:00,36675.766
2018-02-04 19:00:00,37660.363
2018-02-04 20:00:00,35129.453
2018-02-04 21:00:00,34137.633
2018-02-04 22:00:00,33392.598
2018-02-04 23:00:00,31574.742
2018-02-05 00:00:00,30713.871
2018-02-05 01:00:00,29851.344
2018-02-05 02:00:00,28145.6
2018-02-05 03:00:00,28165.342
2018-02-05 04:00:00,28243.19
2018-02-05 05:00:00,28918.295
2018-02-05 06:00:00,30373.707
2018-02-05 07:00:00,33238.703
2018-02-05 08:00:00,36444.004
2018-02-05 09:00:00,37147.074
2018-02-05 10:00:00,37140.78
2018-02-05 11:00:00,35854.703
2018-02-05 12:00:00,35022.633
2018-02-05 13:00:00,34393.902
2018-02-05 14:00:00,34271.254
2018-02-05 15:00:00,34070.93
2018-02-05 16:00:00,34137.984
2018-02-05 17:00:00,34925.133
2018-02-05 18:00:00,36439.383
2018-02-05 19:00:00,39355.39
2018-02-05 20:00:00,39491.152
2018-02-05 21:00:00,38779.49
2018-02-05 22:00:00,38243.02
2018-02-05 23:00:00,35600.168
2018-02-06 00:00:00,33252.664
2018-02-06 01:00:00,32145.984
2018-02-06 02:00:00,31447.87
2018-02-06 03:00:00,31845.082
2018-02-06 04:00:00,31908.459
2018-02-06 05:00:00,32583.812
2018-02-06 06:00:00,33965.664
2018-02-06 07:00:00,36425.477
2018-02-06 08:00:00,39574.367
2018-02-06 09:00:00,38882.004
2018-02-06 10:00:00,38503.473
2018-02-06 11:00:00,38087.7
2018-02-06 12:00:00,37162.617
2018-02-06 13:00:00,36042.75
2018-02-06 14:00:00,35347.836
2018-02-06 15:00:00,35922.156
2018-02-06 16:00:00,34838.684
2018-02-06 17:00:00,35777.965
2018-02-06 18:00:00,36746.656
2018-02-06 19:00:00,38932.918
2018-02-06 20:00:00,39035.29
2018-02-06 21:00:00,38057.703
2018-02-06 22:00:00,37507.227
2018-02-06 23:00:00,34862.17
2018-02-07 00:00:00,32671.69
2018-02-07 01:00:00,31257.266
2018-02-07 02:00:00,30790.488
2018-02-07 03:00:00,30974.875
2018-02-07 04:00:00,31180.059
2018-02-07 05:00:00,31804.621
2018-02-07 06:00:00,32994.176
2018-02-07 07:00:00,35291.254
2018-02-07 08:00:00,37854.445
2018-02-07 09:00:00,38160.06
2018-02-07 10:00:00,38571.695
2018-02-07 11:00:00,38557.605
2018-02-07 12:00:00,38638.316
2018-02-07 13:00:00,38673.566
2018-02-07 14:00:00,38704.938
2018-02-07 15:00:00,38469.965
2018-02-07 16:00:00,38001.53
2018-02-07 17:00:00,37814.18
2018-02-07 18:00:00,38238.312
2018-02-07 19:00:00,39387.375
2018-02-07 20:00:00,38047.83
2018-02-07 21:00:00,37244.133
2018-02-07 22:00:00,35865.97
2018-02-07 23:00:00,33421.05
2018-02-08 00:00:00,31549.258
2018-02-08 01:00:00,30262.492
2018-02-08 02:00:00,29875.756
2018-02-08 03:00:00,30341.576
2018-02-08 04:00:00,30857.486
2018-02-08 05:00:00,31882.273
2018-02-08 06:00:00,33615.12
2018-02-08 07:00:00,36496.99
2018-02-08 08:00:00,39620.324
2018-02-08 09:00:00,39608.38
2018-02-08 10:00:00,38439.08
2018-02-08 11:00:00,36518.63
2018-02-08 12:00:00,35321.754
2018-02-08 13:00:00,34670.555
2018-02-08 14:00:00,34209.008
2018-02-08 15:00:00,34625.332
2018-02-08 16:00:00,34487.51
2018-02-08 17:00:00,35619.215
2018-02-08 18:00:00,36816.92
2018-02-08 19:00:00,39165.793
2018-02-08 20:00:00,39577.246
2018-02-08 21:00:00,38588.164
2018-02-08 22:00:00,38172.824
2018-02-08 23:00:00,35811.105
2018-02-09 00:00:00,33474.367
2018-02-09 01:00:00,32540.898
2018-02-09 02:00:00,32029.309
2018-02-09 03:00:00,32548.777
2018-02-09 04:00:00,33001.465
2018-02-09 05:00:00,33703.633
2018-02-09 06:00:00,35102.14
2018-02-09 07:00:00,37543.184
2018-02-09 08:00:00,40650.14
2018-02-09 09:00:00,39890.656
2018-02-09 10:00:00,38876.91
2018-02-09 11:00:00,37148.844
2018-02-09 12:00:00,35575.35
2018-02-09 13:00:00,35198.81
2018-02-09 14:00:00,35246.53
2018-02-09 15:00:00,34971.426
2018-02-09 16:00:00,35151.938
2018-02-09 17:00:00,35400.79
2018-02-09 18:00:00,36392.824
2018-02-09 19:00:00,37839.473
2018-02-09 20:00:00,37225.23
2018-02-09 21:00:00,35933.715
2018-02-09 22:00:00,34964.27
2018-02-09 23:00:00,33128.11
2018-02-10 00:00:00,31001.445
2018-02-10 01:00:00,29514.814
2018-02-10 02:00:00,28626.965
2018-02-10 03:00:00,28548.992
2018-02-10 04:00:00,28597.146
2018-02-10 05:00:00,28811.617
2018-02-10 06:00:00,29316.535
2018-02-10 07:00:00,30159.535
2018-02-10 08:00:00,31499.271
2018-02-10 09:00:00,31722.54
2018-02-10 10:00:00,32799.58
2018-02-10 11:00:00,32209.234
2018-02-10 12:00:00,32226.049
2018-02-10 13:00:00,31934.143
2018-02-10 14:00:00,31766.459
2018-02-10 15:00:00,31615.404
2018-02-10 16:00:00,31384.254
2018-02-10 17:00:00,31545.979
2018-02-10 18:00:00,32667.113
2018-02-10 19:00:00,33856.72
2018-02-10 20:00:00,32975.31
2018-02-10 21:00:00,31947.672
2018-02-10 22:00:00,30820.006
2018-02-10 23:00:00,29033.78
2018-02-11 00:00:00,27347.662
2018-02-11 01:00:00,25770.572
2018-02-11 02:00:00,24813.89
2018-02-11 03:00:00,24496.934
2018-02-11 04:00:00,24272.277
2018-02-11 05:00:00,24470.736
2018-02-11 06:00:00,24780.355
2018-02-11 07:00:00,25561.143
2018-02-11 08:00:00,26769.617
2018-02-11 09:00:00,27345.088
2018-02-11 10:00:00,28983.6
2018-02-11 11:00:00,29701.578
2018-02-11 12:00:00,29926.4
2018-02-11 13:00:00,30162.85
2018-02-11 14:00:00,29952.922
2018-02-11 15:00:00,29618.572
2018-02-11 16:00:00,29220.008
2018-02-11 17:00:00,29377.707
2018-02-11 18:00:00,30382.182
2018-02-11 19:00:00,32068.598
2018-02-11 20:00:00,31844.537
2018-02-11 21:00:00,30664.812
2018-02-11 22:00:00,29467.184
2018-02-11 23:00:00,27148.406
2018-02-12 00:00:00,25283.93
2018-02-12 01:00:00,23814.584
2018-02-12 02:00:00,23063.998
2018-02-12 03:00:00,22911.354
2018-02-12 04:00:00,23083.73
2018-02-12 05:00:00,23615.988
2018-02-12 06:00:00,25150.775
2018-02-12 07:00:00,28105.371
2018-02-12 08:00:00,31743.416
2018-02-12 09:00:00,32471.725
2018-02-12 10:00:00,32774.426
2018-02-12 11:00:00,33273.145
2018-02-12 12:00:00,33320.312
2018-02-12 13:00:00,33187.0
2018-02-12 14:00:00,31770.24
2018-02-12 15:00:00,30871.686
2018-02-12 16:00:00,30335.086
2018-02-12 17:00:00,31512.953
2018-02-12 18:00:00,32392.984
2018-02-12 19:00:00,34721.652
2018-02-12 20:00:00,35422.215
2018-02-12 21:00:00,34498.57
2018-02-12 22:00:00,34053.906
2018-02-12 23:00:00,32012.363
2018-02-13 00:00:00,29515.71
2018-02-13 01:00:00,28196.43
2018-02-13 02:00:00,27851.432
2018-02-13 03:00:00,28137.764
2018-02-13 04:00:00,28793.412
2018-02-13 05:00:00,29630.936
2018-02-13 06:00:00,31574.004
2018-02-13 07:00:00,34390.836
2018-02-13 08:00:00,37927.492
2018-02-13 09:00:00,37259.69
2018-02-13 10:00:00,35083.7
2018-02-13 11:00:00,33918.133
2018-02-13 12:00:00,32564.838
2018-02-13 13:00:00,31997.686
2018-02-13 14:00:00,31695.574
2018-02-13 15:00:00,32057.049
2018-02-13 16:00:00,32516.488
2018-02-13 17:00:00,33884.812
2018-02-13 18:00:00,35144.05
2018-02-13 19:00:00,37089.348
2018-02-13 20:00:00,37280.465
2018-02-13 21:00:00,36048.89
2018-02-13 22:00:00,35339.64
2018-02-13 23:00:00,32496.113
2018-02-14 00:00:00,30228.24
2018-02-14 01:00:00,28813.17
2018-02-14 02:00:00,28010.275
2018-02-14 03:00:00,28210.125
2018-02-14 04:00:00,28408.793
2018-02-14 05:00:00,29000.475
2018-02-14 06:00:00,30302.686
2018-02-14 07:00:00,33105.38
2018-02-14 08:00:00,36167.25
2018-02-14 09:00:00,35618.79
2018-02-14 10:00:00,34215.613
2018-02-14 11:00:00,32653.703
2018-02-14 12:00:00,31834.852
2018-02-14 13:00:00,31184.986
2018-02-14 14:00:00,30927.312
2018-02-14 15:00:00,31352.207
2018-02-14 16:00:00,31257.648
2018-02-14 17:00:00,31998.934
2018-02-14 18:00:00,33169.875
2018-02-14 19:00:00,34787.406
2018-02-14 20:00:00,34667.484
2018-02-14 21:00:00,33204.008
2018-02-14 22:00:00,32355.055
2018-02-14 23:00:00,29923.56
2018-02-15 00:00:00,27490.781
2018-02-15 01:00:00,26111.115
2018-02-15 02:00:00,25252.69
2018-02-15 03:00:00,25054.078
2018-02-15 04:00:00,25134.188
2018-02-15 05:00:00,25533.314
2018-02-15 06:00:00,26806.299
2018-02-15 07:00:00,29569.04
2018-02-15 08:00:00,32674.877
2018-02-15 09:00:00,32391.377
2018-02-15 10:00:00,31731.643
2018-02-15 11:00:00,31287.873
2018-02-15 12:00:00,30657.383
2018-02-15 13:00:00,30501.51
2018-02-15 14:00:00,30528.725
2018-02-15 15:00:00,29962.76
2018-02-15 16:00:00,30001.36
2018-02-15 17:00:00,29934.367
2018-02-15 18:00:00,30495.537
2018-02-15 19:00:00,32355.848
2018-02-15 20:00:00,32498.451
2018-02-15 21:00:00,31139.15
2018-02-15 22:00:00,30033.12
2018-02-15 23:00:00,27581.934
2018-02-16 00:00:00,25400.254
2018-02-16 01:00:00,24069.928
2018-02-16 02:00:00,23130.508
2018-02-16 03:00:00,22951.156
2018-02-16 04:00:00,22899.541
2018-02-16 05:00:00,23469.832
2018-02-16 06:00:00,24476.145
2018-02-16 07:00:00,26790.883
2018-02-16 08:00:00,29869.016
2018-02-16 09:00:00,30312.31
2018-02-16 10:00:00,30129.598
2018-02-16 11:00:00,30246.066
2018-02-16 12:00:00,29986.824
2018-02-16 13:00:00,29950.05
2018-02-16 14:00:00,29962.45
2018-02-16 15:00:00,30394.158
2018-02-16 16:00:00,30461.002
2018-02-16 17:00:00,30558.791
2018-02-16 18:00:00,31534.088
2018-02-16 19:00:00,32572.113
2018-02-16 20:00:00,32303.164
2018-02-16 21:00:00,31411.316
2018-02-16 22:00:00,30719.797
2018-02-16 23:00:00,29223.906
2018-02-17 00:00:00,27577.74
2018-02-17 01:00:00,26386.295
2018-02-17 02:00:00,25825.367
2018-02-17 03:00:00,25828.182
2018-02-17 04:00:00,26085.197
2018-02-17 05:00:00,26798.02
2018-02-17 06:00:00,27676.857
2018-02-17 07:00:00,29209.8
2018-02-17 08:00:00,30876.219
2018-02-17 09:00:00,31255.23
2018-02-17 10:00:00,31054.27
2018-02-17 11:00:00,30153.506
2018-02-17 12:00:00,29435.408
2018-02-17 13:00:00,28675.281
2018-02-17 14:00:00,29278.822
2018-02-17 15:00:00,31202.559
2018-02-17 16:00:00,31474.96
2018-02-17 17:00:00,32352.27
2018-02-17 18:00:00,33590.98
2018-02-17 19:00:00,34825.86
2018-02-17 20:00:00,34873.426
2018-02-17 21:00:00,34116.04
2018-02-17 22:00:00,33183.47
2018-02-17 23:00:00,31450.857
2018-02-18 00:00:00,29579.604
2018-02-18 01:00:00,28041.168
2018-02-18 02:00:00,27060.973
2018-02-18 03:00:00,26833.22
2018-02-18 04:00:00,26757.008
2018-02-18 05:00:00,26977.627
2018-02-18 06:00:00,27498.682
2018-02-18 07:00:00,28478.246
2018-02-18 08:00:00,29466.102
2018-02-18 09:00:00,29469.99
2018-02-18 10:00:00,30139.71
2018-02-18 11:00:00,29745.188
2018-02-18 12:00:00,29122.598
2018-02-18 13:00:00,28421.352
2018-02-18 14:00:00,27874.4
2018-02-18 15:00:00,27288.635
2018-02-18 16:00:00,27152.922
2018-02-18 17:00:00,27668.984
2018-02-18 18:00:00,29380.488
2018-02-18 19:00:00,31697.127
2018-02-18 20:00:00,33248.895
2018-02-18 21:00:00,32073.049
2018-02-18 22:00:00,31933.443
2018-02-18 23:00:00,30319.613
2018-02-19 00:00:00,28501.959
2018-02-19 01:00:00,27632.201
2018-02-19 02:00:00,27083.04
2018-02-19 03:00:00,27098.406
2018-02-19 04:00:00,27249.244
2018-02-19 05:00:00,27622.598
2018-02-19 06:00:00,28737.576
2018-02-19 07:00:00,30761.088
2018-02-19 08:00:00,32495.64
2018-02-19 09:00:00,32913.2
2018-02-19 10:00:00,33023.21
2018-02-19 11:00:00,32694.16
2018-02-19 12:00:00,33095.094
2018-02-19 13:00:00,33253.348
2018-02-19 14:00:00,32973.19
2018-02-19 15:00:00,33174.01
2018-02-19 16:00:00,32855.258
2018-02-19 17:00:00,33130.75
2018-02-19 18:00:00,33828.434
2018-02-19 19:00:00,35143.21
2018-02-19 20:00:00,34769.973
2018-02-19 21:00:00,33623.633
2018-02-19 22:00:00,32259.344
2018-02-19 23:00:00,29593.904
2018-02-20 00:00:00,27326.773
2018-02-20 01:00:00,25719.188
2018-02-20 02:00:00,24820.146
2018-02-20 03:00:00,24634.053
2018-02-20 04:00:00,24634.291
2018-02-20 05:00:00,25025.193
2018-02-20 06:00:00,26376.393
2018-02-20 07:00:00,29127.564
2018-02-20 08:00:00,32381.664
2018-02-20 09:00:00,31937.67
2018-02-20 10:00:00,31393.057
2018-02-20 11:00:00,30366.404
2018-02-20 12:00:00,29889.404
2018-02-20 13:00:00,28982.25
2018-02-20 14:00:00,28308.29
2018-02-20 15:00:00,29021.979
2018-02-20 16:00:00,29024.959
2018-02-20 17:00:00,29558.197
2018-02-20 18:00:00,30329.777
2018-02-20 19:00:00,31389.264
2018-02-20 20:00:00,32541.533
2018-02-20 21:00:00,30490.477
2018-02-20 22:00:00,29568.232
2018-02-20 23:00:00,26914.59
2018-02-21 00:00:00,24739.174
2018-02-21 01:00:00,23387.346
2018-02-21 02:00:00,22496.883
2018-02-21 03:00:00,22550.713
2018-02-21 04:00:00,22547.854
2018-02-21 05:00:00,22948.447
2018-02-21 06:00:00,24207.953
2018-02-21 07:00:00,26924.443
2018-02-21 08:00:00,29980.99
2018-02-21 09:00:00,29682.756
2018-02-21 10:00:00,29169.248
2018-02-21 11:00:00,29028.236
2018-02-21 12:00:00,27909.668
2018-02-21 13:00:00,28402.465
2018-02-21 14:00:00,28688.145
2018-02-21 15:00:00,29345.637
2018-02-21 16:00:00,29669.81
2018-02-21 17:00:00,30093.166
2018-02-21 18:00:00,30993.785
2018-02-21 19:00:00,31589.166
2018-02-21 20:00:00,32476.107
2018-02-21 21:00:00,30605.408
2018-02-21 22:00:00,29552.957
2018-02-21 23:00:00,26778.244
2018-02-22 00:00:00,24513.115
2018-02-22 01:00:00,23107.92
2018-02-22 02:00:00,22309.576
2018-02-22 03:00:00,22196.607
2018-02-22 04:00:00,22097.469
2018-02-22 05:00:00,22602.475
2018-02-22 06:00:00,23746.207
2018-02-22 07:00:00,26474.605
2018-02-22 08:00:00,29831.021
2018-02-22 09:00:00,30112.404
2018-02-22 10:00:00,30300.938
2018-02-22 11:00:00,30708.795
2018-02-22 12:00:00,30808.105
2018-02-22 13:00:00,31024.12
2018-02-22 14:00:00,31233.633
2018-02-22 15:00:00,31663.244
2018-02-22 16:00:00,31853.186
2018-02-22 17:00:00,32467.602
2018-02-22 18:00:00,33193.023
2018-02-22 19:00:00,33959.305
2018-02-22 20:00:00,33990.94
2018-02-22 21:00:00,32999.086
2018-02-22 22:00:00,31929.842
2018-02-22 23:00:00,29689.703
2018-02-23 00:00:00,27272.896
2018-02-23 01:00:00,25887.916
2018-02-23 02:00:00,25070.004
2018-02-23 03:00:00,24846.945
2018-02-23 04:00:00,25212.318
2018-02-23 05:00:00,25788.21
2018-02-23 06:00:00,27001.979
2018-02-23 07:00:00,30214.676
2018-02-23 08:00:00,33248.312
2018-02-23 09:00:00,33679.34
2018-02-23 10:00:00,33992.52
2018-02-23 11:00:00,33984.105
2018-02-23 12:00:00,33713.656
2018-02-23 13:00:00,33328.586
2018-02-23 14:00:00,33191.223
2018-02-23 15:00:00,33207.805
2018-02-23 16:00:00,32901.8
2018-02-23 17:00:00,33244.453
2018-02-23 18:00:00,33726.105
2018-02-23 19:00:00,34387.707
2018-02-23 20:00:00,33987.527
2018-02-23 21:00:00,32384.193
2018-02-23 22:00:00,31409.469
2018-02-23 23:00:00,29399.81
2018-02-24 00:00:00,27385.445
2018-02-24 01:00:00,25763.707
2018-02-24 02:00:00,24879.02
2018-02-24 03:00:00,24478.773
2018-02-24 04:00:00,24326.523
2018-02-24 05:00:00,24511.787
2018-02-24 06:00:00,25023.465
2018-02-24 07:00:00,25999.1
2018-02-24 08:00:00,27215.781
2018-02-24 09:00:00,27658.336
2018-02-24 10:00:00,28963.162
2018-02-24 11:00:00,28880.178
2018-02-24 12:00:00,29607.047
2018-02-24 13:00:00,29286.771
2018-02-24 14:00:00,28986.033
2018-02-24 15:00:00,29041.928
2018-02-24 16:00:00,28625.695
2018-02-24 17:00:00,28999.857
2018-02-24 18:00:00,29716.467
2018-02-24 19:00:00,30728.496
2018-02-24 20:00:00,31008.176
2018-02-24 21:00:00,29388.73
2018-02-24 22:00:00,28812.846
2018-02-24 23:00:00,27242.404
2018-02-25 00:00:00,25501.104
2018-02-25 01:00:00,24381.56
2018-02-25 02:00:00,23454.303
2018-02-25 03:00:00,23332.447
2018-02-25 04:00:00,23249.434
2018-02-25 05:00:00,23510.045
2018-02-25 06:00:00,24005.338
2018-02-25 07:00:00,24733.33
2018-02-25 08:00:00,25916.623
2018-02-25 09:00:00,26409.969
2018-02-25 10:00:00,28222.436
2018-02-25 11:00:00,28772.736
2018-02-25 12:00:00,29047.39
2018-02-25 13:00:00,28953.75
2018-02-25 14:00:00,28848.139
2018-02-25 15:00:00,28564.293
2018-02-25 16:00:00,28312.277
2018-02-25 17:00:00,28605.076
2018-02-25 18:00:00,29593.15
2018-02-25 19:00:00,30974.977
2018-02-25 20:00:00,31628.664
2018-02-25 21:00:00,30410.082
2018-02-25 22:00:00,29558.309
2018-02-25 23:00:00,27272.135
2018-02-26 00:00:00,25274.648
2018-02-26 01:00:00,24004.35
2018-02-26 02:00:00,23344.215
2018-02-26 03:00:00,23369.414
2018-02-26 04:00:00,23662.568
2018-02-26 05:00:00,24146.973
2018-02-26 06:00:00,25779.932
2018-02-26 07:00:00,28441.08
2018-02-26 08:00:00,31716.117
2018-02-26 09:00:00,31904.584
2018-02-26 10:00:00,32048.766
2018-02-26 11:00:00,32012.523
2018-02-26 12:00:00,31280.967
2018-02-26 13:00:00,30835.441
2018-02-26 14:00:00,30357.639
2018-02-26 15:00:00,30088.771
2018-02-26 16:00:00,30260.92
2018-02-26 17:00:00,30497.5
2018-02-26 18:00:00,31450.143
2018-02-26 19:00:00,32402.19
2018-02-26 20:00:00,33853.633
2018-02-26 21:00:00,32724.39
2018-02-26 22:00:00,32282.432
2018-02-26 23:00:00,30168.383
2018-02-27 00:00:00,27578.508
2018-02-27 01:00:00,26569.303
2018-02-27 02:00:00,25825.861
2018-02-27 03:00:00,26130.197
2018-02-27 04:00:00,26638.22
2018-02-27 05:00:00,27346.523
2018-02-27 06:00:00,29191.812
2018-02-27 07:00:00,32112.492
2018-02-27 08:00:00,35301.668
2018-02-27 09:00:00,34186.36
2018-02-27 10:00:00,31555.86
2018-02-27 11:00:00,29868.29
2018-02-27 12:00:00,28887.246
2018-02-27 13:00:00,28476.975
2018-02-27 14:00:00,28313.549
2018-02-27 15:00:00,28605.678
2018-02-27 16:00:00,28479.107
2018-02-27 17:00:00,29088.137
2018-02-27 18:00:00,30103.893
2018-02-27 19:00:00,31676.777
2018-02-27 20:00:00,33421.85
2018-02-27 21:00:00,32137.66
2018-02-27 22:00:00,31724.709
2018-02-27 23:00:00,29514.502
2018-02-28 00:00:00,27003.756
2018-02-28 01:00:00,26034.287
2018-02-28 02:00:00,25259.355
2018-02-28 03:00:00,25371.834
2018-02-28 04:00:00,25730.441
2018-02-28 05:00:00,26190.482
2018-02-28 06:00:00,27678.38
2018-02-28 07:00:00,30495.426
2018-02-28 08:00:00,33387.773
2018-02-28 09:00:00,32824.395
2018-02-28 10:00:00,31492.223
2018-02-28 11:00:00,29791.818
2018-02-28 12:00:00,28532.951
2018-02-28 13:00:00,28211.275
2018-02-28 14:00:00,27927.574
2018-02-28 15:00:00,28437.877
2018-02-28 16:00:00,28453.6
2018-02-28 17:00:00,29321.346
2018-02-28 18:00:00,30060.404
2018-02-28 19:00:00,31317.436
2018-02-28 20:00:00,32591.465
2018-02-28 21:00:00,30886.893
2018-02-28 22:00:00,30021.465
2018-02-28 23:00:00,27837.02
2018-03-01 00:00:00,25247.23
2018-03-01 01:00:00,24310.977
2018-03-01 02:00:00,23469.709
2018-03-01 03:00:00,23461.914
2018-03-01 04:00:00,23741.367
2018-03-01 05:00:00,24321.926
2018-03-01 06:00:00,25627.924
2018-03-01 07:00:00,28535.64
2018-03-01 08:00:00,31533.387
2018-03-01 09:00:00,31255.11
2018-03-01 10:00:00,30604.67
2018-03-01 11:00:00,30381.959
2018-03-01 12:00:00,29760.6
2018-03-01 13:00:00,29833.164
2018-03-01 14:00:00,29394.516
2018-03-01 15:00:00,30220.162
2018-03-01 16:00:00,30317.924
2018-03-01 17:00:00,30539.658
2018-03-01 18:00:00,31739.156
2018-03-01 19:00:00,32527.062
2018-03-01 20:00:00,32594.555
2018-03-01 21:00:00,31411.75
2018-03-01 22:00:00,30560.229
2018-03-01 23:00:00,28086.262
2018-03-02 00:00:00,25907.268
2018-03-02 01:00:00,24602.758
2018-03-02 02:00:00,23929.98
2018-03-02 03:00:00,24030.006
2018-03-02 04:00:00,24342.525
2018-03-02 05:00:00,25161.57
2018-03-02 06:00:00,26540.393
2018-03-02 07:00:00,29453.584
2018-03-02 08:00:00,32524.041
2018-03-02 09:00:00,33252.547
2018-03-02 10:00:00,34236.793
2018-03-02 11:00:00,34289.45
2018-03-02 12:00:00,34354.76
2018-03-02 13:00:00,33954.367
2018-03-02 14:00:00,33944.477
2018-03-02 15:00:00,34120.496
2018-03-02 16:00:00,33313.99
2018-03-02 17:00:00,33186.39
2018-03-02 18:00:00,33459.34
2018-03-02 19:00:00,34214.336
2018-03-02 20:00:00,34444.285
2018-03-02 21:00:00,33067.285
2018-03-02 22:00:00,32096.592
2018-03-02 23:00:00,30224.309
2018-03-03 00:00:00,28225.582
2018-03-03 01:00:00,26947.482
2018-03-03 02:00:00,26128.35
2018-03-03 03:00:00,26089.994
2018-03-03 04:00:00,26282.572
2018-03-03 05:00:00,26440.02
2018-03-03 06:00:00,27275.201
2018-03-03 07:00:00,28248.818
2018-03-03 08:00:00,29440.0
2018-03-03 09:00:00,29902.479
2018-03-03 10:00:00,30563.877
2018-03-03 11:00:00,29594.97
2018-03-03 12:00:00,28998.803
2018-03-03 13:00:00,28079.73
2018-03-03 14:00:00,27693.533
2018-03-03 15:00:00,27202.77
2018-03-03 16:00:00,27445.873
2018-03-03 17:00:00,28258.523
2018-03-03 18:00:00,29368.201
2018-03-03 19:00:00,30875.963
2018-03-03 20:00:00,32417.654
2018-03-03 21:00:00,31156.898
2018-03-03 22:00:00,30892.324
2018-03-03 23:00:00,29382.186
2018-03-04 00:00:00,27512.723
2018-03-04 01:00:00,26230.248
2018-03-04 02:00:00,25378.604
2018-03-04 03:00:00,25098.992
2018-03-04 04:00:00,25121.303
2018-03-04 05:00:00,25304.057
2018-03-04 06:00:00,25783.533
2018-03-04 07:00:00,26659.564
2018-03-04 08:00:00,27532.184
2018-03-04 09:00:00,27942.857
2018-03-04 10:00:00,28788.744
2018-03-04 11:00:00,28443.973
2018-03-04 12:00:00,27784.436
2018-03-04 13:00:00,26959.303
2018-03-04 14:00:00,26759.992
2018-03-04 15:00:00,26352.803
2018-03-04 16:00:00,26221.28
2018-03-04 17:00:00,26966.838
2018-03-04 18:00:00,28761.883
2018-03-04 19:00:00,30956.406
2018-03-04 20:00:00,33222.453
2018-03-04 21:00:00,32423.508
2018-03-04 22:00:00,32241.834
2018-03-04 23:00:00,30406.191
2018-03-05 00:00:00,28323.068
2018-03-05 01:00:00,27319.328
2018-03-05 02:00:00,26618.174
2018-03-05 03:00:00,27005.273
2018-03-05 04:00:00,27460.441
2018-03-05 05:00:00,28095.11
2018-03-05 06:00:00,29832.557
2018-03-05 07:00:00,32374.096
2018-03-05 08:00:00,35384.152
2018-03-05 09:00:00,34314.64
2018-03-05 10:00:00,32853.438
2018-03-05 11:00:00,31727.174
2018-03-05 12:00:00,31283.51
2018-03-05 13:00:00,30781.11
2018-03-05 14:00:00,30833.973
2018-03-05 15:00:00,30892.281
2018-03-05 16:00:00,30636.176
2018-03-05 17:00:00,31192.02
2018-03-05 18:00:00,32293.34
2018-03-05 19:00:00,33745.332
2018-03-05 20:00:00,35754.664
2018-03-05 21:00:00,34668.273
2018-03-05 22:00:00,34206.062
2018-03-05 23:00:00,31895.832
2018-03-06 00:00:00,29300.566
2018-03-06 01:00:00,28267.93
2018-03-06 02:00:00,27556.746
2018-03-06 03:00:00,28160.043
2018-03-06 04:00:00,28415.924
2018-03-06 05:00:00,29309.785
2018-03-06 06:00:00,31056.584
2018-03-06 07:00:00,33749.312
2018-03-06 08:00:00,36508.883
2018-03-06 09:00:00,35361.203
2018-03-06 10:00:00,33204.645
2018-03-06 11:00:00,32154.406
2018-03-06 12:00:00,30858.627
2018-03-06 13:00:00,30503.387
2018-03-06 14:00:00,30196.836
2018-03-06 15:00:00,31012.385
2018-03-06 16:00:00,31199.22
2018-03-06 17:00:00,32157.4
2018-03-06 18:00:00,33292.117
2018-03-06 19:00:00,34482.555
2018-03-06 20:00:00,35422.793
2018-03-06 21:00:00,34203.188
2018-03-06 22:00:00,33390.633
2018-03-06 23:00:00,31384.25
2018-03-07 00:00:00,29163.383
2018-03-07 01:00:00,27887.95
2018-03-07 02:00:00,27414.398
2018-03-07 03:00:00,27252.207
2018-03-07 04:00:00,27663.2
2018-03-07 05:00:00,27966.361
2018-03-07 06:00:00,29302.951
2018-03-07 07:00:00,31572.46
2018-03-07 08:00:00,33750.113
2018-03-07 09:00:00,34020.906
2018-03-07 10:00:00,34770.77
2018-03-07 11:00:00,35123.266
2018-03-07 12:00:00,35141.617
2018-03-07 13:00:00,35151.31
2018-03-07 14:00:00,35433.953
2018-03-07 15:00:00,34700.418
2018-03-07 16:00:00,34015.363
2018-03-07 17:00:00,33751.418
2018-03-07 18:00:00,33788.453
2018-03-07 19:00:00,34748.492
2018-03-07 20:00:00,35644.875
2018-03-07 21:00:00,33952.67
2018-03-07 22:00:00,33477.29
2018-03-07 23:00:00,31288.172
2018-03-08 00:00:00,28824.414
2018-03-08 01:00:00,27728.59
2018-03-08 02:00:00,26784.732
2018-03-08 03:00:00,27156.188
2018-03-08 04:00:00,27420.443
2018-03-08 05:00:00,28091.504
2018-03-08 06:00:00,29783.938
2018-03-08 07:00:00,32586.709
2018-03-08 08:00:00,35087.453
2018-03-08 09:00:00,35007.0
2018-03-08 10:00:00,33844.742
2018-03-08 11:00:00,33123.105
2018-03-08 12:00:00,32407.088
2018-03-08 13:00:00,32081.434
2018-03-08 14:00:00,32159.393
2018-03-08 15:00:00,32753.15
2018-03-08 16:00:00,32838.57
2018-03-08 17:00:00,32950.727
2018-03-08 18:00:00,34070.13
2018-03-08 19:00:00,35244.336
2018-03-08 20:00:00,36673.133
2018-03-08 21:00:00,35580.504
2018-03-08 22:00:00,35078.67
2018-03-08 23:00:00,32926.87
2018-03-09 00:00:00,30312.133
2018-03-09 01:00:00,29306.15
2018-03-09 02:00:00,28494.885
2018-03-09 03:00:00,28676.402
2018-03-09 04:00:00,29047.938
2018-03-09 05:00:00,29601.049
2018-03-09 06:00:00,31179.908
2018-03-09 07:00:00,33677.33
2018-03-09 08:00:00,36231.008
2018-03-09 09:00:00,35726.746
2018-03-09 10:00:00,34504.992
2018-03-09 11:00:00,33960.55
2018-03-09 12:00:00,33512.24
2018-03-09 13:00:00,32822.78
2018-03-09 14:00:00,32608.344
2018-03-09 15:00:00,33082.87
2018-03-09 16:00:00,32568.58
2018-03-09 17:00:00,33052.53
2018-03-09 18:00:00,33804.375
2018-03-09 19:00:00,34800.465
2018-03-09 20:00:00,36245.164
2018-03-09 21:00:00,34940.51
2018-03-09 22:00:00,34364.375
2018-03-09 23:00:00,32716.426
2018-03-10 00:00:00,30422.287
2018-03-10 01:00:00,29197.701
2018-03-10 02:00:00,28371.951
2018-03-10 03:00:00,28505.285
2018-03-10 04:00:00,28607.424
2018-03-10 05:00:00,29019.959
2018-03-10 06:00:00,29679.545
2018-03-10 07:00:00,30909.537
2018-03-10 08:00:00,31914.121
2018-03-10 09:00:00,31867.768
2018-03-10 10:00:00,31936.617
2018-03-10 11:00:00,31339.43
2018-03-10 12:00:00,30593.25
2018-03-10 13:00:00,30511.766
2018-03-10 14:00:00,29179.518
2018-03-10 15:00:00,28905.229
2018-03-10 16:00:00,28629.453
2018-03-10 17:00:00,28957.168
2018-03-10 18:00:00,29870.828
2018-03-10 19:00:00,31419.736
2018-03-10 20:00:00,33361.926
2018-03-10 21:00:00,32299.016
2018-03-10 22:00:00,32226.08
2018-03-10 23:00:00,30650.305
2018-03-11 00:00:00,28989.027
2018-03-11 01:00:00,28058.863
2018-03-11 02:00:00,26141.336
2018-03-11 03:00:00,27062.877
2018-03-11 04:00:00,27135.342
2018-03-11 05:00:00,27173.092
2018-03-11 06:00:00,27796.941
2018-03-11 07:00:00,28613.822
2018-03-11 08:00:00,29862.977
2018-03-11 09:00:00,30197.068
2018-03-11 10:00:00,29915.266
2018-03-11 11:00:00,28905.566
2018-03-11 12:00:00,28280.615
2018-03-11 13:00:00,27648.04
2018-03-11 14:00:00,27052.08
2018-03-11 15:00:00,26569.615
2018-03-11 16:00:00,26096.045
2018-03-11 17:00:00,26375.467
2018-03-11 18:00:00,26948.906
2018-03-11 19:00:00,28304.133
2018-03-11 20:00:00,29750.91
2018-03-11 21:00:00,32320.418
2018-03-11 22:00:00,31418.81
2018-03-11 23:00:00,30182.754
2018-03-12 00:00:00,27999.318
2018-03-12 01:00:00,26355.7
2018-03-12 02:00:00,26938.588
2018-03-12 03:00:00,26451.367
2018-03-12 04:00:00,27201.594
2018-03-12 05:00:00,27913.328
2018-03-12 06:00:00,29371.314
2018-03-12 07:00:00,32129.275
2018-03-12 08:00:00,35618.08
2018-03-12 09:00:00,36085.055
2018-03-12 10:00:00,34853.53
2018-03-12 11:00:00,34721.523
2018-03-12 12:00:00,33422.58
2018-03-12 13:00:00,33065.707
2018-03-12 14:00:00,33142.71
2018-03-12 15:00:00,32874.184
2018-03-12 16:00:00,32925.34
2018-03-12 17:00:00,33391.875
2018-03-12 18:00:00,34085.824
2018-03-12 19:00:00,34732.586
2018-03-12 20:00:00,35137.82
2018-03-12 21:00:00,36315.2
2018-03-12 22:00:00,34658.086
2018-03-12 23:00:00,33020.402
2018-03-13 00:00:00,30334.283
2018-03-13 01:00:00,28829.064
2018-03-13 02:00:00,28017.807
2018-03-13 03:00:00,28071.324
2018-03-13 04:00:00,28400.178
2018-03-13 05:00:00,29097.75
2018-03-13 06:00:00,30657.312
2018-03-13 07:00:00,33409.91
2018-03-13 08:00:00,36782.934
2018-03-13 09:00:00,37215.453
2018-03-13 10:00:00,36409.137
2018-03-13 11:00:00,35581.94
2018-03-13 12:00:00,34394.445
2018-03-13 13:00:00,33669.996
2018-03-13 14:00:00,32919.02
2018-03-13 15:00:00,32924.99
2018-03-13 16:00:00,32901.992
2018-03-13 17:00:00,33032.38
2018-03-13 18:00:00,33635.305
2018-03-13 19:00:00,34494.78
2018-03-13 20:00:00,34613.348
2018-03-13 21:00:00,36766.984
2018-03-13 22:00:00,35081.74
2018-03-13 23:00:00,33763.82
2018-03-14 00:00:00,30871.355
2018-03-14 01:00:00,29216.725
2018-03-14 02:00:00,28587.373
2018-03-14 03:00:00,28717.2
2018-03-14 04:00:00,29158.205
2018-03-14 05:00:00,29832.273
2018-03-14 06:00:00,31391.936
2018-03-14 07:00:00,34248.086
2018-03-14 08:00:00,37657.984
2018-03-14 09:00:00,37549.047
2018-03-14 10:00:00,35672.98
2018-03-14 11:00:00,34433.6
2018-03-14 12:00:00,33419.598
2018-03-14 13:00:00,33276.098
2018-03-14 14:00:00,33461.504
2018-03-14 15:00:00,33712.88
2018-03-14 16:00:00,33388.05
2018-03-14 17:00:00,33974.266
2018-03-14 18:00:00,34854.42
2018-03-14 19:00:00,35717.74
2018-03-14 20:00:00,36256.55
2018-03-14 21:00:00,37680.74
2018-03-14 22:00:00,36035.945
2018-03-14 23:00:00,34607.754
2018-03-15 00:00:00,31265.02
2018-03-15 01:00:00,29869.588
2018-03-15 02:00:00,29009.309
2018-03-15 03:00:00,29051.674
2018-03-15 04:00:00,29332.5
2018-03-15 05:00:00,30093.805
2018-03-15 06:00:00,31290.174
2018-03-15 07:00:00,34122.516
2018-03-15 08:00:00,37356.668
2018-03-15 09:00:00,37112.58
2018-03-15 10:00:00,35133.52
2018-03-15 11:00:00,33449.617
2018-03-15 12:00:00,31932.143
2018-03-15 13:00:00,31693.303
2018-03-15 14:00:00,31811.105
2018-03-15 15:00:00,32196.158
2018-03-15 16:00:00,32491.758
2018-03-15 17:00:00,32504.45
2018-03-15 18:00:00,32919.05
2018-03-15 19:00:00,33156.625
2018-03-15 20:00:00,33764.094
2018-03-15 21:00:00,35535.56
2018-03-15 22:00:00,34221.957
2018-03-15 23:00:00,32742.717
2018-03-16 00:00:00,29923.248
2018-03-16 01:00:00,28350.125
2018-03-16 02:00:00,27710.117
2018-03-16 03:00:00,27609.82
2018-03-16 04:00:00,28200.25
2018-03-16 05:00:00,28683.695
2018-03-16 06:00:00,30406.244
2018-03-16 07:00:00,32835.848
2018-03-16 08:00:00,36335.836
2018-03-16 09:00:00,36248.465
2018-03-16 10:00:00,35166.605
2018-03-16 11:00:00,34114.08
2018-03-16 12:00:00,33313.664
2018-03-16 13:00:00,32575.006
2018-03-16 14:00:00,32309.654
2018-03-16 15:00:00,32309.994
2018-03-16 16:00:00,31628.889
2018-03-16 17:00:00,31822.125
2018-03-16 18:00:00,32343.066
2018-03-16 19:00:00,32590.78
2018-03-16 20:00:00,33330.78
2018-03-16 21:00:00,35114.715
2018-03-16 22:00:00,34064.36
2018-03-16 23:00:00,33007.246
2018-03-17 00:00:00,31115.008
2018-03-17 01:00:00,29217.783
2018-03-17 02:00:00,28563.012
2018-03-17 03:00:00,28432.574
2018-03-17 04:00:00,28759.686
2018-03-17 05:00:00,29197.709
2018-03-17 06:00:00,29957.61
2018-03-17 07:00:00,31183.861
2018-03-17 08:00:00,32805.54
2018-03-17 09:00:00,33313.19
2018-03-17 10:00:00,33087.69
2018-03-17 11:00:00,31508.143
2018-03-17 12:00:00,30946.29
2018-03-17 13:00:00,30243.812
2018-03-17 14:00:00,29396.135
2018-03-17 15:00:00,29403.953
2018-03-17 16:00:00,29509.594
2018-03-17 17:00:00,29845.795
2018-03-17 18:00:00,29751.037
2018-03-17 19:00:00,30039.99
2018-03-17 20:00:00,30002.617
2018-03-17 21:00:00,32265.348
2018-03-17 22:00:00,31340.656
2018-03-17 23:00:00,30506.555
2018-03-18 00:00:00,29037.502
2018-03-18 01:00:00,27404.578
2018-03-18 02:00:00,26692.623
2018-03-18 03:00:00,26543.857
2018-03-18 04:00:00,26758.783
2018-03-18 05:00:00,27220.129
2018-03-18 06:00:00,27683.984
2018-03-18 07:00:00,28779.613
2018-03-18 08:00:00,30028.77
2018-03-18 09:00:00,30367.719
2018-03-18 10:00:00,30052.432
2018-03-18 11:00:00,28962.908
2018-03-18 12:00:00,28059.139
2018-03-18 13:00:00,27251.74
2018-03-18 14:00:00,26588.113
2018-03-18 15:00:00,26174.22
2018-03-18 16:00:00,25682.277
2018-03-18 17:00:00,25990.879
2018-03-18 18:00:00,26763.451
2018-03-18 19:00:00,27852.896
2018-03-18 20:00:00,29017.498
2018-03-18 21:00:00,31518.158
2018-03-18 22:00:00,31105.21
2018-03-18 23:00:00,29425.77
2018-03-19 00:00:00,27437.225
2018-03-19 01:00:00,25773.248
2018-03-19 02:00:00,25311.193
2018-03-19 03:00:00,25600.59
2018-03-19 04:00:00,26144.082
2018-03-19 05:00:00,27005.36
2018-03-19 06:00:00,28688.492
2018-03-19 07:00:00,31537.826
2018-03-19 08:00:00,34960.11
2018-03-19 09:00:00,34835.402
2018-03-19 10:00:00,33213.754
2018-03-19 11:00:00,31435.654
2018-03-19 12:00:00,30087.02
2018-03-19 13:00:00,29518.184
2018-03-19 14:00:00,29058.861
2018-03-19 15:00:00,29284.502
2018-03-19 16:00:00,28892.63
2018-03-19 17:00:00,29157.684
2018-03-19 18:00:00,29715.357
2018-03-19 19:00:00,30575.658
2018-03-19 20:00:00,31118.488
2018-03-19 21:00:00,33255.008
2018-03-19 22:00:00,32211.6
2018-03-19 23:00:00,30615.36
2018-03-20 00:00:00,28130.852
2018-03-20 01:00:00,26430.121
2018-03-20 02:00:00,25953.512
2018-03-20 03:00:00,26152.006
2018-03-20 04:00:00,26404.812
2018-03-20 05:00:00,27351.408
2018-03-20 06:00:00,28728.96
2018-03-20 07:00:00,31661.412
2018-03-20 08:00:00,35130.84
2018-03-20 09:00:00,35572.617
2018-03-20 10:00:00,35390.562
2018-03-20 11:00:00,35728.15
2018-03-20 12:00:00,35525.344
2018-03-20 13:00:00,35895.19
2018-03-20 14:00:00,35816.363
2018-03-20 15:00:00,36056.305
2018-03-20 16:00:00,35917.88
2018-03-20 17:00:00,36036.082
2018-03-20 18:00:00,36446.05
2018-03-20 19:00:00,36688.51
2018-03-20 20:00:00,36582.93
2018-03-20 21:00:00,37290.453
2018-03-20 22:00:00,35490.258
2018-03-20 23:00:00,33695.312
2018-03-21 00:00:00,31054.223
2018-03-21 01:00:00,29393.627
2018-03-21 02:00:00,28643.457
2018-03-21 03:00:00,28548.42
2018-03-21 04:00:00,28727.121
2018-03-21 05:00:00,29399.467
2018-03-21 06:00:00,30721.473
2018-03-21 07:00:00,33085.137
2018-03-21 08:00:00,34962.805
2018-03-21 09:00:00,35749.832
2018-03-21 10:00:00,36511.723
2018-03-21 11:00:00,37052.895
2018-03-21 12:00:00,37419.34
2018-03-21 13:00:00,37345.586
2018-03-21 14:00:00,36804.09
2018-03-21 15:00:00,36093.03
2018-03-21 16:00:00,35494.645
2018-03-21 17:00:00,35010.152
2018-03-21 18:00:00,35470.957
2018-03-21 19:00:00,35871.1
2018-03-21 20:00:00,35548.734
2018-03-21 21:00:00,36964.3
2018-03-21 22:00:00,35005.96
2018-03-21 23:00:00,33137.234
2018-03-22 00:00:00,30707.654
2018-03-22 01:00:00,28817.625
2018-03-22 02:00:00,28328.371
2018-03-22 03:00:00,28075.29
2018-03-22 04:00:00,28349.998
2018-03-22 05:00:00,28909.365
2018-03-22 06:00:00,30238.723
2018-03-22 07:00:00,32984.164
2018-03-22 08:00:00,35771.434
2018-03-22 09:00:00,36492.64
2018-03-22 10:00:00,36600.6
2018-03-22 11:00:00,34876.57
2018-03-22 12:00:00,34025.395
2018-03-22 13:00:00,33118.03
2018-03-22 14:00:00,32361.588
2018-03-22 15:00:00,32064.04
2018-03-22 16:00:00,31512.865
2018-03-22 17:00:00,31303.756
2018-03-22 18:00:00,31862.055
2018-03-22 19:00:00,32694.096
2018-03-22 20:00:00,33162.31
2018-03-22 21:00:00,34883.74
2018-03-22 22:00:00,34158.99
2018-03-22 23:00:00,32028.275
2018-03-23 00:00:00,29931.037
2018-03-23 01:00:00,27641.861
2018-03-23 02:00:00,27315.924
2018-03-23 03:00:00,27156.578
2018-03-23 04:00:00,27683.75
2018-03-23 05:00:00,28327.006
2018-03-23 06:00:00,29859.393
2018-03-23 07:00:00,32850.45
2018-03-23 08:00:00,36112.793
2018-03-23 09:00:00,36023.754
2018-03-23 10:00:00,34473.453
2018-03-23 11:00:00,32790.375
2018-03-23 12:00:00,31497.992
2018-03-23 13:00:00,30549.912
2018-03-23 14:00:00,30016.166
2018-03-23 15:00:00,30161.268
2018-03-23 16:00:00,29780.55
2018-03-23 17:00:00,30321.186
2018-03-23 18:00:00,30850.58
2018-03-23 19:00:00,31230.152
2018-03-23 20:00:00,31694.842
2018-03-23 21:00:00,33114.69
2018-03-23 22:00:00,32411.984
2018-03-23 23:00:00,31036.62
2018-03-24 00:00:00,29310.73
2018-03-24 01:00:00,27523.719
2018-03-24 02:00:00,26797.451
2018-03-24 03:00:00,26778.117
2018-03-24 04:00:00,26928.31
2018-03-24 05:00:00,27518.283
2018-03-24 06:00:00,28229.117
2018-03-24 07:00:00,29674.443
2018-03-24 08:00:00,31327.746
2018-03-24 09:00:00,31674.982
2018-03-24 10:00:00,31279.547
2018-03-24 11:00:00,30050.555
2018-03-24 12:00:00,28870.86
2018-03-24 13:00:00,27593.67
2018-03-24 14:00:00,26827.535
2018-03-24 15:00:00,26070.598
2018-03-24 16:00:00,25879.639
2018-03-24 17:00:00,25999.838
2018-03-24 18:00:00,26738.836
2018-03-24 19:00:00,27697.896
2018-03-24 20:00:00,28673.104
2018-03-24 21:00:00,30701.898
2018-03-24 22:00:00,30234.592
2018-03-24 23:00:00,29064.615
2018-03-25 00:00:00,27695.209
2018-03-25 01:00:00,26187.46
2018-03-25 02:00:00,25647.828
2018-03-25 03:00:00,25646.96
2018-03-25 04:00:00,26028.477
2018-03-25 05:00:00,26458.574
2018-03-25 06:00:00,27145.645
2018-03-25 07:00:00,28170.014
2018-03-25 08:00:00,29303.271
2018-03-25 09:00:00,29871.03
2018-03-25 10:00:00,30735.438
2018-03-25 11:00:00,30162.916
2018-03-25 12:00:00,29625.549
2018-03-25 13:00:00,28762.674
2018-03-25 14:00:00,28579.965
2018-03-25 15:00:00,27869.92
2018-03-25 16:00:00,27284.809
2018-03-25 17:00:00,27684.97
2018-03-25 18:00:00,28427.943
2018-03-25 19:00:00,29365.725
2018-03-25 20:00:00,30303.482
2018-03-25 21:00:00,31978.135
2018-03-25 22:00:00,32077.516
2018-03-25 23:00:00,30066.88
2018-03-26 00:00:00,28325.453
2018-03-26 01:00:00,26723.924
2018-03-26 02:00:00,26307.938
2018-03-26 03:00:00,26593.65
2018-03-26 04:00:00,27198.188
2018-03-26 05:00:00,28107.086
2018-03-26 06:00:00,29908.414
2018-03-26 07:00:00,32702.496
2018-03-26 08:00:00,36284.08
2018-03-26 09:00:00,35941.38
2018-03-26 10:00:00,34090.598
2018-03-26 11:00:00,32397.305
2018-03-26 12:00:00,31047.834
2018-03-26 13:00:00,30091.293
2018-03-26 14:00:00,29824.047
2018-03-26 15:00:00,29677.314
2018-03-26 16:00:00,29179.102
2018-03-26 17:00:00,29140.39
2018-03-26 18:00:00,29723.795
2018-03-26 19:00:00,30577.23
2018-03-26 20:00:00,31312.295
2018-03-26 21:00:00,33539.39
2018-03-26 22:00:00,33140.246
2018-03-26 23:00:00,31226.238
2018-03-27 00:00:00,28784.363
2018-03-27 01:00:00,27287.445
2018-03-27 02:00:00,26646.814
2018-03-27 03:00:00,26997.582
2018-03-27 04:00:00,27489.201
2018-03-27 05:00:00,28451.232
2018-03-27 06:00:00,30170.398
2018-03-27 07:00:00,32894.902
2018-03-27 08:00:00,36160.32
2018-03-27 09:00:00,35748.562
2018-03-27 10:00:00,34713.246
2018-03-27 11:00:00,32918.36
2018-03-27 12:00:00,31307.682
2018-03-27 13:00:00,31813.15
2018-03-27 14:00:00,31197.633
2018-03-27 15:00:00,31779.559
2018-03-27 16:00:00,31605.467
2018-03-27 17:00:00,32136.893
2018-03-27 18:00:00,32990.93
2018-03-27 19:00:00,33223.09
2018-03-27 20:00:00,33691.332
2018-03-27 21:00:00,34753.273
2018-03-27 22:00:00,32963.51
2018-03-27 23:00:00,31561.553
2018-03-28 00:00:00,28232.537
2018-03-28 01:00:00,26933.43
2018-03-28 02:00:00,25986.28
2018-03-28 03:00:00,25916.797
2018-03-28 04:00:00,26079.38
2018-03-28 05:00:00,26608.652
2018-03-28 06:00:00,28037.732
2018-03-28 07:00:00,30734.477
2018-03-28 08:00:00,33848.234
2018-03-28 09:00:00,33938.01
2018-03-28 10:00:00,33298.91
2018-03-28 11:00:00,32799.78
2018-03-28 12:00:00,31295.379
2018-03-28 13:00:00,31654.758
2018-03-28 14:00:00,30679.924
2018-03-28 15:00:00,30622.484
2018-03-28 16:00:00,30990.275
2018-03-28 17:00:00,30814.396
2018-03-28 18:00:00,31310.14
2018-03-28 19:00:00,31803.969
2018-03-28 20:00:00,31716.033
2018-03-28 21:00:00,32574.74
2018-03-28 22:00:00,31280.252
2018-03-28 23:00:00,28950.834
2018-03-29 00:00:00,26529.004
2018-03-29 01:00:00,25055.77
2018-03-29 02:00:00,24068.385
2018-03-29 03:00:00,23846.295
2018-03-29 04:00:00,23949.107
2018-03-29 05:00:00,24380.967
2018-03-29 06:00:00,25618.863
2018-03-29 07:00:00,28501.668
2018-03-29 08:00:00,31411.074
2018-03-29 09:00:00,31709.115
2018-03-29 10:00:00,31217.719
2018-03-29 11:00:00,30594.324
2018-03-29 12:00:00,29833.432
2018-03-29 13:00:00,29062.967
2018-03-29 14:00:00,29170.498
2018-03-29 15:00:00,28771.17
2018-03-29 16:00:00,28682.049
2018-03-29 17:00:00,28626.309
2018-03-29 18:00:00,28852.23
2018-03-29 19:00:00,28991.21
2018-03-29 20:00:00,28782.105
2018-03-29 21:00:00,30134.0
2018-03-29 22:00:00,29055.953
2018-03-29 23:00:00,26997.08
2018-03-30 00:00:00,24789.816
2018-03-30 01:00:00,23244.828
2018-03-30 02:00:00,22341.91
2018-03-30 03:00:00,22099.51
2018-03-30 04:00:00,22119.89
2018-03-30 05:00:00,22324.543
2018-03-30 06:00:00,23343.498
2018-03-30 07:00:00,25169.416
2018-03-30 08:00:00,27361.16
2018-03-30 09:00:00,27637.676
2018-03-30 10:00:00,28281.441
2018-03-30 11:00:00,28426.941
2018-03-30 12:00:00,28149.965
2018-03-30 13:00:00,28240.988
2018-03-30 14:00:00,27518.033
2018-03-30 15:00:00,27086.143
2018-03-30 16:00:00,27113.55
2018-03-30 17:00:00,27905.016
2018-03-30 18:00:00,27767.256
2018-03-30 19:00:00,28162.89
2018-03-30 20:00:00,27732.508
2018-03-30 21:00:00,28774.402
2018-03-30 22:00:00,28474.055
2018-03-30 23:00:00,26728.273
2018-03-31 00:00:00,25147.89
2018-03-31 01:00:00,23792.156
2018-03-31 02:00:00,23044.803
2018-03-31 03:00:00,23002.266
2018-03-31 04:00:00,23134.115
2018-03-31 05:00:00,23640.22
2018-03-31 06:00:00,24467.76
2018-03-31 07:00:00,25722.922
2018-03-31 08:00:00,27111.934
2018-03-31 09:00:00,27725.428
2018-03-31 10:00:00,27498.105
2018-03-31 11:00:00,26697.281
2018-03-31 12:00:00,25634.475
2018-03-31 13:00:00,24659.016
2018-03-31 14:00:00,24005.365
2018-03-31 15:00:00,23469.457
2018-03-31 16:00:00,23366.385
2018-03-31 17:00:00,23847.13
2018-03-31 18:00:00,24671.648
2018-03-31 19:00:00,25646.605
2018-03-31 20:00:00,26228.281
2018-03-31 21:00:00,27912.664
2018-03-31 22:00:00,28026.389
2018-03-31 23:00:00,26293.258
2018-04-01 00:00:00,25101.297
2018-04-01 01:00:00,23349.895
2018-04-01 02:00:00,22603.9
2018-04-01 03:00:00,22411.387
2018-04-01 04:00:00,22281.854
2018-04-01 05:00:00,22470.436
2018-04-01 06:00:00,22903.066
2018-04-01 07:00:00,23635.312
2018-04-01 08:00:00,24634.805
2018-04-01 09:00:00,25071.97
2018-04-01 10:00:00,26410.611
2018-04-01 11:00:00,26305.188
2018-04-01 12:00:00,25577.01
2018-04-01 13:00:00,25294.195
2018-04-01 14:00:00,24178.39
2018-04-01 15:00:00,23346.113
2018-04-01 16:00:00,23459.844
2018-04-01 17:00:00,22899.18
2018-04-01 18:00:00,23266.92
2018-04-01 19:00:00,24087.223
2018-04-01 20:00:00,24862.938
2018-04-01 21:00:00,27326.21
2018-04-01 22:00:00,27298.293
2018-04-01 23:00:00,25236.967
2018-04-02 00:00:00,23865.22
2018-04-02 01:00:00,22414.547
2018-04-02 02:00:00,22111.09
2018-04-02 03:00:00,21935.426
2018-04-02 04:00:00,22395.854
2018-04-02 05:00:00,23439.676
2018-04-02 06:00:00,25218.123
2018-04-02 07:00:00,27793.715
2018-04-02 08:00:00,30232.29
2018-04-02 09:00:00,31311.71
2018-04-02 10:00:00,32023.709
2018-04-02 11:00:00,32198.607
2018-04-02 12:00:00,32071.01
2018-04-02 13:00:00,31965.426
2018-04-02 14:00:00,30780.71
2018-04-02 15:00:00,30736.555
2018-04-02 16:00:00,29954.32
2018-04-02 17:00:00,29868.71
2018-04-02 18:00:00,30248.014
2018-04-02 19:00:00,30680.934
2018-04-02 20:00:00,30957.129
2018-04-02 21:00:00,32268.082
2018-04-02 22:00:00,31800.984
2018-04-02 23:00:00,29601.385
2018-04-03 00:00:00,27493.314
2018-04-03 01:00:00,25801.533
2018-04-03 02:00:00,24900.63
2018-04-03 03:00:00,25007.455
2018-04-03 04:00:00,25074.277
2018-04-03 05:00:00,25811.186
2018-04-03 06:00:00,27120.254
2018-04-03 07:00:00,30061.057
2018-04-03 08:00:00,33085.203
2018-04-03 09:00:00,33262.7
2018-04-03 10:00:00,33539.676
2018-04-03 11:00:00,33223.996
2018-04-03 12:00:00,33400.28
2018-04-03 13:00:00,32992.15
2018-04-03 14:00:00,32954.82
2018-04-03 15:00:00,32860.434
2018-04-03 16:00:00,32508.746
2018-04-03 17:00:00,32496.816
2018-04-03 18:00:00,32814.89
2018-04-03 19:00:00,32777.24
2018-04-03 20:00:00,32649.568
2018-04-03 21:00:00,33346.7
2018-04-03 22:00:00,31970.398
2018-04-03 23:00:00,29973.043
2018-04-04 00:00:00,26952.176
2018-04-04 01:00:00,25570.627
2018-04-04 02:00:00,24598.004
2018-04-04 03:00:00,24379.236
2018-04-04 04:00:00,24446.904
2018-04-04 05:00:00,24752.037
2018-04-04 06:00:00,26190.234
2018-04-04 07:00:00,28933.068
2018-04-04 08:00:00,31888.287
2018-04-04 09:00:00,31728.877
2018-04-04 10:00:00,31262.824
2018-04-04 11:00:00,30551.268
2018-04-04 12:00:00,30546.98
2018-04-04 13:00:00,30457.39
2018-04-04 14:00:00,31189.387
2018-04-04 15:00:00,30337.092
2018-04-04 16:00:00,29529.076
2018-04-04 17:00:00,28835.865
2018-04-04 18:00:00,29137.418
2018-04-04 19:00:00,29806.252
2018-04-04 20:00:00,30643.69
2018-04-04 21:00:00,32289.223
2018-04-04 22:00:00,32645.31
2018-04-04 23:00:00,30281.879
2018-04-05 00:00:00,28303.898
2018-04-05 01:00:00,26575.738
2018-04-05 02:00:00,25690.5
2018-04-05 03:00:00,26119.076
2018-04-05 04:00:00,26248.672
2018-04-05 05:00:00,27022.236
2018-04-05 06:00:00,28657.756
2018-04-05 07:00:00,31577.031
2018-04-05 08:00:00,34509.617
2018-04-05 09:00:00,34140.25
2018-04-05 10:00:00,32940.375
2018-04-05 11:00:00,32468.82
2018-04-05 12:00:00,31104.568
2018-04-05 13:00:00,30776.848
2018-04-05 14:00:00,30158.79
2018-04-05 15:00:00,30142.451
2018-04-05 16:00:00,29327.855
2018-04-05 17:00:00,29678.404
2018-04-05 18:00:00,29976.248
2018-04-05 19:00:00,30599.26
2018-04-05 20:00:00,31001.512
2018-04-05 21:00:00,32773.883
2018-04-05 22:00:00,33063.008
2018-04-05 23:00:00,30705.33
2018-04-06 00:00:00,28547.494
2018-04-06 01:00:00,27016.186
2018-04-06 02:00:00,25924.004
2018-04-06 03:00:00,25994.826
2018-04-06 04:00:00,26097.15
2018-04-06 05:00:00,26519.943
2018-04-06 06:00:00,27885.047
2018-04-06 07:00:00,30659.432
2018-04-06 08:00:00,33314.055
2018-04-06 09:00:00,33534.11
2018-04-06 10:00:00,33529.188
2018-04-06 11:00:00,32753.164
2018-04-06 12:00:00,31580.465
2018-04-06 13:00:00,30957.9
2018-04-06 14:00:00,29942.855
2018-04-06 15:00:00,29278.229
2018-04-06 16:00:00,27950.65
2018-04-06 17:00:00,28127.531
2018-04-06 18:00:00,28682.14
2018-04-06 19:00:00,29112.068
2018-04-06 20:00:00,28798.73
2018-04-06 21:00:00,30090.186
2018-04-06 22:00:00,29316.467
2018-04-06 23:00:00,27207.162
2018-04-07 00:00:00,25402.81
2018-04-07 01:00:00,23986.33
2018-04-07 02:00:00,23070.684
2018-04-07 03:00:00,22770.29
2018-04-07 04:00:00,22935.705
2018-04-07 05:00:00,23086.557
2018-04-07 06:00:00,24047.617
2018-04-07 07:00:00,25283.045
2018-04-07 08:00:00,26777.203
2018-04-07 09:00:00,27901.174
2018-04-07 10:00:00,29554.871
2018-04-07 11:00:00,29623.084
2018-04-07 12:00:00,29969.057
2018-04-07 13:00:00,28938.658
2018-04-07 14:00:00,28109.6
2018-04-07 15:00:00,27219.87
2018-04-07 16:00:00,26709.006
2018-04-07 17:00:00,27061.047
2018-04-07 18:00:00,27765.965
2018-04-07 19:00:00,28716.701
2018-04-07 20:00:00,29037.045
2018-04-07 21:00:00,30158.027
2018-04-07 22:00:00,30061.645
2018-04-07 23:00:00,28232.057
2018-04-08 00:00:00,27094.795
2018-04-08 01:00:00,25446.414
2018-04-08 02:00:00,24705.625
2018-04-08 03:00:00,24837.562
2018-04-08 04:00:00,24901.537
2018-04-08 05:00:00,25553.074
2018-04-08 06:00:00,26206.207
2018-04-08 07:00:00,27347.35
2018-04-08 08:00:00,28443.314
2018-04-08 09:00:00,28597.025
2018-04-08 10:00:00,28450.395
2018-04-08 11:00:00,27397.283
2018-04-08 12:00:00,27169.258
2018-04-08 13:00:00,26689.535
2018-04-08 14:00:00,26330.586
2018-04-08 15:00:00,26010.283
2018-04-08 16:00:00,25855.477
2018-04-08 17:00:00,26191.383
2018-04-08 18:00:00,27277.701
2018-04-08 19:00:00,28345.021
2018-04-08 20:00:00,29107.654
2018-04-08 21:00:00,31320.023
2018-04-08 22:00:00,31813.545
2018-04-08 23:00:00,29425.793
2018-04-09 00:00:00,27932.996
2018-04-09 01:00:00,26071.748
2018-04-09 02:00:00,25510.168
2018-04-09 03:00:00,25687.059
2018-04-09 04:00:00,25954.367
2018-04-09 05:00:00,26716.299
2018-04-09 06:00:00,28271.518
2018-04-09 07:00:00,31073.578
2018-04-09 08:00:00,34121.477
2018-04-09 09:00:00,33986.137
2018-04-09 10:00:00,33671.473
2018-04-09 11:00:00,32821.69
2018-04-09 12:00:00,30686.092
2018-04-09 13:00:00,29830.094
2018-04-09 14:00:00,30032.29
2018-04-09 15:00:00,30170.605
2018-04-09 16:00:00,30239.225
2018-04-09 17:00:00,31365.309
2018-04-09 18:00:00,32096.164
2018-04-09 19:00:00,32663.756
2018-04-09 20:00:00,32875.44
2018-04-09 21:00:00,33907.62
2018-04-09 22:00:00,33123.906
2018-04-09 23:00:00,30493.795
2018-04-10 00:00:00,28115.67
2018-04-10 01:00:00,26401.447
2018-04-10 02:00:00,25647.09
2018-04-10 03:00:00,25621.514
2018-04-10 04:00:00,25896.732
2018-04-10 05:00:00,26526.148
2018-04-10 06:00:00,28009.227
2018-04-10 07:00:00,30994.357
2018-04-10 08:00:00,34284.53
2018-04-10 09:00:00,33819.85
2018-04-10 10:00:00,32566.031
2018-04-10 11:00:00,31174.791
2018-04-10 12:00:00,30701.854
2018-04-10 13:00:00,30353.72
2018-04-10 14:00:00,29778.889
2018-04-10 15:00:00,29947.893
2018-04-10 16:00:00,29281.885
2018-04-10 17:00:00,29288.697
2018-04-10 18:00:00,29735.07
2018-04-10 19:00:00,30089.926
2018-04-10 20:00:00,30531.096
2018-04-10 21:00:00,32081.488
2018-04-10 22:00:00,32644.365
2018-04-10 23:00:00,29973.945
2018-04-11 00:00:00,27871.393
2018-04-11 01:00:00,26199.896
2018-04-11 02:00:00,25655.582
2018-04-11 03:00:00,26055.86
2018-04-11 04:00:00,26567.928
2018-04-11 05:00:00,27307.408
2018-04-11 06:00:00,28673.479
2018-04-11 07:00:00,31803.848
2018-04-11 08:00:00,34427.3
2018-04-11 09:00:00,33946.9
2018-04-11 10:00:00,32481.92
2018-04-11 11:00:00,30588.467
2018-04-11 12:00:00,29041.713
2018-04-11 13:00:00,29049.152
2018-04-11 14:00:00,29122.082
2018-04-11 15:00:00,29298.621
2018-04-11 16:00:00,29033.629
2018-04-11 17:00:00,28698.316
2018-04-11 18:00:00,29365.746
2018-04-11 19:00:00,29463.69
2018-04-11 20:00:00,29739.582
2018-04-11 21:00:00,31448.459
2018-04-11 22:00:00,31743.139
2018-04-11 23:00:00,28920.156
2018-04-12 00:00:00,26744.77
2018-04-12 01:00:00,25102.486
2018-04-12 02:00:00,24217.996
2018-04-12 03:00:00,24161.994
2018-04-12 04:00:00,24305.697
2018-04-12 05:00:00,24831.51
2018-04-12 06:00:00,26367.262
2018-04-12 07:00:00,29209.717
2018-04-12 08:00:00,32109.236
2018-04-12 09:00:00,31837.893
2018-04-12 10:00:00,30129.81
2018-04-12 11:00:00,29397.848
2018-04-12 12:00:00,28995.092
2018-04-12 13:00:00,28094.385
2018-04-12 14:00:00,27959.465
2018-04-12 15:00:00,28241.42
2018-04-12 16:00:00,27943.742
2018-04-12 17:00:00,27611.152
2018-04-12 18:00:00,28629.68
2018-04-12 19:00:00,28368.07
2018-04-12 20:00:00,28258.91
2018-04-12 21:00:00,29798.729
2018-04-12 22:00:00,30031.822
2018-04-12 23:00:00,26744.613
2018-04-13 00:00:00,24646.613
2018-04-13 01:00:00,22875.371
2018-04-13 02:00:00,22048.258
2018-04-13 03:00:00,21809.879
2018-04-13 04:00:00,21947.238
2018-04-13 05:00:00,22271.766
2018-04-13 06:00:00,23318.09
2018-04-13 07:00:00,26236.94
2018-04-13 08:00:00,29051.188
2018-04-13 09:00:00,29039.72
2018-04-13 10:00:00,28314.385
2018-04-13 11:00:00,27788.27
2018-04-13 12:00:00,27217.31
2018-04-13 13:00:00,27049.246
2018-04-13 14:00:00,27342.734
2018-04-13 15:00:00,28031.469
2018-04-13 16:00:00,28071.97
2018-04-13 17:00:00,28526.648
2018-04-13 18:00:00,29183.807
2018-04-13 19:00:00,29154.625
2018-04-13 20:00:00,28381.395
2018-04-13 21:00:00,28818.09
2018-04-13 22:00:00,29407.21
2018-04-13 23:00:00,26419.748
2018-04-14 00:00:00,24745.48
2018-04-14 01:00:00,22878.842
2018-04-14 02:00:00,21939.453
2018-04-14 03:00:00,21445.639
2018-04-14 04:00:00,21222.654
2018-04-14 05:00:00,21260.719
2018-04-14 06:00:00,21622.29
2018-04-14 07:00:00,22469.477
2018-04-14 08:00:00,23146.045
2018-04-14 09:00:00,24269.006
2018-04-14 10:00:00,25682.287
2018-04-14 11:00:00,25379.79
2018-04-14 12:00:00,25889.564
2018-04-14 13:00:00,25991.31
2018-04-14 14:00:00,26268.986
2018-04-14 15:00:00,26581.045
2018-04-14 16:00:00,27186.031
2018-04-14 17:00:00,27830.525
2018-04-14 18:00:00,28672.814
2018-04-14 19:00:00,28762.535
2018-04-14 20:00:00,27990.605
2018-04-14 21:00:00,28202.406
2018-04-14 22:00:00,28540.904
2018-04-14 23:00:00,25425.238
2018-04-15 00:00:00,23809.246
2018-04-15 01:00:00,22305.697
2018-04-15 02:00:00,21318.361
2018-04-15 03:00:00,20856.334
2018-04-15 04:00:00,20770.41
2018-04-15 05:00:00,20688.822
2018-04-15 06:00:00,21021.281
2018-04-15 07:00:00,21619.547
2018-04-15 08:00:00,22360.283
2018-04-15 09:00:00,23416.697
2018-04-15 10:00:00,25465.738
2018-04-15 11:00:00,26282.861
2018-04-15 12:00:00,26537.984
2018-04-15 13:00:00,26641.281
2018-04-15 14:00:00,26718.094
2018-04-15 15:00:00,26902.973
2018-04-15 16:00:00,27087.145
2018-04-15 17:00:00,27520.387
2018-04-15 18:00:00,28534.959
2018-04-15 19:00:00,29321.557
2018-04-15 20:00:00,29562.236
2018-04-15 21:00:00,30292.758
2018-04-15 22:00:00,29672.076
2018-04-15 23:00:00,26917.33
2018-04-16 00:00:00,25086.268
2018-04-16 01:00:00,23408.795
2018-04-16 02:00:00,23433.635
2018-04-16 03:00:00,23018.078
2018-04-16 04:00:00,23203.316
2018-04-16 05:00:00,23707.45
2018-04-16 06:00:00,24895.615
2018-04-16 07:00:00,27697.902
2018-04-16 08:00:00,30475.635
2018-04-16 09:00:00,31143.605
2018-04-16 10:00:00,31445.988
2018-04-16 11:00:00,31412.0
2018-04-16 12:00:00,30840.727
2018-04-16 13:00:00,30261.602
2018-04-16 14:00:00,29435.994
2018-04-16 15:00:00,29717.389
2018-04-16 16:00:00,29226.729
2018-04-16 17:00:00,29647.172
2018-04-16 18:00:00,30598.7
2018-04-16 19:00:00,30855.883
2018-04-16 20:00:00,30856.582
2018-04-16 21:00:00,31484.65
2018-04-16 22:00:00,31308.15
2018-04-16 23:00:00,28497.129
2018-04-17 00:00:00,26340.566
2018-04-17 01:00:00,24890.426
2018-04-17 02:00:00,24130.988
2018-04-17 03:00:00,24024.24
2018-04-17 04:00:00,24406.06
2018-04-17 05:00:00,25052.385
2018-04-17 06:00:00,26519.027
2018-04-17 07:00:00,29736.928
2018-04-17 08:00:00,32588.152
2018-04-17 09:00:00,32593.928
2018-04-17 10:00:00,31894.664
2018-04-17 11:00:00,31448.287
2018-04-17 12:00:00,31130.598
2018-04-17 13:00:00,31124.436
2018-04-17 14:00:00,31713.15
2018-04-17 15:00:00,31507.262
2018-04-17 16:00:00,31918.74
2018-04-17 17:00:00,31843.312
2018-04-17 18:00:00,32437.453
2018-04-17 19:00:00,32475.42
2018-04-17 20:00:00,32499.65
2018-04-17 21:00:00,33394.44
2018-04-17 22:00:00,33112.94
2018-04-17 23:00:00,30691.523
2018-04-18 00:00:00,28096.312
2018-04-18 01:00:00,26589.662
2018-04-18 02:00:00,25699.723
2018-04-18 03:00:00,25690.785
2018-04-18 04:00:00,25906.785
2018-04-18 05:00:00,26650.777
2018-04-18 06:00:00,28288.602
2018-04-18 07:00:00,31240.607
2018-04-18 08:00:00,34016.016
2018-04-18 09:00:00,33407.492
2018-04-18 10:00:00,31712.316
2018-04-18 11:00:00,30634.482
2018-04-18 12:00:00,29694.809
2018-04-18 13:00:00,29285.182
2018-04-18 14:00:00,28518.695
2018-04-18 15:00:00,28562.004
2018-04-18 16:00:00,27996.559
2018-04-18 17:00:00,27931.855
2018-04-18 18:00:00,28515.037
2018-04-18 19:00:00,28778.059
2018-04-18 20:00:00,29086.943
2018-04-18 21:00:00,30299.814
2018-04-18 22:00:00,31348.354
2018-04-18 23:00:00,28074.764
2018-04-19 00:00:00,25755.383
2018-04-19 01:00:00,24399.23
2018-04-19 02:00:00,23657.18
2018-04-19 03:00:00,23113.56
2018-04-19 04:00:00,23426.025
2018-04-19 05:00:00,24056.988
2018-04-19 06:00:00,25426.406
2018-04-19 07:00:00,28210.291
2018-04-19 08:00:00,31201.383
2018-04-19 09:00:00,31215.268
2018-04-19 10:00:00,30887.295
2018-04-19 11:00:00,31030.879
2018-04-19 12:00:00,30198.799
2018-04-19 13:00:00,30771.682
2018-04-19 14:00:00,30850.012
2018-04-19 15:00:00,30817.262
2018-04-19 16:00:00,29961.322
2018-04-19 17:00:00,30167.39
2018-04-19 18:00:00,30833.633
2018-04-19 19:00:00,31642.977
2018-04-19 20:00:00,31340.115
2018-04-19 21:00:00,32322.248
2018-04-19 22:00:00,32687.88
2018-04-19 23:00:00,30144.857
2018-04-20 00:00:00,27652.348
2018-04-20 01:00:00,26075.799
2018-04-20 02:00:00,25374.379
2018-04-20 03:00:00,25308.996
2018-04-20 04:00:00,25811.777
2018-04-20 05:00:00,26350.99
2018-04-20 06:00:00,27445.803
2018-04-20 07:00:00,31134.105
2018-04-20 08:00:00,33317.113
2018-04-20 09:00:00,33042.844
2018-04-20 10:00:00,31425.775
2018-04-20 11:00:00,30348.543
2018-04-20 12:00:00,29301.572
2018-04-20 13:00:00,28632.082
2018-04-20 14:00:00,28240.76
2018-04-20 15:00:00,28493.67
2018-04-20 16:00:00,27386.18
2018-04-20 17:00:00,27455.617
2018-04-20 18:00:00,27854.428
2018-04-20 19:00:00,27916.027
2018-04-20 20:00:00,28186.98
2018-04-20 21:00:00,29252.893
2018-04-20 22:00:00,30610.105
2018-04-20 23:00:00,28004.012
2018-04-21 00:00:00,26710.752
2018-04-21 01:00:00,24985.105
2018-04-21 02:00:00,24186.916
2018-04-21 03:00:00,24279.0
2018-04-21 04:00:00,24372.762
2018-04-21 05:00:00,25029.66
2018-04-21 06:00:00,25808.39
2018-04-21 07:00:00,26993.658
2018-04-21 08:00:00,28305.227
2018-04-21 09:00:00,27960.729
2018-04-21 10:00:00,27638.213
2018-04-21 11:00:00,26408.217
2018-04-21 12:00:00,25426.385
2018-04-21 13:00:00,24759.838
2018-04-21 14:00:00,24070.656
2018-04-21 15:00:00,23693.742
2018-04-21 16:00:00,23791.818
2018-04-21 17:00:00,24047.715
2018-04-21 18:00:00,24926.924
2018-04-21 19:00:00,25390.678
2018-04-21 20:00:00,25445.004
2018-04-21 21:00:00,26748.604
2018-04-21 22:00:00,27752.594
2018-04-21 23:00:00,25455.367
2018-04-22 00:00:00,24273.45
2018-04-22 01:00:00,22907.459
2018-04-22 02:00:00,22274.973
2018-04-22 03:00:00,22154.447
2018-04-22 04:00:00,22321.531
2018-04-22 05:00:00,22620.957
2018-04-22 06:00:00,23304.56
2018-04-22 07:00:00,24246.625
2018-04-22 08:00:00,24522.06
2018-04-22 09:00:00,24742.07
2018-04-22 10:00:00,24451.484
2018-04-22 11:00:00,23981.021
2018-04-22 12:00:00,23428.24
2018-04-22 13:00:00,23137.176
2018-04-22 14:00:00,22970.854
2018-04-22 15:00:00,22919.285
2018-04-22 16:00:00,23028.125
2018-04-22 17:00:00,23583.264
2018-04-22 18:00:00,24603.664
2018-04-22 19:00:00,25355.613
2018-04-22 20:00:00,25840.068
2018-04-22 21:00:00,26693.502
2018-04-22 22:00:00,28098.723
2018-04-22 23:00:00,24881.031
2018-04-23 00:00:00,23287.414
2018-04-23 01:00:00,21986.57
2018-04-23 02:00:00,21404.932
2018-04-23 03:00:00,21516.076
2018-04-23 04:00:00,21789.47
2018-04-23 05:00:00,22377.832
2018-04-23 06:00:00,24105.371
2018-04-23 07:00:00,26874.184
2018-04-23 08:00:00,29313.822
2018-04-23 09:00:00,28920.078
2018-04-23 10:00:00,27501.023
2018-04-23 11:00:00,26817.115
2018-04-23 12:00:00,26440.746
2018-04-23 13:00:00,26181.258
2018-04-23 14:00:00,26425.607
2018-04-23 15:00:00,26814.256
2018-04-23 16:00:00,26577.625
2018-04-23 17:00:00,26897.916
2018-04-23 18:00:00,27275.031
2018-04-23 19:00:00,27712.594
2018-04-23 20:00:00,27422.72
2018-04-23 21:00:00,28482.586
2018-04-23 22:00:00,29316.916
2018-04-23 23:00:00,25812.445
2018-04-24 00:00:00,23791.64
2018-04-24 01:00:00,22360.553
2018-04-24 02:00:00,21821.738
2018-04-24 03:00:00,21656.967
2018-04-24 04:00:00,22008.771
2018-04-24 05:00:00,22375.266
2018-04-24 06:00:00,24064.979
2018-04-24 07:00:00,26962.133
2018-04-24 08:00:00,29151.408
2018-04-24 09:00:00,28977.389
2018-04-24 10:00:00,27953.473
2018-04-24 11:00:00,27531.096
2018-04-24 12:00:00,27368.29
2018-04-24 13:00:00,27184.814
2018-04-24 14:00:00,27567.693
2018-04-24 15:00:00,27875.676
2018-04-24 16:00:00,27712.861
2018-04-24 17:00:00,28057.086
2018-04-24 18:00:00,28383.252
2018-04-24 19:00:00,28727.598
2018-04-24 20:00:00,28789.281
2018-04-24 21:00:00,29550.035
2018-04-24 22:00:00,29304.477
2018-04-24 23:00:00,26317.34
2018-04-25 00:00:00,24105.295
2018-04-25 01:00:00,22838.725
2018-04-25 02:00:00,21877.705
2018-04-25 03:00:00,21884.635
2018-04-25 04:00:00,21985.676
2018-04-25 05:00:00,22340.18
2018-04-25 06:00:00,23766.762
2018-04-25 07:00:00,26252.541
2018-04-25 08:00:00,29147.664
2018-04-25 09:00:00,29355.389
2018-04-25 10:00:00,29213.873
2018-04-25 11:00:00,29274.184
2018-04-25 12:00:00,29223.383
2018-04-25 13:00:00,28964.873
2018-04-25 14:00:00,28695.068
2018-04-25 15:00:00,28968.072
2018-04-25 16:00:00,28597.076
2018-04-25 17:00:00,28716.46
2018-04-25 18:00:00,29016.594
2018-04-25 19:00:00,29310.613
2018-04-25 20:00:00,28670.578
2018-04-25 21:00:00,29429.027
2018-04-25 22:00:00,29408.0
2018-04-25 23:00:00,26291.375
2018-04-26 00:00:00,24133.738
2018-04-26 01:00:00,22503.693
2018-04-26 02:00:00,21780.424
2018-04-26 03:00:00,21665.797
2018-04-26 04:00:00,21758.086
2018-04-26 05:00:00,22228.861
2018-04-26 06:00:00,23476.332
2018-04-26 07:00:00,26388.889
2018-04-26 08:00:00,28849.193
2018-04-26 09:00:00,28603.707
2018-04-26 10:00:00,27450.742
2018-04-26 11:00:00,27079.65
2018-04-26 12:00:00,26684.385
2018-04-26 13:00:00,26448.258
2018-04-26 14:00:00,26516.826
2018-04-26 15:00:00,26806.61
2018-04-26 16:00:00,26613.79
2018-04-26 17:00:00,27118.588
2018-04-26 18:00:00,27504.12
2018-04-26 19:00:00,27726.096
2018-04-26 20:00:00,27522.062
2018-04-26 21:00:00,28040.754
2018-04-26 22:00:00,29236.783
2018-04-26 23:00:00,25954.463
2018-04-27 00:00:00,23747.49
2018-04-27 01:00:00,22281.918
2018-04-27 02:00:00,21452.395
2018-04-27 03:00:00,21315.867
2018-04-27 04:00:00,21319.03
2018-04-27 05:00:00,21834.73
2018-04-27 06:00:00,22870.379
2018-04-27 07:00:00,25702.512
2018-04-27 08:00:00,28398.662
2018-04-27 09:00:00,28490.553
2018-04-27 10:00:00,29261.312
2018-04-27 11:00:00,28651.666
2018-04-27 12:00:00,28901.092
2018-04-27 13:00:00,27872.523
2018-04-27 14:00:00,28236.117
2018-04-27 15:00:00,28260.2
2018-04-27 16:00:00,27646.35
2018-04-27 17:00:00,27768.082
2018-04-27 18:00:00,27903.91
2018-04-27 19:00:00,27769.59
2018-04-27 20:00:00,27265.008
2018-04-27 21:00:00,27497.967
2018-04-27 22:00:00,28028.516
2018-04-27 23:00:00,25581.842
2018-04-28 00:00:00,23822.58
2018-04-28 01:00:00,22410.047
2018-04-28 02:00:00,21942.744
2018-04-28 03:00:00,21365.355
2018-04-28 04:00:00,21353.68
2018-04-28 05:00:00,21612.41
2018-04-28 06:00:00,22144.844
2018-04-28 07:00:00,23267.77
2018-04-28 08:00:00,23915.01
2018-04-28 09:00:00,25180.496
2018-04-28 10:00:00,25630.88
2018-04-28 11:00:00,24834.76
2018-04-28 12:00:00,24239.662
2018-04-28 13:00:00,24057.18
2018-04-28 14:00:00,23819.434
2018-04-28 15:00:00,23787.166
2018-04-28 16:00:00,24219.428
2018-04-28 17:00:00,24652.791
2018-04-28 18:00:00,25198.502
2018-04-28 19:00:00,25788.947
2018-04-28 20:00:00,25783.643
2018-04-28 21:00:00,26136.299
2018-04-28 22:00:00,26343.121
2018-04-28 23:00:00,24398.518
2018-04-29 00:00:00,22958.264
2018-04-29 01:00:00,21725.58
2018-04-29 02:00:00,20908.326
2018-04-29 03:00:00,20632.137
2018-04-29 04:00:00,20534.44
2018-04-29 05:00:00,20784.32
2018-04-29 06:00:00,21170.09
2018-04-29 07:00:00,21945.93
2018-04-29 08:00:00,22449.97
2018-04-29 09:00:00,23592.242
2018-04-29 10:00:00,24522.533
2018-04-29 11:00:00,24491.84
2018-04-29 12:00:00,23980.057
2018-04-29 13:00:00,24096.533
2018-04-29 14:00:00,24106.064
2018-04-29 15:00:00,23766.125
2018-04-29 16:00:00,23848.85
2018-04-29 17:00:00,24425.94
2018-04-29 18:00:00,25354.066
2018-04-29 19:00:00,26100.488
2018-04-29 20:00:00,26439.979
2018-04-29 21:00:00,27323.281
2018-04-29 22:00:00,28231.432
2018-04-29 23:00:00,25716.219
2018-04-30 00:00:00,23790.676
2018-04-30 01:00:00,22512.428
2018-04-30 02:00:00,21989.543
2018-04-30 03:00:00,22067.016
2018-04-30 04:00:00,22326.857
2018-04-30 05:00:00,22937.438
2018-04-30 06:00:00,24509.75
2018-04-30 07:00:00,27412.408
2018-04-30 08:00:00,29703.35
2018-04-30 09:00:00,29911.426
2018-04-30 10:00:00,29013.07
2018-04-30 11:00:00,28406.986
2018-04-30 12:00:00,27758.943
2018-04-30 13:00:00,27681.564
2018-04-30 14:00:00,27615.469
2018-04-30 15:00:00,27578.828
2018-04-30 16:00:00,27356.793
2018-04-30 17:00:00,27218.658
2018-04-30 18:00:00,27796.082
2018-04-30 19:00:00,28214.686
2018-04-30 20:00:00,27842.139
2018-04-30 21:00:00,28530.512
2018-04-30 22:00:00,29644.83
2018-04-30 23:00:00,26373.162
2018-05-01 00:00:00,24078.002
2018-05-01 01:00:00,22770.498
2018-05-01 02:00:00,21952.459
2018-05-01 03:00:00,22102.738
2018-05-01 04:00:00,22271.65
2018-05-01 05:00:00,22934.727
2018-05-01 06:00:00,24466.873
2018-05-01 07:00:00,27212.928
2018-05-01 08:00:00,29554.799
2018-05-01 09:00:00,28892.406
2018-05-01 10:00:00,27307.637
2018-05-01 11:00:00,27062.383
2018-05-01 12:00:00,26849.01
2018-05-01 13:00:00,26745.367
2018-05-01 14:00:00,27162.332
2018-05-01 15:00:00,27760.227
2018-05-01 16:00:00,27797.045
2018-05-01 17:00:00,28424.045
2018-05-01 18:00:00,29232.127
2018-05-01 19:00:00,29429.463
2018-05-01 20:00:00,28963.986
2018-05-01 21:00:00,28973.973
2018-05-01 22:00:00,30234.074
2018-05-01 23:00:00,26622.045
2018-05-02 00:00:00,24427.201
2018-05-02 01:00:00,22710.97
2018-05-02 02:00:00,21658.453
2018-05-02 03:00:00,21482.38
2018-05-02 04:00:00,21376.986
2018-05-02 05:00:00,21699.22
2018-05-02 06:00:00,22787.662
2018-05-02 07:00:00,25502.562
2018-05-02 08:00:00,27796.527
2018-05-02 09:00:00,28120.219
2018-05-02 10:00:00,27684.486
2018-05-02 11:00:00,28409.037
2018-05-02 12:00:00,29116.754
2018-05-02 13:00:00,29788.049
2018-05-02 14:00:00,30658.467
2018-05-02 15:00:00,31801.48
2018-05-02 16:00:00,32485.863
2018-05-02 17:00:00,33285.977
2018-05-02 18:00:00,34034.727
2018-05-02 19:00:00,34253.207
2018-05-02 20:00:00,33496.47
2018-05-02 21:00:00,32971.68
2018-05-02 22:00:00,33748.508
2018-05-02 23:00:00,30507.807
2018-05-03 00:00:00,27299.816
2018-05-03 01:00:00,25067.658
2018-05-03 02:00:00,23373.84
2018-05-03 03:00:00,22883.84
2018-05-03 04:00:00,22681.17
2018-05-03 05:00:00,23156.812
2018-05-03 06:00:00,23471.908
2018-05-03 07:00:00,26647.846
2018-05-03 08:00:00,28790.264
2018-05-03 09:00:00,30120.25
2018-05-03 10:00:00,30792.902
2018-05-03 11:00:00,32184.645
2018-05-03 12:00:00,33385.586
2018-05-03 13:00:00,35170.137
2018-05-03 14:00:00,36463.156
2018-05-03 15:00:00,37625.773
2018-05-03 16:00:00,38758.168
2018-05-03 17:00:00,39894.875
2018-05-03 18:00:00,40515.35
2018-05-03 19:00:00,40474.055
2018-05-03 20:00:00,39073.008
2018-05-03 21:00:00,37689.227
2018-05-03 22:00:00,37874.133
2018-05-03 23:00:00,34429.145
2018-05-04 00:00:00,31407.63
2018-05-04 01:00:00,28855.701
2018-05-04 02:00:00,26619.574
2018-05-04 03:00:00,25801.016
2018-05-04 04:00:00,25247.795
2018-05-04 05:00:00,25189.574
2018-05-04 06:00:00,25881.02
2018-05-04 07:00:00,28726.814
2018-05-04 08:00:00,31357.596
2018-05-04 09:00:00,32910.703
2018-05-04 10:00:00,33370.457
2018-05-04 11:00:00,33604.117
2018-05-04 12:00:00,33924.27
2018-05-04 13:00:00,35298.1
2018-05-04 14:00:00,36499.406
2018-05-04 15:00:00,37990.91
2018-05-04 16:00:00,39199.215
2018-05-04 17:00:00,39758.758
2018-05-04 18:00:00,40025.3
2018-05-04 19:00:00,39002.734
2018-05-04 20:00:00,37381.59
2018-05-04 21:00:00,36262.887
2018-05-04 22:00:00,36526.742
2018-05-04 23:00:00,33021.99
2018-05-05 00:00:00,31372.396
2018-05-05 01:00:00,27589.143
2018-05-05 02:00:00,25925.447
2018-05-05 03:00:00,24807.555
2018-05-05 04:00:00,23809.545
2018-05-05 05:00:00,23566.668
2018-05-05 06:00:00,23259.137
2018-05-05 07:00:00,24059.715
2018-05-05 08:00:00,24118.86
2018-05-05 09:00:00,25520.264
2018-05-05 10:00:00,27123.354
2018-05-05 11:00:00,27114.678
2018-05-05 12:00:00,27527.78
2018-05-05 13:00:00,27974.256
2018-05-05 14:00:00,27854.545
2018-05-05 15:00:00,28382.91
2018-05-05 16:00:00,28329.69
2018-05-05 17:00:00,28227.49
2018-05-05 18:00:00,27975.785
2018-05-05 19:00:00,27812.123
2018-05-05 20:00:00,27240.88
2018-05-05 21:00:00,27272.896
2018-05-05 22:00:00,28175.014
2018-05-05 23:00:00,25674.662
2018-05-06 00:00:00,23876.934
2018-05-06 01:00:00,22380.062
2018-05-06 02:00:00,21442.996
2018-05-06 03:00:00,20955.951
2018-05-06 04:00:00,20712.664
2018-05-06 05:00:00,20712.32
2018-05-06 06:00:00,20969.895
2018-05-06 07:00:00,21488.7
2018-05-06 08:00:00,21705.863
2018-05-06 09:00:00,23005.895
2018-05-06 10:00:00,24538.38
2018-05-06 11:00:00,25041.258
2018-05-06 12:00:00,25205.455
2018-05-06 13:00:00,25201.459
2018-05-06 14:00:00,25275.05
2018-05-06 15:00:00,25046.643
2018-05-06 16:00:00,25060.463
2018-05-06 17:00:00,25393.451
2018-05-06 18:00:00,26108.223
2018-05-06 19:00:00,26829.213
2018-05-06 20:00:00,26694.758
2018-05-06 21:00:00,26832.291
2018-05-06 22:00:00,27638.506
2018-05-06 23:00:00,24818.11
2018-05-07 00:00:00,23043.914
2018-05-07 01:00:00,21704.7
2018-05-07 02:00:00,20890.797
2018-05-07 03:00:00,20768.26
2018-05-07 04:00:00,20823.453
2018-05-07 05:00:00,21059.281
2018-05-07 06:00:00,22308.48
2018-05-07 07:00:00,24960.46
2018-05-07 08:00:00,27301.691
2018-05-07 09:00:00,27949.277
2018-05-07 10:00:00,27465.045
2018-05-07 11:00:00,27509.059
2018-05-07 12:00:00,27958.373
2018-05-07 13:00:00,27770.064
2018-05-07 14:00:00,28276.066
2018-05-07 15:00:00,29270.777
2018-05-07 16:00:00,29676.904
2018-05-07 17:00:00,30281.447
2018-05-07 18:00:00,30617.477
2018-05-07 19:00:00,30601.598
2018-05-07 20:00:00,29819.74
2018-05-07 21:00:00,29452.863
2018-05-07 22:00:00,30238.559
2018-05-07 23:00:00,26991.33
2018-05-08 00:00:00,24422.469
2018-05-08 01:00:00,22664.047
2018-05-08 02:00:00,21612.18
2018-05-08 03:00:00,21452.951
2018-05-08 04:00:00,21430.215
2018-05-08 05:00:00,21742.06
2018-05-08 06:00:00,22810.162
2018-05-08 07:00:00,25339.646
2018-05-08 08:00:00,27679.814
2018-05-08 09:00:00,28106.164
2018-05-08 10:00:00,27679.508
2018-05-08 11:00:00,27878.543
2018-05-08 12:00:00,28023.236
2018-05-08 13:00:00,28533.842
2018-05-08 14:00:00,29019.098
2018-05-08 15:00:00,29898.719
2018-05-08 16:00:00,30252.816
2018-05-08 17:00:00,31021.25
2018-05-08 18:00:00,31561.348
2018-05-08 19:00:00,31571.025
2018-05-08 20:00:00,30527.4
2018-05-08 21:00:00,29803.127
2018-05-08 22:00:00,30496.377
2018-05-08 23:00:00,27364.877
2018-05-09 00:00:00,24495.734
2018-05-09 01:00:00,22849.28
2018-05-09 02:00:00,21757.52
2018-05-09 03:00:00,21592.027
2018-05-09 04:00:00,21516.453
2018-05-09 05:00:00,21785.676
2018-05-09 06:00:00,22834.72
2018-05-09 07:00:00,25240.432
2018-05-09 08:00:00,27786.072
2018-05-09 09:00:00,28126.785
2018-05-09 10:00:00,27880.234
2018-05-09 11:00:00,28126.236
2018-05-09 12:00:00,28674.896
2018-05-09 13:00:00,29163.336
2018-05-09 14:00:00,29939.414
2018-05-09 15:00:00,31050.844
2018-05-09 16:00:00,31050.133
2018-05-09 17:00:00,32025.205
2018-05-09 18:00:00,32413.883
2018-05-09 19:00:00,32516.473
2018-05-09 20:00:00,31361.436
2018-05-09 21:00:00,30358.242
2018-05-09 22:00:00,31017.166
2018-05-09 23:00:00,27845.709
2018-05-10 00:00:00,24981.277
2018-05-10 01:00:00,23162.867
2018-05-10 02:00:00,22001.41
2018-05-10 03:00:00,21646.887
2018-05-10 04:00:00,21741.176
2018-05-10 05:00:00,21917.793
2018-05-10 06:00:00,23027.783
2018-05-10 07:00:00,25313.15
2018-05-10 08:00:00,27813.379
2018-05-10 09:00:00,28785.77
2018-05-10 10:00:00,27997.9
2018-05-10 11:00:00,28639.188
2018-05-10 12:00:00,28877.12
2018-05-10 13:00:00,29906.305
2018-05-10 14:00:00,30365.707
2018-05-10 15:00:00,30342.723
2018-05-10 16:00:00,31217.775
2018-05-10 17:00:00,31850.295
2018-05-10 18:00:00,32526.328
2018-05-10 19:00:00,32614.463
2018-05-10 20:00:00,31500.258
2018-05-10 21:00:00,31597.826
2018-05-10 22:00:00,31420.559
2018-05-10 23:00:00,28859.375
2018-05-11 00:00:00,25616.002
2018-05-11 01:00:00,23883.635
2018-05-11 02:00:00,22545.92
2018-05-11 03:00:00,22171.844
2018-05-11 04:00:00,22105.3
2018-05-11 05:00:00,22330.521
2018-05-11 06:00:00,23289.012
2018-05-11 07:00:00,25600.027
2018-05-11 08:00:00,28067.37
2018-05-11 09:00:00,29195.457
2018-05-11 10:00:00,28976.82
2018-05-11 11:00:00,29448.31
2018-05-11 12:00:00,29786.84
2018-05-11 13:00:00,30073.588
2018-05-11 14:00:00,30361.8
2018-05-11 15:00:00,31255.05
2018-05-11 16:00:00,31722.59
2018-05-11 17:00:00,32272.355
2018-05-11 18:00:00,32879.84
2018-05-11 19:00:00,32207.812
2018-05-11 20:00:00,30679.223
2018-05-11 21:00:00,29852.748
2018-05-11 22:00:00,30267.283
2018-05-11 23:00:00,27559.438
2018-05-12 00:00:00,25332.633
2018-05-12 01:00:00,23350.812
2018-05-12 02:00:00,22213.984
2018-05-12 03:00:00,21751.62
2018-05-12 04:00:00,21633.418
2018-05-12 05:00:00,21516.867
2018-05-12 06:00:00,21826.137
2018-05-12 07:00:00,22466.512
2018-05-12 08:00:00,22976.299
2018-05-12 09:00:00,24764.51
2018-05-12 10:00:00,26098.035
2018-05-12 11:00:00,26464.918
2018-05-12 12:00:00,27178.674
2018-05-12 13:00:00,27272.771
2018-05-12 14:00:00,27130.793
2018-05-12 15:00:00,27844.037
2018-05-12 16:00:00,28341.396
2018-05-12 17:00:00,29103.256
2018-05-12 18:00:00,29790.62
2018-05-12 19:00:00,30590.473
2018-05-12 20:00:00,29959.176
2018-05-12 21:00:00,29198.322
2018-05-12 22:00:00,28705.016
2018-05-12 23:00:00,26258.883
2018-05-13 00:00:00,24268.863
2018-05-13 01:00:00,22703.81
2018-05-13 02:00:00,21739.164
2018-05-13 03:00:00,21215.176
2018-05-13 04:00:00,21094.17
2018-05-13 05:00:00,20918.46
2018-05-13 06:00:00,21182.877
2018-05-13 07:00:00,21657.951
2018-05-13 08:00:00,21907.47
2018-05-13 09:00:00,23403.512
2018-05-13 10:00:00,25223.174
2018-05-13 11:00:00,25699.4
2018-05-13 12:00:00,25905.006
2018-05-13 13:00:00,26049.268
2018-05-13 14:00:00,25729.236
2018-05-13 15:00:00,25285.488
2018-05-13 16:00:00,25014.857
2018-05-13 17:00:00,25405.508
2018-05-13 18:00:00,25663.111
2018-05-13 19:00:00,26107.848
2018-05-13 20:00:00,26222.53
2018-05-13 21:00:00,26797.04
2018-05-13 22:00:00,27169.674
2018-05-13 23:00:00,24920.797
2018-05-14 00:00:00,22995.225
2018-05-14 01:00:00,21809.527
2018-05-14 02:00:00,20996.303
2018-05-14 03:00:00,20753.096
2018-05-14 04:00:00,20977.973
2018-05-14 05:00:00,21227.22
2018-05-14 06:00:00,22563.17
2018-05-14 07:00:00,25164.273
2018-05-14 08:00:00,27835.533
2018-05-14 09:00:00,28432.115
2018-05-14 10:00:00,28390.283
2018-05-14 11:00:00,28372.812
2018-05-14 12:00:00,28676.652
2018-05-14 13:00:00,28788.113
2018-05-14 14:00:00,28695.227
2018-05-14 15:00:00,29539.953
2018-05-14 16:00:00,29617.041
2018-05-14 17:00:00,30728.463
2018-05-14 18:00:00,31572.803
2018-05-14 19:00:00,31798.44
2018-05-14 20:00:00,31331.764
2018-05-14 21:00:00,31305.201
2018-05-14 22:00:00,31178.49
2018-05-14 23:00:00,28331.346
2018-05-15 00:00:00,25447.355
2018-05-15 01:00:00,23708.703
2018-05-15 02:00:00,22529.156
2018-05-15 03:00:00,22447.273
2018-05-15 04:00:00,22234.004
2018-05-15 05:00:00,22674.643
2018-05-15 06:00:00,23743.455
2018-05-15 07:00:00,26375.492
2018-05-15 08:00:00,28779.756
2018-05-15 09:00:00,30003.154
2018-05-15 10:00:00,30487.34
2018-05-15 11:00:00,31766.88
2018-05-15 12:00:00,32920.086
2018-05-15 13:00:00,34695.875
2018-05-15 14:00:00,36283.86
2018-05-15 15:00:00,38086.254
2018-05-15 16:00:00,39221.082
2018-05-15 17:00:00,40410.82
2018-05-15 18:00:00,40636.805
2018-05-15 19:00:00,39072.633
2018-05-15 20:00:00,37133.953
2018-05-15 21:00:00,35496.68
2018-05-15 22:00:00,34540.18
2018-05-15 23:00:00,31153.129
2018-05-16 00:00:00,28389.438
2018-05-16 01:00:00,26033.2
2018-05-16 02:00:00,24549.18
2018-05-16 03:00:00,23876.736
2018-05-16 04:00:00,23501.627
2018-05-16 05:00:00,23626.225
2018-05-16 06:00:00,24618.465
2018-05-16 07:00:00,27195.713
2018-05-16 08:00:00,30381.354
2018-05-16 09:00:00,31398.336
2018-05-16 10:00:00,31117.684
2018-05-16 11:00:00,31523.795
2018-05-16 12:00:00,33000.227
2018-05-16 13:00:00,31339.938
2018-05-16 14:00:00,32847.58
2018-05-16 15:00:00,32399.312
2018-05-16 16:00:00,32317.596
2018-05-16 17:00:00,32492.96
2018-05-16 18:00:00,32215.021
2018-05-16 19:00:00,32108.338
2018-05-16 20:00:00,31241.4
2018-05-16 21:00:00,30938.023
2018-05-16 22:00:00,30991.469
2018-05-16 23:00:00,28190.135
2018-05-17 00:00:00,25511.648
2018-05-17 01:00:00,23765.19
2018-05-17 02:00:00,22393.986
2018-05-17 03:00:00,22341.117
2018-05-17 04:00:00,22266.549
2018-05-17 05:00:00,22581.506
2018-05-17 06:00:00,23651.242
2018-05-17 07:00:00,26221.889
2018-05-17 08:00:00,28953.45
2018-05-17 09:00:00,29932.793
2018-05-17 10:00:00,29950.3
2018-05-17 11:00:00,30470.398
2018-05-17 12:00:00,30744.203
2018-05-17 13:00:00,30703.322
2018-05-17 14:00:00,30827.04
2018-05-17 15:00:00,31216.045
2018-05-17 16:00:00,31029.234
2018-05-17 17:00:00,31188.666
2018-05-17 18:00:00,31508.883
2018-05-17 19:00:00,31458.64
2018-05-17 20:00:00,30567.328
2018-05-17 21:00:00,30685.738
2018-05-17 22:00:00,31057.205
2018-05-17 23:00:00,28536.943
2018-05-18 00:00:00,25612.607
2018-05-18 01:00:00,23911.12
2018-05-18 02:00:00,22695.322
2018-05-18 03:00:00,22463.184
2018-05-18 04:00:00,22292.695
2018-05-18 05:00:00,22711.727
2018-05-18 06:00:00,23703.69
2018-05-18 07:00:00,26189.34
2018-05-18 08:00:00,28772.947
2018-05-18 09:00:00,30084.861
2018-05-18 10:00:00,30280.146
2018-05-18 11:00:00,30646.922
2018-05-18 12:00:00,30555.791
2018-05-18 13:00:00,30256.44
2018-05-18 14:00:00,29963.707
2018-05-18 15:00:00,30010.332
2018-05-18 16:00:00,29537.797
2018-05-18 17:00:00,29324.771
2018-05-18 18:00:00,29336.203
2018-05-18 19:00:00,28700.777
2018-05-18 20:00:00,27924.95
2018-05-18 21:00:00,27693.723
2018-05-18 22:00:00,28215.945
2018-05-18 23:00:00,25867.768
2018-05-19 00:00:00,23870.725
2018-05-19 01:00:00,22515.674
2018-05-19 02:00:00,21569.66
2018-05-19 03:00:00,21325.377
2018-05-19 04:00:00,21124.504
2018-05-19 05:00:00,21369.979
2018-05-19 06:00:00,21772.63
2018-05-19 07:00:00,22640.791
2018-05-19 08:00:00,23384.59
2018-05-19 09:00:00,24720.623
2018-05-19 10:00:00,26713.566
2018-05-19 11:00:00,27272.283
2018-05-19 12:00:00,27319.621
2018-05-19 13:00:00,27305.355
2018-05-19 14:00:00,26636.238
2018-05-19 15:00:00,26228.227
2018-05-19 16:00:00,26132.64
2018-05-19 17:00:00,26209.363
2018-05-19 18:00:00,26671.33
2018-05-19 19:00:00,26756.822
2018-05-19 20:00:00,26456.33
2018-05-19 21:00:00,26628.697
2018-05-19 22:00:00,27400.123
2018-05-19 23:00:00,25740.693
2018-05-20 00:00:00,23912.105
2018-05-20 01:00:00,22742.852
2018-05-20 02:00:00,21855.121
2018-05-20 03:00:00,21393.066
2018-05-20 04:00:00,21270.48
2018-05-20 05:00:00,21386.848
2018-05-20 06:00:00,21720.48
2018-05-20 07:00:00,22211.729
2018-05-20 08:00:00,22420.316
2018-05-20 09:00:00,24309.346
2018-05-20 10:00:00,25900.162
2018-05-20 11:00:00,26794.777
2018-05-20 12:00:00,27508.219
2018-05-20 13:00:00,28582.244
2018-05-20 14:00:00,29554.592
2018-05-20 15:00:00,30527.172
2018-05-20 16:00:00,30951.803
2018-05-20 17:00:00,31885.635
2018-05-20 18:00:00,32981.926
2018-05-20 19:00:00,33455.832
2018-05-20 20:00:00,33013.492
2018-05-20 21:00:00,32408.54
2018-05-20 22:00:00,32458.502
2018-05-20 23:00:00,30490.227
2018-05-21 00:00:00,26960.795
2018-05-21 01:00:00,24645.518
2018-05-21 02:00:00,23003.98
2018-05-21 03:00:00,22389.578
2018-05-21 04:00:00,22333.137
2018-05-21 05:00:00,22458.305
2018-05-21 06:00:00,23462.24
2018-05-21 07:00:00,25778.555
2018-05-21 08:00:00,28303.912
2018-05-21 09:00:00,29620.492
2018-05-21 10:00:00,29594.645
2018-05-21 11:00:00,30528.924
2018-05-21 12:00:00,31103.955
2018-05-21 13:00:00,31690.244
2018-05-21 14:00:00,32573.527
2018-05-21 15:00:00,33764.79
2018-05-21 16:00:00,34515.668
2018-05-21 17:00:00,35404.22
2018-05-21 18:00:00,36024.41
2018-05-21 19:00:00,35856.055
2018-05-21 20:00:00,34732.742
2018-05-21 21:00:00,33229.324
2018-05-21 22:00:00,33172.863
2018-05-21 23:00:00,30546.438
2018-05-22 00:00:00,26697.748
2018-05-22 01:00:00,24800.115
2018-05-22 02:00:00,23244.86
2018-05-22 03:00:00,22669.074
2018-05-22 04:00:00,22845.094
2018-05-22 05:00:00,22915.934
2018-05-22 06:00:00,24086.352
2018-05-22 07:00:00,26264.143
2018-05-22 08:00:00,29073.94
2018-05-22 09:00:00,30237.342
2018-05-22 10:00:00,30373.932
2018-05-22 11:00:00,30656.584
2018-05-22 12:00:00,31112.953
2018-05-22 13:00:00,31426.799
2018-05-22 14:00:00,31447.59
2018-05-22 15:00:00,32155.197
2018-05-22 16:00:00,31902.727
2018-05-22 17:00:00,32002.887
2018-05-22 18:00:00,32369.531
2018-05-22 19:00:00,31973.096
2018-05-22 20:00:00,31043.197
2018-05-22 21:00:00,30600.18
2018-05-22 22:00:00,31004.908
2018-05-22 23:00:00,28680.709
2018-05-23 00:00:00,25585.504
2018-05-23 01:00:00,23972.207
2018-05-23 02:00:00,22823.977
2018-05-23 03:00:00,22563.812
2018-05-23 04:00:00,22550.588
2018-05-23 05:00:00,22743.525
2018-05-23 06:00:00,23935.219
2018-05-23 07:00:00,26454.404
2018-05-23 08:00:00,29185.492
2018-05-23 09:00:00,30446.746
2018-05-23 10:00:00,31109.092
2018-05-23 11:00:00,31762.016
2018-05-23 12:00:00,32429.96
2018-05-23 13:00:00,33079.29
2018-05-23 14:00:00,33085.066
2018-05-23 15:00:00,33888.2
2018-05-23 16:00:00,34197.3
2018-05-23 17:00:00,34981.293
2018-05-23 18:00:00,35774.89
2018-05-23 19:00:00,35817.51
2018-05-23 20:00:00,34766.793
2018-05-23 21:00:00,33650.434
2018-05-23 22:00:00,33313.473
2018-05-23 23:00:00,31148.547
2018-05-24 00:00:00,27298.842
2018-05-24 01:00:00,25184.049
2018-05-24 02:00:00,23485.25
2018-05-24 03:00:00,22873.143
2018-05-24 04:00:00,22863.406
2018-05-24 05:00:00,22821.25
2018-05-24 06:00:00,24029.742
2018-05-24 07:00:00,25939.168
2018-05-24 08:00:00,28674.822
2018-05-24 09:00:00,30316.004
2018-05-24 10:00:00,30223.826
2018-05-24 11:00:00,31014.473
2018-05-24 12:00:00,31925.375
2018-05-24 13:00:00,32748.162
2018-05-24 14:00:00,33660.6
2018-05-24 15:00:00,35144.754
2018-05-24 16:00:00,36006.707
2018-05-24 17:00:00,37059.26
2018-05-24 18:00:00,37950.117
2018-05-24 19:00:00,37927.562
2018-05-24 20:00:00,36499.51
2018-05-24 21:00:00,34850.133
2018-05-24 22:00:00,34194.684
2018-05-24 23:00:00,31766.06
2018-05-25 00:00:00,27670.207
2018-05-25 01:00:00,25572.676
2018-05-25 02:00:00,23878.955
2018-05-25 03:00:00,23068.342
2018-05-25 04:00:00,22869.113
2018-05-25 05:00:00,22946.605
2018-05-25 06:00:00,23854.883
2018-05-25 07:00:00,25590.164
2018-05-25 08:00:00,28518.176
2018-05-25 09:00:00,30112.23
2018-05-25 10:00:00,30943.531
2018-05-25 11:00:00,32605.629
2018-05-25 12:00:00,33913.1
2018-05-25 13:00:00,35279.77
2018-05-25 14:00:00,36280.258
2018-05-25 15:00:00,37721.074
2018-05-25 16:00:00,38754.465
2018-05-25 17:00:00,39829.613
2018-05-25 18:00:00,40698.4
2018-05-25 19:00:00,40393.4
2018-05-25 20:00:00,38714.926
2018-05-25 21:00:00,36958.332
2018-05-25 22:00:00,35851.418
2018-05-25 23:00:00,34558.91
2018-05-26 00:00:00,30725.797
2018-05-26 01:00:00,28866.105
2018-05-26 02:00:00,26515.46
2018-05-26 03:00:00,25489.996
2018-05-26 04:00:00,24899.184
2018-05-26 05:00:00,24506.617
2018-05-26 06:00:00,24631.848
2018-05-26 07:00:00,25000.455
2018-05-26 08:00:00,25879.459
2018-05-26 09:00:00,29132.717
2018-05-26 10:00:00,31954.568
2018-05-26 11:00:00,34348.25
2018-05-26 12:00:00,36626.1
2018-05-26 13:00:00,37971.883
2018-05-26 14:00:00,39528.54
2018-05-26 15:00:00,40530.46
2018-05-26 16:00:00,41220.016
2018-05-26 17:00:00,41454.152
2018-05-26 18:00:00,41346.3
2018-05-26 19:00:00,40555.504
2018-05-26 20:00:00,38957.918
2018-05-26 21:00:00,37346.797
2018-05-26 22:00:00,36896.094
2018-05-26 23:00:00,34965.18
2018-05-27 00:00:00,32099.205
2018-05-27 01:00:00,29973.74
2018-05-27 02:00:00,27833.346
2018-05-27 03:00:00,26640.607
2018-05-27 04:00:00,25990.145
2018-05-27 05:00:00,25650.143
2018-05-27 06:00:00,25585.979
2018-05-27 07:00:00,25807.781
2018-05-27 08:00:00,26055.021
2018-05-27 09:00:00,27782.793
2018-05-27 10:00:00,29672.52
2018-05-27 11:00:00,31065.564
2018-05-27 12:00:00,32017.658
2018-05-27 13:00:00,32529.295
2018-05-27 14:00:00,32860.375
2018-05-27 15:00:00,32732.475
2018-05-27 16:00:00,32195.666
2018-05-27 17:00:00,31706.06
2018-05-27 18:00:00,31283.635
2018-05-27 19:00:00,30809.277
2018-05-27 20:00:00,29887.115
2018-05-27 21:00:00,29136.027
2018-05-27 22:00:00,29310.021
2018-05-27 23:00:00,27701.11
2018-05-28 00:00:00,25336.607
2018-05-28 01:00:00,23778.68
2018-05-28 02:00:00,22183.39
2018-05-28 03:00:00,21749.375
2018-05-28 04:00:00,21381.148
2018-05-28 05:00:00,21368.467
2018-05-28 06:00:00,21829.668
2018-05-28 07:00:00,22266.133
2018-05-28 08:00:00,22632.31
2018-05-28 09:00:00,23755.969
2018-05-28 10:00:00,25524.672
2018-05-28 11:00:00,26435.174
2018-05-28 12:00:00,26886.693
2018-05-28 13:00:00,27078.031
2018-05-28 14:00:00,26916.492
2018-05-28 15:00:00,27097.576
2018-05-28 16:00:00,27511.623
2018-05-28 17:00:00,28170.016
2018-05-28 18:00:00,28974.531
2018-05-28 19:00:00,29643.785
2018-05-28 20:00:00,29061.262
2018-05-28 21:00:00,29388.197
2018-05-28 22:00:00,29967.05
2018-05-28 23:00:00,28259.111
2018-05-29 00:00:00,25233.633
2018-05-29 01:00:00,23631.162
2018-05-29 02:00:00,22439.459
2018-05-29 03:00:00,22002.285
2018-05-29 04:00:00,22281.428
2018-05-29 05:00:00,22286.021
2018-05-29 06:00:00,23708.357
2018-05-29 07:00:00,26343.97
2018-05-29 08:00:00,28911.482
2018-05-29 09:00:00,30466.174
2018-05-29 10:00:00,31252.531
2018-05-29 11:00:00,32520.74
2018-05-29 12:00:00,33826.28
2018-05-29 13:00:00,35090.598
2018-05-29 14:00:00,36559.316
2018-05-29 15:00:00,37879.363
2018-05-29 16:00:00,39129.637
2018-05-29 17:00:00,40564.62
2018-05-29 18:00:00,41674.793
2018-05-29 19:00:00,41630.176
2018-05-29 20:00:00,40466.734
2018-05-29 21:00:00,39048.83
2018-05-29 22:00:00,38119.76
2018-05-29 23:00:00,36014.33
2018-05-30 00:00:00,31310.076
2018-05-30 01:00:00,29226.365
2018-05-30 02:00:00,26890.201
2018-05-30 03:00:00,25921.305
2018-05-30 04:00:00,25575.719
2018-05-30 05:00:00,25486.832
2018-05-30 06:00:00,26634.965
2018-05-30 07:00:00,28905.422
2018-05-30 08:00:00,32221.908
2018-05-30 09:00:00,33644.17
2018-05-30 10:00:00,34214.316
2018-05-30 11:00:00,35260.75
2018-05-30 12:00:00,35679.266
2018-05-30 13:00:00,36375.098
2018-05-30 14:00:00,37080.707
2018-05-30 15:00:00,37936.44
2018-05-30 16:00:00,38083.566
2018-05-30 17:00:00,38566.895
2018-05-30 18:00:00,38404.72
2018-05-30 19:00:00,37671.164
2018-05-30 20:00:00,35943.8
2018-05-30 21:00:00,35117.47
2018-05-30 22:00:00,34702.457
2018-05-30 23:00:00,32259.033
2018-05-31 00:00:00,28543.3
2018-05-31 01:00:00,26557.775
2018-05-31 02:00:00,24874.209
2018-05-31 03:00:00,24348.85
2018-05-31 04:00:00,24045.771
2018-05-31 05:00:00,24128.11
2018-05-31 06:00:00,25284.984
2018-05-31 07:00:00,27785.324
2018-05-31 08:00:00,31022.295
2018-05-31 09:00:00,32218.963
2018-05-31 10:00:00,32584.021
2018-05-31 11:00:00,33566.36
2018-05-31 12:00:00,34047.367
2018-05-31 13:00:00,34369.492
2018-05-31 14:00:00,34944.78
2018-05-31 15:00:00,35685.855
2018-05-31 16:00:00,36017.01
2018-05-31 17:00:00,36546.523
2018-05-31 18:00:00,37146.965
2018-05-31 19:00:00,36945.566
2018-05-31 20:00:00,35940.508
2018-05-31 21:00:00,35484.02
2018-05-31 22:00:00,35147.984
2018-05-31 23:00:00,32934.188
2018-06-01 00:00:00,29787.512
2018-06-01 01:00:00,27503.99
2018-06-01 02:00:00,25891.506
2018-06-01 03:00:00,25087.104
2018-06-01 04:00:00,24770.47
2018-06-01 05:00:00,25073.443
2018-06-01 06:00:00,26069.146
2018-06-01 07:00:00,28696.545
2018-06-01 08:00:00,31436.22
2018-06-01 09:00:00,33420.965
2018-06-01 10:00:00,34396.242
2018-06-01 11:00:00,35820.758
2018-06-01 12:00:00,36446.094
2018-06-01 13:00:00,37694.777
2018-06-01 14:00:00,39033.617
2018-06-01 15:00:00,40472.69
2018-06-01 16:00:00,41626.242
2018-06-01 17:00:00,42743.59
2018-06-01 18:00:00,43586.883
2018-06-01 19:00:00,43199.332
2018-06-01 20:00:00,41393.84
2018-06-01 21:00:00,39515.688
2018-06-01 22:00:00,38393.715
2018-06-01 23:00:00,36613.266
2018-06-02 00:00:00,32917.188
2018-06-02 01:00:00,30789.758
2018-06-02 02:00:00,28238.38
2018-06-02 03:00:00,27266.645
2018-06-02 04:00:00,26607.064
2018-06-02 05:00:00,26100.035
2018-06-02 06:00:00,26218.805
2018-06-02 07:00:00,26656.902
2018-06-02 08:00:00,27657.904
2018-06-02 09:00:00,30621.26
2018-06-02 10:00:00,33409.37
2018-06-02 11:00:00,35408.664
2018-06-02 12:00:00,36910.105
2018-06-02 13:00:00,38038.492
2018-06-02 14:00:00,39259.54
2018-06-02 15:00:00,40032.27
2018-06-02 16:00:00,40448.133
2018-06-02 17:00:00,40437.734
2018-06-02 18:00:00,39611.406
2018-06-02 19:00:00,38577.977
2018-06-02 20:00:00,36993.527
2018-06-02 21:00:00,35707.0
2018-06-02 22:00:00,35220.598
2018-06-02 23:00:00,33686.55
2018-06-03 00:00:00,30783.008
2018-06-03 01:00:00,28644.06
2018-06-03 02:00:00,26357.83
2018-06-03 03:00:00,25286.656
2018-06-03 04:00:00,24451.479
2018-06-03 05:00:00,24137.406
2018-06-03 06:00:00,23892.885
2018-06-03 07:00:00,24035.959
2018-06-03 08:00:00,24163.04
2018-06-03 09:00:00,25260.943
2018-06-03 10:00:00,26554.275
2018-06-03 11:00:00,27145.678
2018-06-03 12:00:00,27449.668
2018-06-03 13:00:00,27493.262
2018-06-03 14:00:00,27453.027
2018-06-03 15:00:00,26868.453
2018-06-03 16:00:00,26827.93
2018-06-03 17:00:00,26763.107
2018-06-03 18:00:00,27407.625
2018-06-03 19:00:00,27754.54
2018-06-03 20:00:00,27598.488
2018-06-03 21:00:00,27504.5
2018-06-03 22:00:00,27688.201
2018-06-03 23:00:00,25896.285
2018-06-04 00:00:00,23374.121
2018-06-04 01:00:00,22200.736
2018-06-04 02:00:00,21307.373
2018-06-04 03:00:00,21034.723
2018-06-04 04:00:00,21012.77
2018-06-04 05:00:00,21375.857
2018-06-04 06:00:00,22367.81
2018-06-04 07:00:00,24646.348
2018-06-04 08:00:00,27234.639
2018-06-04 09:00:00,28004.252
2018-06-04 10:00:00,27969.494
2018-06-04 11:00:00,27974.607
2018-06-04 12:00:00,28591.94
2018-06-04 13:00:00,28769.92
2018-06-04 14:00:00,28862.83
2018-06-04 15:00:00,29742.479
2018-06-04 16:00:00,30616.047
2018-06-04 17:00:00,31069.633
2018-06-04 18:00:00,31481.633
2018-06-04 19:00:00,31803.031
2018-06-04 20:00:00,31180.037
2018-06-04 21:00:00,30638.732
2018-06-04 22:00:00,30437.023
2018-06-04 23:00:00,29102.508
2018-06-05 00:00:00,25385.023
2018-06-05 01:00:00,23576.97
2018-06-05 02:00:00,22286.932
2018-06-05 03:00:00,21907.227
2018-06-05 04:00:00,21848.238
2018-06-05 05:00:00,21929.758
2018-06-05 06:00:00,22961.28
2018-06-05 07:00:00,24966.51
2018-06-05 08:00:00,27896.52
2018-06-05 09:00:00,28781.723
2018-06-05 10:00:00,29074.873
2018-06-05 11:00:00,28940.887
2018-06-05 12:00:00,30628.244
2018-06-05 13:00:00,30643.96
2018-06-05 14:00:00,31226.16
2018-06-05 15:00:00,32700.172
2018-06-05 16:00:00,32647.777
2018-06-05 17:00:00,33507.7
2018-06-05 18:00:00,33661.37
2018-06-05 19:00:00,33469.87
2018-06-05 20:00:00,32092.22
2018-06-05 21:00:00,31381.031
2018-06-05 22:00:00,31113.732
2018-06-05 23:00:00,29102.562
2018-06-06 00:00:00,25794.033
2018-06-06 01:00:00,23826.84
2018-06-06 02:00:00,22599.977
2018-06-06 03:00:00,22186.686
2018-06-06 04:00:00,22220.527
2018-06-06 05:00:00,22266.355
2018-06-06 06:00:00,23305.14
2018-06-06 07:00:00,25293.787
2018-06-06 08:00:00,28089.865
2018-06-06 09:00:00,29336.7
2018-06-06 10:00:00,29108.738
2018-06-06 11:00:00,29386.135
2018-06-06 12:00:00,29753.172
2018-06-06 13:00:00,30072.607
2018-06-06 14:00:00,31069.045
2018-06-06 15:00:00,31514.145
2018-06-06 16:00:00,32098.197
2018-06-06 17:00:00,32174.14
2018-06-06 18:00:00,32200.88
2018-06-06 19:00:00,31446.906
2018-06-06 20:00:00,30420.336
2018-06-06 21:00:00,30101.656
2018-06-06 22:00:00,30462.51
2018-06-06 23:00:00,28376.078
2018-06-07 00:00:00,25326.426
2018-06-07 01:00:00,23609.365
2018-06-07 02:00:00,22182.768
2018-06-07 03:00:00,22070.822
2018-06-07 04:00:00,21888.348
2018-06-07 05:00:00,22159.643
2018-06-07 06:00:00,23003.02
2018-06-07 07:00:00,25431.395
2018-06-07 08:00:00,28090.14
2018-06-07 09:00:00,29177.22
2018-06-07 10:00:00,29194.605
2018-06-07 11:00:00,29765.693
2018-06-07 12:00:00,30574.062
2018-06-07 13:00:00,30754.826
2018-06-07 14:00:00,31742.975
2018-06-07 15:00:00,33011.59
2018-06-07 16:00:00,32983.91
2018-06-07 17:00:00,33887.312
2018-06-07 18:00:00,34150.605
2018-06-07 19:00:00,33981.87
2018-06-07 20:00:00,33091.64
2018-06-07 21:00:00,31763.664
2018-06-07 22:00:00,31587.115
2018-06-07 23:00:00,30224.635
2018-06-08 00:00:00,26386.178
2018-06-08 01:00:00,24580.549
2018-06-08 02:00:00,23188.633
2018-06-08 03:00:00,22433.188
2018-06-08 04:00:00,22507.93
2018-06-08 05:00:00,22500.629
2018-06-08 06:00:00,23382.49
2018-06-08 07:00:00,25423.934
2018-06-08 08:00:00,27836.137
2018-06-08 09:00:00,29697.523
2018-06-08 10:00:00,30256.807
2018-06-08 11:00:00,31756.715
2018-06-08 12:00:00,33057.312
2018-06-08 13:00:00,34422.11
2018-06-08 14:00:00,35572.402
2018-06-08 15:00:00,37073.88
2018-06-08 16:00:00,37445.348
2018-06-08 17:00:00,38168.29
2018-06-08 18:00:00,38326.875
2018-06-08 19:00:00,37795.195
2018-06-08 20:00:00,36249.06
2018-06-08 21:00:00,35064.613
2018-06-08 22:00:00,34425.508
2018-06-08 23:00:00,33324.723
2018-06-09 00:00:00,29713.043
2018-06-09 01:00:00,27565.303
2018-06-09 02:00:00,25402.227
2018-06-09 03:00:00,24370.43
2018-06-09 04:00:00,23818.342
2018-06-09 05:00:00,23572.977
2018-06-09 06:00:00,23655.633
2018-06-09 07:00:00,24075.324
2018-06-09 08:00:00,25044.928
2018-06-09 09:00:00,27837.268
2018-06-09 10:00:00,30113.512
2018-06-09 11:00:00,31885.852
2018-06-09 12:00:00,33717.438
2018-06-09 13:00:00,35032.63
2018-06-09 14:00:00,35868.164
2018-06-09 15:00:00,36446.277
2018-06-09 16:00:00,36966.453
2018-06-09 17:00:00,36746.883
2018-06-09 18:00:00,36481.203
2018-06-09 19:00:00,36003.633
2018-06-09 20:00:00,34563.797
2018-06-09 21:00:00,33234.164
2018-06-09 22:00:00,33029.78
2018-06-09 23:00:00,31895.19
2018-06-10 00:00:00,28944.49
2018-06-10 01:00:00,26899.592
2018-06-10 02:00:00,25091.23
2018-06-10 03:00:00,23977.002
2018-06-10 04:00:00,23432.234
2018-06-10 05:00:00,23148.705
2018-06-10 06:00:00,23223.568
2018-06-10 07:00:00,23393.234
2018-06-10 08:00:00,23807.457
2018-06-10 09:00:00,25686.111
2018-06-10 10:00:00,27444.58
2018-06-10 11:00:00,28785.99
2018-06-10 12:00:00,29350.578
2018-06-10 13:00:00,29910.943
2018-06-10 14:00:00,29942.566
2018-06-10 15:00:00,29793.799
2018-06-10 16:00:00,29604.262
2018-06-10 17:00:00,29752.52
2018-06-10 18:00:00,29738.398
2018-06-10 19:00:00,29889.066
2018-06-10 20:00:00,29260.107
2018-06-10 21:00:00,28860.623
2018-06-10 22:00:00,28949.062
2018-06-10 23:00:00,27043.557
2018-06-11 00:00:00,24504.678
2018-06-11 01:00:00,22844.154
2018-06-11 02:00:00,21990.838
2018-06-11 03:00:00,21503.928
2018-06-11 04:00:00,21628.705
2018-06-11 05:00:00,21846.176
2018-06-11 06:00:00,22923.092
2018-06-11 07:00:00,25185.29
2018-06-11 08:00:00,27856.205
2018-06-11 09:00:00,28908.703
2018-06-11 10:00:00,29194.037
2018-06-11 11:00:00,29447.459
2018-06-11 12:00:00,29739.1
2018-06-11 13:00:00,29665.723
2018-06-11 14:00:00,29879.734
2018-06-11 15:00:00,30101.37
2018-06-11 16:00:00,30351.422
2018-06-11 17:00:00,30562.328
2018-06-11 18:00:00,31088.62
2018-06-11 19:00:00,31006.223
2018-06-11 20:00:00,29968.342
2018-06-11 21:00:00,29269.822
2018-06-11 22:00:00,29237.236
2018-06-11 23:00:00,28007.9
2018-06-12 00:00:00,24527.627
2018-06-12 01:00:00,22990.434
2018-06-12 02:00:00,21933.828
2018-06-12 03:00:00,21546.906
2018-06-12 04:00:00,21687.83
2018-06-12 05:00:00,21745.33
2018-06-12 06:00:00,22771.424
2018-06-12 07:00:00,24643.195
2018-06-12 08:00:00,27358.629
2018-06-12 09:00:00,28349.377
2018-06-12 10:00:00,28348.932
2018-06-12 11:00:00,28712.94
2018-06-12 12:00:00,29356.195
2018-06-12 13:00:00,29699.578
2018-06-12 14:00:00,30456.01
2018-06-12 15:00:00,31448.533
2018-06-12 16:00:00,31931.281
2018-06-12 17:00:00,32876.086
2018-06-12 18:00:00,33357.33
2018-06-12 19:00:00,33631.242
2018-06-12 20:00:00,32509.33
2018-06-12 21:00:00,31445.467
2018-06-12 22:00:00,31065.959
2018-06-12 23:00:00,29910.5
2018-06-13 00:00:00,26076.64
2018-06-13 01:00:00,24419.6
2018-06-13 02:00:00,23102.322
2018-06-13 03:00:00,22670.986
2018-06-13 04:00:00,22748.904
2018-06-13 05:00:00,22916.594
2018-06-13 06:00:00,24053.12
2018-06-13 07:00:00,26398.111
2018-06-13 08:00:00,28975.14
2018-06-13 09:00:00,30517.582
2018-06-13 10:00:00,31258.87
2018-06-13 11:00:00,32175.32
2018-06-13 12:00:00,33605.445
2018-06-13 13:00:00,34304.88
2018-06-13 14:00:00,35064.285
2018-06-13 15:00:00,35964.254
2018-06-13 16:00:00,36340.37
2018-06-13 17:00:00,37197.27
2018-06-13 18:00:00,37398.934
2018-06-13 19:00:00,37911.305
2018-06-13 20:00:00,37119.01
2018-06-13 21:00:00,36429.645
2018-06-13 22:00:00,36375.695
2018-06-13 23:00:00,35212.355
2018-06-14 00:00:00,31121.578
2018-06-14 01:00:00,29274.0
2018-06-14 02:00:00,26914.783
2018-06-14 03:00:00,26163.879
2018-06-14 04:00:00,25429.283
2018-06-14 05:00:00,25058.559
2018-06-14 06:00:00,26046.928
2018-06-14 07:00:00,27350.346
2018-06-14 08:00:00,30803.496
2018-06-14 09:00:00,32394.182
2018-06-14 10:00:00,32950.402
2018-06-14 11:00:00,34228.24
2018-06-14 12:00:00,34732.793
2018-06-14 13:00:00,35414.06
2018-06-14 14:00:00,36230.008
2018-06-14 15:00:00,37299.38
2018-06-14 16:00:00,38262.703
2018-06-14 17:00:00,39652.188
2018-06-14 18:00:00,40313.19
2018-06-14 19:00:00,40339.742
2018-06-14 20:00:00,38915.22
2018-06-14 21:00:00,37067.54
2018-06-14 22:00:00,35080.08
2018-06-14 23:00:00,34186.688
2018-06-15 00:00:00,29328.215
2018-06-15 01:00:00,27271.182
2018-06-15 02:00:00,25241.275
2018-06-15 03:00:00,24220.451
2018-06-15 04:00:00,23710.91
2018-06-15 05:00:00,23495.873
2018-06-15 06:00:00,24235.87
2018-06-15 07:00:00,25757.365
2018-06-15 08:00:00,28899.06
2018-06-15 09:00:00,30807.092
2018-06-15 10:00:00,31179.098
2018-06-15 11:00:00,32339.916
2018-06-15 12:00:00,32973.695
2018-06-15 13:00:00,33578.395
2018-06-15 14:00:00,34546.52
2018-06-15 15:00:00,35653.5
2018-06-15 16:00:00,36426.68
2018-06-15 17:00:00,37054.742
2018-06-15 18:00:00,37416.848
2018-06-15 19:00:00,36926.996
2018-06-15 20:00:00,35574.082
2018-06-15 21:00:00,33676.79
2018-06-15 22:00:00,32017.41
2018-06-15 23:00:00,31350.145
2018-06-16 00:00:00,27499.504
2018-06-16 01:00:00,25491.168
2018-06-16 02:00:00,23842.324
2018-06-16 03:00:00,22876.654
2018-06-16 04:00:00,22472.031
2018-06-16 05:00:00,22389.447
2018-06-16 06:00:00,22499.01
2018-06-16 07:00:00,22605.357
2018-06-16 08:00:00,23774.023
2018-06-16 09:00:00,25971.473
2018-06-16 10:00:00,27989.072
2018-06-16 11:00:00,29351.254
2018-06-16 12:00:00,30958.934
2018-06-16 13:00:00,31868.256
2018-06-16 14:00:00,32969.117
2018-06-16 15:00:00,34038.6
2018-06-16 16:00:00,35262.137
2018-06-16 17:00:00,36327.316
2018-06-16 18:00:00,37285.855
2018-06-16 19:00:00,37475.562
2018-06-16 20:00:00,36374.543
2018-06-16 21:00:00,34620.457
2018-06-16 22:00:00,33577.11
2018-06-16 23:00:00,32532.11
2018-06-17 00:00:00,28997.299
2018-06-17 01:00:00,26972.13
2018-06-17 02:00:00,24836.56
2018-06-17 03:00:00,23712.818
2018-06-17 04:00:00,23235.734
2018-06-17 05:00:00,22885.484
2018-06-17 06:00:00,23016.324
2018-06-17 07:00:00,22786.605
2018-06-17 08:00:00,23868.627
2018-06-17 09:00:00,26383.252
2018-06-17 10:00:00,29181.803
2018-06-17 11:00:00,31494.348
2018-06-17 12:00:00,33849.008
2018-06-17 13:00:00,36089.844
2018-06-17 14:00:00,37584.17
2018-06-17 15:00:00,39012.746
2018-06-17 16:00:00,40364.63
2018-06-17 17:00:00,41748.35
2018-06-17 18:00:00,42502.76
2018-06-17 19:00:00,42506.418
2018-06-17 20:00:00,41383.86
2018-06-17 21:00:00,39739.516
2018-06-17 22:00:00,38450.613
2018-06-17 23:00:00,37209.86
2018-06-18 00:00:00,32933.598
2018-06-18 01:00:00,30544.914
2018-06-18 02:00:00,28318.55
2018-06-18 03:00:00,27072.818
2018-06-18 04:00:00,26509.986
2018-06-18 05:00:00,26316.912
2018-06-18 06:00:00,27653.564
2018-06-18 07:00:00,29794.707
2018-06-18 08:00:00,32725.617
2018-06-18 09:00:00,35857.836
2018-06-18 10:00:00,38286.6
2018-06-18 11:00:00,41118.266
2018-06-18 12:00:00,44010.03
2018-06-18 13:00:00,46348.844
2018-06-18 14:00:00,48401.27
2018-06-18 15:00:00,50309.027
2018-06-18 16:00:00,50992.777
2018-06-18 17:00:00,51764.25
2018-06-18 18:00:00,51831.1
2018-06-18 19:00:00,50373.14
2018-06-18 20:00:00,49736.234
2018-06-18 21:00:00,46798.242
2018-06-18 22:00:00,45308.117
2018-06-18 23:00:00,42109.176
2018-06-19 00:00:00,37963.402
2018-06-19 01:00:00,35403.215
2018-06-19 02:00:00,33046.832
2018-06-19 03:00:00,32453.158
2018-06-19 04:00:00,31894.1
2018-06-19 05:00:00,31934.664
2018-06-19 06:00:00,33011.875
2018-06-19 07:00:00,35182.188
2018-06-19 08:00:00,37880.59
2018-06-19 09:00:00,39955.934
2018-06-19 10:00:00,41605.625
2018-06-19 11:00:00,43528.375
2018-06-19 12:00:00,45002.402
2018-06-19 13:00:00,45793.285
2018-06-19 14:00:00,46495.805
2018-06-19 15:00:00,46798.246
2018-06-19 16:00:00,47107.38
2018-06-19 17:00:00,46803.53
2018-06-19 18:00:00,46631.61
2018-06-19 19:00:00,46633.137
2018-06-19 20:00:00,44388.637
2018-06-19 21:00:00,42845.605
2018-06-19 22:00:00,40015.03
2018-06-19 23:00:00,38798.312
2018-06-20 00:00:00,33358.133
2018-06-20 01:00:00,31338.453
2018-06-20 02:00:00,28535.48
2018-06-20 03:00:00,27903.578
2018-06-20 04:00:00,27317.047
2018-06-20 05:00:00,27148.299
2018-06-20 06:00:00,27978.127
2018-06-20 07:00:00,29820.402
2018-06-20 08:00:00,32677.008
2018-06-20 09:00:00,34850.652
2018-06-20 10:00:00,35652.473
2018-06-20 11:00:00,37311.88
2018-06-20 12:00:00,38846.66
2018-06-20 13:00:00,40561.58
2018-06-20 14:00:00,41349.145
2018-06-20 15:00:00,43188.89
2018-06-20 16:00:00,43380.14
2018-06-20 17:00:00,43749.703
2018-06-20 18:00:00,43544.64
2018-06-20 19:00:00,42372.066
2018-06-20 20:00:00,40666.023
2018-06-20 21:00:00,39572.273
2018-06-20 22:00:00,38672.395
2018-06-20 23:00:00,36561.406
2018-06-21 00:00:00,33099.13
2018-06-21 01:00:00,30765.943
2018-06-21 02:00:00,28498.938
2018-06-21 03:00:00,27732.215
2018-06-21 04:00:00,27160.19
2018-06-21 05:00:00,26963.12
2018-06-21 06:00:00,28205.89
2018-06-21 07:00:00,30517.398
2018-06-21 08:00:00,33091.695
2018-06-21 09:00:00,35091.305
2018-06-21 10:00:00,35463.242
2018-06-21 11:00:00,36763.098
2018-06-21 12:00:00,37654.805
2018-06-21 13:00:00,38289.055
2018-06-21 14:00:00,39427.21
2018-06-21 15:00:00,40713.0
2018-06-21 16:00:00,41580.035
2018-06-21 17:00:00,42367.438
2018-06-21 18:00:00,43058.57
2018-06-21 19:00:00,42643.062
2018-06-21 20:00:00,41155.992
2018-06-21 21:00:00,38990.617
2018-06-21 22:00:00,37759.113
2018-06-21 23:00:00,36409.258
2018-06-22 00:00:00,32217.312
2018-06-22 01:00:00,30233.406
2018-06-22 02:00:00,27947.562
2018-06-22 03:00:00,27084.648
2018-06-22 04:00:00,26693.424
2018-06-22 05:00:00,26397.658
2018-06-22 06:00:00,27379.576
2018-06-22 07:00:00,29262.729
2018-06-22 08:00:00,31543.75
2018-06-22 09:00:00,33234.87
2018-06-22 10:00:00,34272.6
2018-06-22 11:00:00,34728.36
2018-06-22 12:00:00,35151.234
2018-06-22 13:00:00,35206.406
2018-06-22 14:00:00,35194.875
2018-06-22 15:00:00,35407.562
2018-06-22 16:00:00,34899.47
2018-06-22 17:00:00,34839.926
2018-06-22 18:00:00,34366.574
2018-06-22 19:00:00,33429.1
2018-06-22 20:00:00,32083.572
2018-06-22 21:00:00,31424.861
2018-06-22 22:00:00,31455.195
2018-06-22 23:00:00,30156.219
2018-06-23 00:00:00,27521.506
2018-06-23 01:00:00,25555.387
2018-06-23 02:00:00,24194.732
2018-06-23 03:00:00,23452.883
2018-06-23 04:00:00,23156.047
2018-06-23 05:00:00,23034.879
2018-06-23 06:00:00,23439.354
2018-06-23 07:00:00,24146.1
2018-06-23 08:00:00,24612.1
2018-06-23 09:00:00,26396.791
2018-06-23 10:00:00,28165.508
2018-06-23 11:00:00,29196.092
2018-06-23 12:00:00,30220.305
2018-06-23 13:00:00,30045.73
2018-06-23 14:00:00,30312.443
2018-06-23 15:00:00,30056.438
2018-06-23 16:00:00,30262.014
2018-06-23 17:00:00,30661.527
2018-06-23 18:00:00,31438.709
2018-06-23 19:00:00,31888.705
2018-06-23 20:00:00,31480.527
2018-06-23 21:00:00,31057.693
2018-06-23 22:00:00,30801.643
2018-06-23 23:00:00,30348.604
2018-06-24 00:00:00,27440.344
2018-06-24 01:00:00,25726.916
2018-06-24 02:00:00,24180.232
2018-06-24 03:00:00,23393.203
2018-06-24 04:00:00,23092.238
2018-06-24 05:00:00,22989.13
2018-06-24 06:00:00,23293.148
2018-06-24 07:00:00,23442.365
2018-06-24 08:00:00,24095.223
2018-06-24 09:00:00,26397.979
2018-06-24 10:00:00,28878.57
2018-06-24 11:00:00,31070.82
2018-06-24 12:00:00,33234.367
2018-06-24 13:00:00,35380.293
2018-06-24 14:00:00,36910.426
2018-06-24 15:00:00,38299.188
2018-06-24 16:00:00,38890.043
2018-06-24 17:00:00,39755.168
2018-06-24 18:00:00,40008.2
2018-06-24 19:00:00,40273.055
2018-06-24 20:00:00,39351.83
2018-06-24 21:00:00,37537.934
2018-06-24 22:00:00,36182.574
2018-06-24 23:00:00,34759.63
2018-06-25 00:00:00,30927.982
2018-06-25 01:00:00,28716.45
2018-06-25 02:00:00,26373.645
2018-06-25 03:00:00,25398.18
2018-06-25 04:00:00,24857.906
2018-06-25 05:00:00,24924.133
2018-06-25 06:00:00,26041.668
2018-06-25 07:00:00,27626.615
2018-06-25 08:00:00,30800.742
2018-06-25 09:00:00,33070.94
2018-06-25 10:00:00,34160.992
2018-06-25 11:00:00,35550.77
2018-06-25 12:00:00,36503.555
2018-06-25 13:00:00,37290.39
2018-06-25 14:00:00,38110.18
2018-06-25 15:00:00,39470.086
2018-06-25 16:00:00,39904.164
2018-06-25 17:00:00,40717.617
2018-06-25 18:00:00,40873.53
2018-06-25 19:00:00,40506.438
2018-06-25 20:00:00,38623.668
2018-06-25 21:00:00,36336.23
2018-06-25 22:00:00,34913.402
2018-06-25 23:00:00,33550.977
2018-06-26 00:00:00,29216.977
2018-06-26 01:00:00,27041.746
2018-06-26 02:00:00,25073.473
2018-06-26 03:00:00,24244.996
2018-06-26 04:00:00,23789.191
2018-06-26 05:00:00,23566.23
2018-06-26 06:00:00,24689.656
2018-06-26 07:00:00,25919.662
2018-06-26 08:00:00,28863.75
2018-06-26 09:00:00,30541.639
2018-06-26 10:00:00,31518.605
2018-06-26 11:00:00,32925.723
2018-06-26 12:00:00,34467.95
2018-06-26 13:00:00,35760.668
2018-06-26 14:00:00,36714.855
2018-06-26 15:00:00,37544.484
2018-06-26 16:00:00,38176.395
2018-06-26 17:00:00,39538.168
2018-06-26 18:00:00,39406.316
2018-06-26 19:00:00,39244.766
2018-06-26 20:00:00,37620.613
2018-06-26 21:00:00,35751.184
2018-06-26 22:00:00,34434.64
2018-06-26 23:00:00,33441.098
2018-06-27 00:00:00,29168.09
2018-06-27 01:00:00,27223.17
2018-06-27 02:00:00,25323.697
2018-06-27 03:00:00,24460.283
2018-06-27 04:00:00,24100.24
2018-06-27 05:00:00,24061.754
2018-06-27 06:00:00,25327.484
2018-06-27 07:00:00,27174.553
2018-06-27 08:00:00,30095.719
2018-06-27 09:00:00,31847.557
2018-06-27 10:00:00,32615.45
2018-06-27 11:00:00,33943.68
2018-06-27 12:00:00,34985.688
2018-06-27 13:00:00,35226.184
2018-06-27 14:00:00,35375.34
2018-06-27 15:00:00,35558.316
2018-06-27 16:00:00,35802.867
2018-06-27 17:00:00,35617.668
2018-06-27 18:00:00,35928.88
2018-06-27 19:00:00,35723.65
2018-06-27 20:00:00,35153.695
2018-06-27 21:00:00,34577.555
2018-06-27 22:00:00,34422.41
2018-06-27 23:00:00,33449.613
2018-06-28 00:00:00,30026.648
2018-06-28 01:00:00,28364.963
2018-06-28 02:00:00,26432.299
2018-06-28 03:00:00,25944.195
2018-06-28 04:00:00,25719.469
2018-06-28 05:00:00,26091.602
2018-06-28 06:00:00,27121.445
2018-06-28 07:00:00,29692.574
2018-06-28 08:00:00,32202.584
2018-06-28 09:00:00,34613.26
2018-06-28 10:00:00,36120.438
2018-06-28 11:00:00,38010.008
2018-06-28 12:00:00,39513.13
2018-06-28 13:00:00,41082.715
2018-06-28 14:00:00,42412.12
2018-06-28 15:00:00,43896.86
2018-06-28 16:00:00,44357.016
2018-06-28 17:00:00,44963.707
2018-06-28 18:00:00,45296.95
2018-06-28 19:00:00,45349.523
2018-06-28 20:00:00,44149.74
2018-06-28 21:00:00,42185.89
2018-06-28 22:00:00,40156.582
2018-06-28 23:00:00,39137.957
2018-06-29 00:00:00,34246.992
2018-06-29 01:00:00,32147.957
2018-06-29 02:00:00,29685.531
2018-06-29 03:00:00,28340.826
2018-06-29 04:00:00,28166.748
2018-06-29 05:00:00,27407.426
2018-06-29 06:00:00,28548.168
2018-06-29 07:00:00,30118.955
2018-06-29 08:00:00,33164.504
2018-06-29 09:00:00,36388.906
2018-06-29 10:00:00,38291.65
2018-06-29 11:00:00,40478.45
2018-06-29 12:00:00,42628.13
2018-06-29 13:00:00,44158.457
2018-06-29 14:00:00,45658.145
2018-06-29 15:00:00,46667.117
2018-06-29 16:00:00,47465.316
2018-06-29 17:00:00,48249.652
2018-06-29 18:00:00,48673.867
2018-06-29 19:00:00,48206.805
2018-06-29 20:00:00,46421.97
2018-06-29 21:00:00,43987.773
2018-06-29 22:00:00,41080.547
2018-06-29 23:00:00,39691.152
2018-06-30 00:00:00,34894.062
2018-06-30 01:00:00,32839.098
2018-06-30 02:00:00,30065.719
2018-06-30 03:00:00,28867.105
2018-06-30 04:00:00,28025.56
2018-06-30 05:00:00,27395.576
2018-06-30 06:00:00,27419.03
2018-06-30 07:00:00,27493.96
2018-06-30 08:00:00,28912.943
2018-06-30 09:00:00,32853.242
2018-06-30 10:00:00,36108.613
2018-06-30 11:00:00,39211.312
2018-06-30 12:00:00,41856.59
2018-06-30 13:00:00,43692.246
2018-06-30 14:00:00,45320.45
2018-06-30 15:00:00,46405.363
2018-06-30 16:00:00,47267.438
2018-06-30 17:00:00,48362.17
2018-06-30 18:00:00,48820.68
2018-06-30 19:00:00,48736.28
2018-06-30 20:00:00,47548.96
2018-06-30 21:00:00,45091.15
2018-06-30 22:00:00,42833.4
2018-06-30 23:00:00,41110.23
2018-07-01 00:00:00,36775.43
2018-07-01 01:00:00,34692.387
2018-07-01 02:00:00,31825.17
2018-07-01 03:00:00,30595.502
2018-07-01 04:00:00,29644.826
2018-07-01 05:00:00,29036.38
2018-07-01 06:00:00,28805.412
2018-07-01 07:00:00,28574.332
2018-07-01 08:00:00,29666.27
2018-07-01 09:00:00,33659.87
2018-07-01 10:00:00,37127.547
2018-07-01 11:00:00,40410.785
2018-07-01 12:00:00,43681.406
2018-07-01 13:00:00,45983.91
2018-07-01 14:00:00,47837.586
2018-07-01 15:00:00,49309.445
2018-07-01 16:00:00,49928.668
2018-07-01 17:00:00,50819.06
2018-07-01 18:00:00,51143.953
2018-07-01 19:00:00,50947.156
2018-07-01 20:00:00,49837.863
2018-07-01 21:00:00,47765.066
2018-07-01 22:00:00,45507.457
2018-07-01 23:00:00,43917.69
2018-07-02 00:00:00,38850.74
2018-07-02 01:00:00,36602.02
2018-07-02 02:00:00,33350.12
2018-07-02 03:00:00,32341.24
2018-07-02 04:00:00,31432.43
2018-07-02 05:00:00,31169.297
2018-07-02 06:00:00,32192.262
2018-07-02 07:00:00,33806.938
2018-07-02 08:00:00,36877.23
2018-07-02 09:00:00,40510.89
2018-07-02 10:00:00,43373.43
2018-07-02 11:00:00,46662.37
2018-07-02 12:00:00,49675.438
2018-07-02 13:00:00,51687.516
2018-07-02 14:00:00,53439.586
2018-07-02 15:00:00,54659.402
2018-07-02 16:00:00,55168.234
2018-07-02 17:00:00,55739.82
2018-07-02 18:00:00,55857.418
2018-07-02 19:00:00,55342.043
2018-07-02 20:00:00,54321.14
2018-07-02 21:00:00,51521.695
2018-07-02 22:00:00,49618.56
2018-07-02 23:00:00,46801.684
2018-07-03 00:00:00,41807.176
2018-07-03 01:00:00,39336.824
2018-07-03 02:00:00,36188.27
2018-07-03 03:00:00,34915.457
2018-07-03 04:00:00,34279.426
2018-07-03 05:00:00,33815.77
2018-07-03 06:00:00,34886.516
2018-07-03 07:00:00,36670.523
2018-07-03 08:00:00,39521.332
2018-07-03 09:00:00,42604.117
2018-07-03 10:00:00,44974.13
2018-07-03 11:00:00,48034.047
2018-07-03 12:00:00,50650.37
2018-07-03 13:00:00,52856.14
2018-07-03 14:00:00,54337.062
2018-07-03 15:00:00,55068.473
2018-07-03 16:00:00,54439.41
2018-07-03 17:00:00,54672.375
2018-07-03 18:00:00,53585.773
2018-07-03 19:00:00,51803.906
2018-07-03 20:00:00,49332.17
2018-07-03 21:00:00,46169.953
2018-07-03 22:00:00,44712.676
2018-07-03 23:00:00,42472.496
2018-07-04 00:00:00,38733.84
2018-07-04 01:00:00,36783.652
2018-07-04 02:00:00,33713.86
2018-07-04 03:00:00,32851.57
2018-07-04 04:00:00,31934.385
2018-07-04 05:00:00,31221.523
2018-07-04 06:00:00,31537.057
2018-07-04 07:00:00,31941.322
2018-07-04 08:00:00,32627.068
2018-07-04 09:00:00,35419.832
2018-07-04 10:00:00,38580.477
2018-07-04 11:00:00,41281.22
2018-07-04 12:00:00,44104.668
2018-07-04 13:00:00,46175.484
2018-07-04 14:00:00,47336.367
2018-07-04 15:00:00,47956.746
2018-07-04 16:00:00,47926.875
2018-07-04 17:00:00,47690.152
2018-07-04 18:00:00,46732.547
2018-07-04 19:00:00,45474.35
2018-07-04 20:00:00,43250.562
2018-07-04 21:00:00,41808.59
2018-07-04 22:00:00,40464.18
2018-07-04 23:00:00,38935.94
2018-07-05 00:00:00,37034.164
2018-07-05 01:00:00,34176.434
2018-07-05 02:00:00,32267.834
2018-07-05 03:00:00,31166.002
2018-07-05 04:00:00,30644.416
2018-07-05 05:00:00,31064.117
2018-07-05 06:00:00,31882.05
2018-07-05 07:00:00,33805.957
2018-07-05 08:00:00,36562.363
2018-07-05 09:00:00,39738.547
2018-07-05 10:00:00,41331.477
2018-07-05 11:00:00,44162.6
2018-07-05 12:00:00,46268.195
2018-07-05 13:00:00,47872.008
2018-07-05 14:00:00,49521.906
2018-07-05 15:00:00,50397.812
2018-07-05 16:00:00,50623.598
2018-07-05 17:00:00,50890.996
2018-07-05 18:00:00,51319.65
2018-07-05 19:00:00,51177.34
2018-07-05 20:00:00,49530.863
2018-07-05 21:00:00,47355.957
2018-07-05 22:00:00,45668.023
2018-07-05 23:00:00,43502.047
2018-07-06 00:00:00,39123.574
2018-07-06 01:00:00,37053.51
2018-07-06 02:00:00,34340.24
2018-07-06 03:00:00,33668.168
2018-07-06 04:00:00,33121.863
2018-07-06 05:00:00,33232.414
2018-07-06 06:00:00,34226.113
2018-07-06 07:00:00,35851.766
2018-07-06 08:00:00,37780.203
2018-07-06 09:00:00,39837.637
2018-07-06 10:00:00,41212.645
2018-07-06 11:00:00,42046.516
2018-07-06 12:00:00,43032.21
2018-07-06 13:00:00,43619.58
2018-07-06 14:00:00,43726.223
2018-07-06 15:00:00,44052.438
2018-07-06 16:00:00,44278.01
2018-07-06 17:00:00,44236.816
2018-07-06 18:00:00,43946.65
2018-07-06 19:00:00,43242.684
2018-07-06 20:00:00,41487.14
2018-07-06 21:00:00,39055.133
2018-07-06 22:00:00,37159.2
2018-07-06 23:00:00,36072.883
2018-07-07 00:00:00,31823.78
2018-07-07 01:00:00,29964.504
2018-07-07 02:00:00,27092.898
2018-07-07 03:00:00,26181.5
2018-07-07 04:00:00,25277.178
2018-07-07 05:00:00,24769.877
2018-07-07 06:00:00,24518.107
2018-07-07 07:00:00,24655.82
2018-07-07 08:00:00,25240.355
2018-07-07 09:00:00,26972.055
2018-07-07 10:00:00,28664.037
2018-07-07 11:00:00,29300.332
2018-07-07 12:00:00,30177.053
2018-07-07 13:00:00,30653.953
2018-07-07 14:00:00,31066.416
2018-07-07 15:00:00,31777.91
2018-07-07 16:00:00,32770.707
2018-07-07 17:00:00,34027.367
2018-07-07 18:00:00,34916.164
2018-07-07 19:00:00,35234.21
2018-07-07 20:00:00,34463.47
2018-07-07 21:00:00,32530.02
2018-07-07 22:00:00,30578.559
2018-07-07 23:00:00,30269.307
2018-07-08 00:00:00,26975.424
2018-07-08 01:00:00,25150.23
2018-07-08 02:00:00,23247.215
2018-07-08 03:00:00,22573.375
2018-07-08 04:00:00,22181.545
2018-07-08 05:00:00,21935.562
2018-07-08 06:00:00,22102.592
2018-07-08 07:00:00,21983.7
2018-07-08 08:00:00,22431.883
2018-07-08 09:00:00,24203.238
2018-07-08 10:00:00,25944.371
2018-07-08 11:00:00,27132.074
2018-07-08 12:00:00,28721.596
2018-07-08 13:00:00,29893.812
2018-07-08 14:00:00,31171.504
2018-07-08 15:00:00,32513.482
2018-07-08 16:00:00,33925.55
2018-07-08 17:00:00,35395.203
2018-07-08 18:00:00,36772.996
2018-07-08 19:00:00,37570.273
2018-07-08 20:00:00,36925.62
2018-07-08 21:00:00,35394.156
2018-07-08 22:00:00,33471.664
2018-07-08 23:00:00,32812.293
2018-07-09 00:00:00,28593.145
2018-07-09 01:00:00,26306.64
2018-07-09 02:00:00,24420.125
2018-07-09 03:00:00,23342.334
2018-07-09 04:00:00,23249.814
2018-07-09 05:00:00,23261.598
2018-07-09 06:00:00,24320.29
2018-07-09 07:00:00,26078.578
2018-07-09 08:00:00,28144.578
2018-07-09 09:00:00,30784.43
2018-07-09 10:00:00,32093.459
2018-07-09 11:00:00,34060.758
2018-07-09 12:00:00,36030.44
2018-07-09 13:00:00,37454.92
2018-07-09 14:00:00,39067.508
2018-07-09 15:00:00,40952.48
2018-07-09 16:00:00,42383.152
2018-07-09 17:00:00,43970.617
2018-07-09 18:00:00,45025.742
2018-07-09 19:00:00,45110.367
2018-07-09 20:00:00,43830.88
2018-07-09 21:00:00,41316.14
2018-07-09 22:00:00,38731.246
2018-07-09 23:00:00,37025.6
2018-07-10 00:00:00,32057.176
2018-07-10 01:00:00,30128.506
2018-07-10 02:00:00,27376.973
2018-07-10 03:00:00,26606.393
2018-07-10 04:00:00,26005.264
2018-07-10 05:00:00,25877.281
2018-07-10 06:00:00,26795.375
2018-07-10 07:00:00,28595.94
2018-07-10 08:00:00,31355.6
2018-07-10 09:00:00,34422.105
2018-07-10 10:00:00,36442.754
2018-07-10 11:00:00,38968.504
2018-07-10 12:00:00,41463.992
2018-07-10 13:00:00,43695.89
2018-07-10 14:00:00,45649.72
2018-07-10 15:00:00,47556.43
2018-07-10 16:00:00,48873.867
2018-07-10 17:00:00,49949.094
2018-07-10 18:00:00,50649.93
2018-07-10 19:00:00,50364.14
2018-07-10 20:00:00,48787.105
2018-07-10 21:00:00,46293.133
2018-07-10 22:00:00,43836.277
2018-07-10 23:00:00,41708.68
2018-07-11 00:00:00,36631.7
2018-07-11 01:00:00,34404.1
2018-07-11 02:00:00,31511.416
2018-07-11 03:00:00,30704.357
2018-07-11 04:00:00,30165.945
2018-07-11 05:00:00,29790.955
2018-07-11 06:00:00,30709.389
2018-07-11 07:00:00,32744.727
2018-07-11 08:00:00,35001.055
2018-07-11 09:00:00,37937.832
2018-07-11 10:00:00,39268.324
2018-07-11 11:00:00,41342.344
2018-07-11 12:00:00,43314.09
2018-07-11 13:00:00,44956.492
2018-07-11 14:00:00,46155.54
2018-07-11 15:00:00,47391.902
2018-07-11 16:00:00,47977.62
2018-07-11 17:00:00,48391.65
2018-07-11 18:00:00,48399.69
2018-07-11 19:00:00,47491.906
2018-07-11 20:00:00,45254.844
2018-07-11 21:00:00,42355.824
2018-07-11 22:00:00,41055.9
2018-07-11 23:00:00,38911.508
2018-07-12 00:00:00,34421.574
2018-07-12 01:00:00,32365.125
2018-07-12 02:00:00,29398.158
2018-07-12 03:00:00,28792.127
2018-07-12 04:00:00,28031.299
2018-07-12 05:00:00,27784.803
2018-07-12 06:00:00,28413.066
2018-07-12 07:00:00,30291.447
2018-07-12 08:00:00,32750.7
2018-07-12 09:00:00,35249.695
2018-07-12 10:00:00,36751.965
2018-07-12 11:00:00,38240.668
2018-07-12 12:00:00,40149.324
2018-07-12 13:00:00,41260.79
2018-07-12 14:00:00,42842.566
2018-07-12 15:00:00,44038.96
2018-07-12 16:00:00,44646.137
2018-07-12 17:00:00,45234.785
2018-07-12 18:00:00,45171.45
2018-07-12 19:00:00,44567.43
2018-07-12 20:00:00,42650.254
2018-07-12 21:00:00,40221.2
2018-07-12 22:00:00,38645.184
2018-07-12 23:00:00,37054.004
2018-07-13 00:00:00,32730.482
2018-07-13 01:00:00,30654.322
2018-07-13 02:00:00,28103.51
2018-07-13 03:00:00,27340.977
2018-07-13 04:00:00,26582.672
2018-07-13 05:00:00,26373.506
2018-07-13 06:00:00,27156.803
2018-07-13 07:00:00,28832.773
2018-07-13 08:00:00,31300.906
2018-07-13 09:00:00,34222.484
2018-07-13 10:00:00,35849.7
2018-07-13 11:00:00,37522.617
2018-07-13 12:00:00,39249.625
2018-07-13 13:00:00,40621.01
2018-07-13 14:00:00,41860.387
2018-07-13 15:00:00,43618.062
2018-07-13 16:00:00,44243.26
2018-07-13 17:00:00,45116.312
2018-07-13 18:00:00,45235.785
2018-07-13 19:00:00,44675.773
2018-07-13 20:00:00,42695.824
2018-07-13 21:00:00,40030.35
2018-07-13 22:00:00,37768.47
2018-07-13 23:00:00,36510.227
2018-07-14 00:00:00,32242.469
2018-07-14 01:00:00,30424.785
2018-07-14 02:00:00,27972.322
2018-07-14 03:00:00,26792.209
2018-07-14 04:00:00,26082.045
2018-07-14 05:00:00,25546.996
2018-07-14 06:00:00,25740.207
2018-07-14 07:00:00,26047.846
2018-07-14 08:00:00,26801.496
2018-07-14 09:00:00,29802.531
2018-07-14 10:00:00,32507.87
2018-07-14 11:00:00,35048.17
2018-07-14 12:00:00,37231.586
2018-07-14 13:00:00,39023.547
2018-07-14 14:00:00,40345.367
2018-07-14 15:00:00,41789.32
2018-07-14 16:00:00,42947.98
2018-07-14 17:00:00,43984.676
2018-07-14 18:00:00,44802.734
2018-07-14 19:00:00,44624.29
2018-07-14 20:00:00,43473.027
2018-07-14 21:00:00,41041.785
2018-07-14 22:00:00,39287.87
2018-07-14 23:00:00,37781.93
2018-07-15 00:00:00,33973.773
2018-07-15 01:00:00,32007.02
2018-07-15 02:00:00,29580.992
2018-07-15 03:00:00,28498.26
2018-07-15 04:00:00,27595.521
2018-07-15 05:00:00,27093.59
2018-07-15 06:00:00,26840.33
2018-07-15 07:00:00,27330.715
2018-07-15 08:00:00,27412.826
2018-07-15 09:00:00,29543.758
2018-07-15 10:00:00,31921.36
2018-07-15 11:00:00,34324.594
2018-07-15 12:00:00,36022.46
2018-07-15 13:00:00,36195.25
2018-07-15 14:00:00,36383.74
2018-07-15 15:00:00,37447.37
2018-07-15 16:00:00,38120.58
2018-07-15 17:00:00,39872.355
2018-07-15 18:00:00,41727.7
2018-07-15 19:00:00,42536.652
2018-07-15 20:00:00,42033.83
2018-07-15 21:00:00,40540.72
2018-07-15 22:00:00,39430.777
2018-07-15 23:00:00,38208.53
2018-07-16 00:00:00,34034.168
2018-07-16 01:00:00,31789.02
2018-07-16 02:00:00,29770.895
2018-07-16 03:00:00,28739.717
2018-07-16 04:00:00,28160.39
2018-07-16 05:00:00,28249.238
2018-07-16 06:00:00,29277.348
2018-07-16 07:00:00,31497.975
2018-07-16 08:00:00,33812.04
2018-07-16 09:00:00,37309.34
2018-07-16 10:00:00,39555.906
2018-07-16 11:00:00,42601.38
2018-07-16 12:00:00,45459.37
2018-07-16 13:00:00,47897.895
2018-07-16 14:00:00,50287.867
2018-07-16 15:00:00,51836.215
2018-07-16 16:00:00,52773.684
2018-07-16 17:00:00,52898.445
2018-07-16 18:00:00,52901.688
2018-07-16 19:00:00,51481.246
2018-07-16 20:00:00,49838.586
2018-07-16 21:00:00,47591.504
2018-07-16 22:00:00,45828.23
2018-07-16 23:00:00,43494.645
2018-07-17 00:00:00,38787.445
2018-07-17 01:00:00,36650.758
2018-07-17 02:00:00,33701.273
2018-07-17 03:00:00,32981.977
2018-07-17 04:00:00,32351.574
2018-07-17 05:00:00,32201.645
2018-07-17 06:00:00,33457.977
2018-07-17 07:00:00,35560.188
2018-07-17 08:00:00,37932.867
2018-07-17 09:00:00,41263.047
2018-07-17 10:00:00,42886.055
2018-07-17 11:00:00,45397.414
2018-07-17 12:00:00,47730.6
2018-07-17 13:00:00,49246.023
2018-07-17 14:00:00,50455.562
2018-07-17 15:00:00,50815.438
2018-07-17 16:00:00,48593.914
2018-07-17 17:00:00,45376.49
2018-07-17 18:00:00,44440.28
2018-07-17 19:00:00,43681.926
2018-07-17 20:00:00,42064.453
2018-07-17 21:00:00,41059.438
2018-07-17 22:00:00,40057.395
2018-07-17 23:00:00,38580.703
2018-07-18 00:00:00,34024.02
2018-07-18 01:00:00,31975.865
2018-07-18 02:00:00,29681.47
2018-07-18 03:00:00,28771.014
2018-07-18 04:00:00,28168.033
2018-07-18 05:00:00,27842.217
2018-07-18 06:00:00,28838.555
2018-07-18 07:00:00,30468.01
2018-07-18 08:00:00,32765.717
2018-07-18 09:00:00,35661.664
2018-07-18 10:00:00,36375.414
2018-07-18 11:00:00,37877.91
2018-07-18 12:00:00,39048.19
2018-07-18 13:00:00,40351.887
2018-07-18 14:00:00,41504.176
2018-07-18 15:00:00,42635.215
2018-07-18 16:00:00,43535.797
2018-07-18 17:00:00,44360.383
2018-07-18 18:00:00,44844.438
2018-07-18 19:00:00,44651.035
2018-07-18 20:00:00,42870.14
2018-07-18 21:00:00,40381.3
2018-07-18 22:00:00,38188.1
2018-07-18 23:00:00,36395.598
2018-07-19 00:00:00,31714.45
2018-07-19 01:00:00,29774.459
2018-07-19 02:00:00,27391.623
2018-07-19 03:00:00,26366.73
2018-07-19 04:00:00,25850.586
2018-07-19 05:00:00,25455.137
2018-07-19 06:00:00,26177.248
2018-07-19 07:00:00,28110.195
2018-07-19 08:00:00,30128.863
2018-07-19 09:00:00,32791.082
2018-07-19 10:00:00,33789.555
2018-07-19 11:00:00,35148.11
2018-07-19 12:00:00,36784.97
2018-07-19 13:00:00,38002.01
2018-07-19 14:00:00,39293.664
2018-07-19 15:00:00,40990.863
2018-07-19 16:00:00,41937.023
2018-07-19 17:00:00,43391.668
2018-07-19 18:00:00,44084.12
2018-07-19 19:00:00,44014.164
2018-07-19 20:00:00,42159.8
2018-07-19 21:00:00,39743.445
2018-07-19 22:00:00,37534.605
2018-07-19 23:00:00,35743.312
2018-07-20 00:00:00,31553.914
2018-07-20 01:00:00,29484.928
2018-07-20 02:00:00,27409.713
2018-07-20 03:00:00,26506.15
2018-07-20 04:00:00,25839.709
2018-07-20 05:00:00,25564.523
2018-07-20 06:00:00,26464.031
2018-07-20 07:00:00,28052.182
2018-07-20 08:00:00,30291.521
2018-07-20 09:00:00,33346.156
2018-07-20 10:00:00,35295.637
2018-07-20 11:00:00,37180.215
2018-07-20 12:00:00,38825.824
2018-07-20 13:00:00,40117.93
2018-07-20 14:00:00,41203.797
2018-07-20 15:00:00,42286.74
2018-07-20 16:00:00,42813.35
2018-07-20 17:00:00,43323.055
2018-07-20 18:00:00,43391.88
2018-07-20 19:00:00,42544.08
2018-07-20 20:00:00,39993.305
2018-07-20 21:00:00,37603.52
2018-07-20 22:00:00,35790.684
2018-07-20 23:00:00,34693.633
2018-07-21 00:00:00,31147.531
2018-07-21 01:00:00,29286.9
2018-07-21 02:00:00,27205.312
2018-07-21 03:00:00,26017.662
2018-07-21 04:00:00,25569.691
2018-07-21 05:00:00,25055.723
2018-07-21 06:00:00,25386.982
2018-07-21 07:00:00,25950.896
2018-07-21 08:00:00,26490.844
2018-07-21 09:00:00,28927.213
2018-07-21 10:00:00,31077.88
2018-07-21 11:00:00,32402.402
2018-07-21 12:00:00,33202.215
2018-07-21 13:00:00,33393.617
2018-07-21 14:00:00,33138.555
2018-07-21 15:00:00,32708.924
2018-07-21 16:00:00,32199.79
2018-07-21 17:00:00,31790.314
2018-07-21 18:00:00,31829.377
2018-07-21 19:00:00,31724.674
2018-07-21 20:00:00,31159.807
2018-07-21 21:00:00,30658.914
2018-07-21 22:00:00,30923.957
2018-07-21 23:00:00,29357.078
2018-07-22 00:00:00,27527.91
2018-07-22 01:00:00,25970.932
2018-07-22 02:00:00,24713.062
2018-07-22 03:00:00,24146.158
2018-07-22 04:00:00,23953.945
2018-07-22 05:00:00,23839.588
2018-07-22 06:00:00,24097.74
2018-07-22 07:00:00,24507.855
2018-07-22 08:00:00,24412.408
2018-07-22 09:00:00,26281.209
2018-07-22 10:00:00,28436.238
2018-07-22 11:00:00,30143.209
2018-07-22 12:00:00,31679.139
2018-07-22 13:00:00,33459.05
2018-07-22 14:00:00,35135.582
2018-07-22 15:00:00,36201.855
2018-07-22 16:00:00,36957.9
2018-07-22 17:00:00,37362.637
2018-07-22 18:00:00,38404.043
2018-07-22 19:00:00,38350.19
2018-07-22 20:00:00,37056.36
2018-07-22 21:00:00,36323.734
2018-07-22 22:00:00,35936.867
2018-07-22 23:00:00,34811.04
2018-07-23 00:00:00,32033.432
2018-07-23 01:00:00,30121.342
2018-07-23 02:00:00,28720.793
2018-07-23 03:00:00,27777.342
2018-07-23 04:00:00,27649.14
2018-07-23 05:00:00,27975.357
2018-07-23 06:00:00,29457.104
2018-07-23 07:00:00,31956.127
2018-07-23 08:00:00,34037.94
2018-07-23 09:00:00,36246.547
2018-07-23 10:00:00,37568.562
2018-07-23 11:00:00,38625.13
2018-07-23 12:00:00,40552.984
2018-07-23 13:00:00,41517.496
2018-07-23 14:00:00,42588.793
2018-07-23 15:00:00,43704.58
2018-07-23 16:00:00,44655.117
2018-07-23 17:00:00,44543.44
2018-07-23 18:00:00,44637.848
2018-07-23 19:00:00,43724.754
2018-07-23 20:00:00,41951.98
2018-07-23 21:00:00,40561.668
2018-07-23 22:00:00,40046.34
2018-07-23 23:00:00,37912.168
2018-07-24 00:00:00,34727.97
2018-07-24 01:00:00,32593.379
2018-07-24 02:00:00,30841.662
2018-07-24 03:00:00,30290.043
2018-07-24 04:00:00,29820.404
2018-07-24 05:00:00,30164.656
2018-07-24 06:00:00,31228.29
2018-07-24 07:00:00,33818.086
2018-07-24 08:00:00,36083.035
2018-07-24 09:00:00,37969.418
2018-07-24 10:00:00,39255.26
2018-07-24 11:00:00,40671.13
2018-07-24 12:00:00,42140.516
2018-07-24 13:00:00,43047.21
2018-07-24 14:00:00,43832.64
2018-07-24 15:00:00,44780.207
2018-07-24 16:00:00,44595.793
2018-07-24 17:00:00,44982.51
2018-07-24 18:00:00,44659.0
2018-07-24 19:00:00,43802.137
2018-07-24 20:00:00,42359.727
2018-07-24 21:00:00,40693.973
2018-07-24 22:00:00,40470.88
2018-07-24 23:00:00,38213.39
2018-07-25 00:00:00,34961.44
2018-07-25 01:00:00,32659.865
2018-07-25 02:00:00,31002.467
2018-07-25 03:00:00,30293.17
2018-07-25 04:00:00,29827.018
2018-07-25 05:00:00,29832.107
2018-07-25 06:00:00,30850.148
2018-07-25 07:00:00,33260.84
2018-07-25 08:00:00,35415.652
2018-07-25 09:00:00,36865.61
2018-07-25 10:00:00,38027.754
2018-07-25 11:00:00,39321.35
2018-07-25 12:00:00,40265.652
2018-07-25 13:00:00,41478.75
2018-07-25 14:00:00,42024.25
2018-07-25 15:00:00,43266.652
2018-07-25 16:00:00,43525.34
2018-07-25 17:00:00,43476.95
2018-07-25 18:00:00,43074.85
2018-07-25 19:00:00,41978.49
2018-07-25 20:00:00,40059.992
2018-07-25 21:00:00,38990.555
2018-07-25 22:00:00,38142.203
2018-07-25 23:00:00,35990.227
2018-07-26 00:00:00,32818.484
2018-07-26 01:00:00,30643.195
2018-07-26 02:00:00,28936.816
2018-07-26 03:00:00,28256.139
2018-07-26 04:00:00,27685.812
2018-07-26 05:00:00,28026.285
2018-07-26 06:00:00,28862.396
2018-07-26 07:00:00,31361.746
2018-07-26 08:00:00,33613.08
2018-07-26 09:00:00,35887.527
2018-07-26 10:00:00,36864.027
2018-07-26 11:00:00,38263.027
2018-07-26 12:00:00,40356.46
2018-07-26 13:00:00,41798.402
2018-07-26 14:00:00,43572.324
2018-07-26 15:00:00,45344.617
2018-07-26 16:00:00,46663.676
2018-07-26 17:00:00,47687.926
2018-07-26 18:00:00,48341.168
2018-07-26 19:00:00,47999.67
2018-07-26 20:00:00,46218.95
2018-07-26 21:00:00,43598.69
2018-07-26 22:00:00,41889.113
2018-07-26 23:00:00,39520.27
2018-07-27 00:00:00,35303.57
2018-07-27 01:00:00,32874.6
2018-07-27 02:00:00,30598.434
2018-07-27 03:00:00,29730.812
2018-07-27 04:00:00,28863.97
2018-07-27 05:00:00,28733.625
2018-07-27 06:00:00,29672.676
2018-07-27 07:00:00,31683.963
2018-07-27 08:00:00,33947.676
2018-07-27 09:00:00,36712.59
2018-07-27 10:00:00,38693.812
2018-07-27 11:00:00,41168.477
2018-07-27 12:00:00,43850.047
2018-07-27 13:00:00,45213.547
2018-07-27 14:00:00,46776.617
2018-07-27 15:00:00,47855.668
2018-07-27 16:00:00,47617.535
2018-07-27 17:00:00,46692.25
2018-07-27 18:00:00,46617.56
2018-07-27 19:00:00,43704.43
2018-07-27 20:00:00,40777.79
2018-07-27 21:00:00,39152.707
2018-07-27 22:00:00,36994.273
2018-07-27 23:00:00,35533.875
2018-07-28 00:00:00,32466.123
2018-07-28 01:00:00,30769.35
2018-07-28 02:00:00,28647.912
2018-07-28 03:00:00,27667.959
2018-07-28 04:00:00,26883.125
2018-07-28 05:00:00,26516.879
2018-07-28 06:00:00,26786.555
2018-07-28 07:00:00,27515.965
2018-07-28 08:00:00,27960.646
2018-07-28 09:00:00,30843.867
2018-07-28 10:00:00,33758.926
2018-07-28 11:00:00,35661.75
2018-07-28 12:00:00,37336.832
2018-07-28 13:00:00,39042.81
2018-07-28 14:00:00,40198.566
2018-07-28 15:00:00,41225.16
2018-07-28 16:00:00,42254.445
2018-07-28 17:00:00,42432.273
2018-07-28 18:00:00,42747.363
2018-07-28 19:00:00,42433.96
2018-07-28 20:00:00,41024.684
2018-07-28 21:00:00,38745.387
2018-07-28 22:00:00,37193.574
2018-07-28 23:00:00,35385.004
2018-07-29 00:00:00,31768.771
2018-07-29 01:00:00,30001.521
2018-07-29 02:00:00,27535.682
2018-07-29 03:00:00,26395.256
2018-07-29 04:00:00,25528.684
2018-07-29 05:00:00,24874.115
2018-07-29 06:00:00,24757.941
2018-07-29 07:00:00,24849.89
2018-07-29 08:00:00,24854.781
2018-07-29 09:00:00,27012.914
2018-07-29 10:00:00,29268.717
2018-07-29 11:00:00,31242.127
2018-07-29 12:00:00,33187.65
2018-07-29 13:00:00,34677.234
2018-07-29 14:00:00,36206.055
2018-07-29 15:00:00,37377.29
2018-07-29 16:00:00,38632.977
2018-07-29 17:00:00,39755.34
2018-07-29 18:00:00,40691.098
2018-07-29 19:00:00,40894.65
2018-07-29 20:00:00,39908.734
2018-07-29 21:00:00,37718.766
2018-07-29 22:00:00,36712.44
2018-07-29 23:00:00,34786.164
2018-07-30 00:00:00,30819.742
2018-07-30 01:00:00,28740.254
2018-07-30 02:00:00,26611.334
2018-07-30 03:00:00,25655.72
2018-07-30 04:00:00,25022.81
2018-07-30 05:00:00,25114.06
2018-07-30 06:00:00,26168.182
2018-07-30 07:00:00,28421.553
2018-07-30 08:00:00,30422.004
2018-07-30 09:00:00,32959.44
2018-07-30 10:00:00,34591.562
2018-07-30 11:00:00,36228.58
2018-07-30 12:00:00,37155.9
2018-07-30 13:00:00,37483.152
2018-07-30 14:00:00,38105.836
2018-07-30 15:00:00,38495.277
2018-07-30 16:00:00,38084.28
2018-07-30 17:00:00,38188.715
2018-07-30 18:00:00,37795.242
2018-07-30 19:00:00,37473.312
2018-07-30 20:00:00,36208.74
2018-07-30 21:00:00,35487.492
2018-07-30 22:00:00,35242.992
2018-07-30 23:00:00,33219.36
2018-07-31 00:00:00,29847.678
2018-07-31 01:00:00,27888.412
2018-07-31 02:00:00,26033.914
2018-07-31 03:00:00,25390.97
2018-07-31 04:00:00,25117.826
2018-07-31 05:00:00,25433.74
2018-07-31 06:00:00,26557.738
2018-07-31 07:00:00,28989.453
2018-07-31 08:00:00,31243.4
2018-07-31 09:00:00,33453.273
2018-07-31 10:00:00,34796.758
2018-07-31 11:00:00,36401.883
2018-07-31 12:00:00,37750.953
2018-07-31 13:00:00,38901.367
2018-07-31 14:00:00,39818.69
2018-07-31 15:00:00,40510.53
2018-07-31 16:00:00,40781.715
2018-07-31 17:00:00,41236.723
2018-07-31 18:00:00,41766.49
2018-07-31 19:00:00,41292.26
2018-07-31 20:00:00,39905.723
2018-07-31 21:00:00,38707.527
2018-07-31 22:00:00,38458.953
2018-07-31 23:00:00,36043.117
2018-08-01 00:00:00,33003.082
2018-08-01 01:00:00,30674.19
2018-08-01 02:00:00,29074.908
2018-08-01 03:00:00,28541.432
2018-08-01 04:00:00,28178.568
2018-08-01 05:00:00,28565.932
2018-08-01 06:00:00,29463.621
2018-08-01 07:00:00,32325.516
2018-08-01 08:00:00,34663.074
2018-08-01 09:00:00,36779.004
2018-08-01 10:00:00,38326.47
2018-08-01 11:00:00,39878.816
2018-08-01 12:00:00,41483.598
2018-08-01 13:00:00,43695.473
2018-08-01 14:00:00,44498.21
2018-08-01 15:00:00,46204.562
2018-08-01 16:00:00,46733.195
2018-08-01 17:00:00,48318.312
2018-08-01 18:00:00,48315.113
2018-08-01 19:00:00,48329.707
2018-08-01 20:00:00,46228.816
2018-08-01 21:00:00,44465.23
2018-08-01 22:00:00,43649.766
2018-08-01 23:00:00,40514.99
2018-08-02 00:00:00,36854.44
2018-08-02 01:00:00,34056.95
2018-08-02 02:00:00,31891.65
2018-08-02 03:00:00,30747.496
2018-08-02 04:00:00,30017.9
2018-08-02 05:00:00,30203.922
2018-08-02 06:00:00,31185.12
2018-08-02 07:00:00,33750.98
2018-08-02 08:00:00,35749.883
2018-08-02 09:00:00,38113.28
2018-08-02 10:00:00,39669.297
2018-08-02 11:00:00,41716.785
2018-08-02 12:00:00,43946.13
2018-08-02 13:00:00,45104.66
2018-08-02 14:00:00,46562.99
2018-08-02 15:00:00,47412.402
2018-08-02 16:00:00,47528.773
2018-08-02 17:00:00,46810.984
2018-08-02 18:00:00,46513.824
2018-08-02 19:00:00,45951.83
2018-08-02 20:00:00,43770.29
2018-08-02 21:00:00,42204.195
2018-08-02 22:00:00,41564.477
2018-08-02 23:00:00,38671.145
2018-08-03 00:00:00,35367.44
