Datetime,0
2017-01-01 00:00:00,131.046875
2017-01-01 01:00:00,193.08203125
2017-01-01 02:00:00,210.255859375
2017-01-01 03:00:00,389.306640625
2017-01-01 04:00:00,236.47265625
2017-01-01 05:00:00,292.822265625
2017-01-01 06:00:00,164.451171875
2017-01-01 07:00:00,35.68359375
2017-01-01 08:00:00,372.10546875
2017-01-01 09:00:00,135.17578125
2017-01-01 10:00:00,233.986328125
2017-01-01 11:00:00,227.763671875
2017-01-01 12:00:00,35.5
2017-01-01 13:00:00,347.82421875
2017-01-01 14:00:00,241.6796875
2017-01-01 15:00:00,178.11328125
2017-01-01 16:00:00,59.14453125
2017-01-01 17:00:00,772.947265625
2017-01-01 18:00:00,1190.203125
2017-01-01 19:00:00,1341.203125
2017-01-01 20:00:00,177.880859375
2017-01-01 21:00:00,573.70703125
2017-01-01 22:00:00,374.2265625
2017-01-01 23:00:00,145.595703125
2017-01-02 00:00:00,78.525390625
2017-01-02 01:00:00,279.16796875
2017-01-02 02:00:00,437.99609375
2017-01-02 03:00:00,293.05078125
2017-01-02 04:00:00,215.6484375
2017-01-02 05:00:00,299.509765625
2017-01-02 06:00:00,407.193359375
2017-01-02 07:00:00,437.24609375
2017-01-02 08:00:00,176.05859375
2017-01-02 09:00:00,530.58984375
2017-01-02 10:00:00,894.21875
2017-01-02 11:00:00,487.337890625
2017-01-02 12:00:00,389.59375
2017-01-02 13:00:00,47.193359375
2017-01-02 14:00:00,51.89453125
2017-01-02 15:00:00,200.140625
2017-01-02 16:00:00,26.001953125
2017-01-02 17:00:00,779.546875
2017-01-02 18:00:00,753.9609375
2017-01-02 19:00:00,1036.6640625
2017-01-02 20:00:00,251.09765625
2017-01-02 21:00:00,731.06640625
2017-01-02 22:00:00,442.974609375
2017-01-02 23:00:00,314.302734375
2017-01-03 00:00:00,104.841796875
2017-01-03 01:00:00,264.017578125
2017-01-03 02:00:00,202.4296875
2017-01-03 03:00:00,222.7578125
2017-01-03 04:00:00,20.11328125
2017-01-03 05:00:00,262.400390625
2017-01-03 06:00:00,853.650390625
2017-01-03 07:00:00,1284.81640625
2017-01-03 08:00:00,124.0078125
2017-01-03 09:00:00,516.359375
2017-01-03 10:00:00,17.33203125
2017-01-03 11:00:00,376.0859375
2017-01-03 12:00:00,51.0859375
2017-01-03 13:00:00,71.390625
2017-01-03 14:00:00,655.2421875
2017-01-03 15:00:00,574.54296875
2017-01-03 16:00:00,292.59375
2017-01-03 17:00:00,469.37890625
2017-01-03 18:00:00,765.02734375
2017-01-03 19:00:00,999.01171875
2017-01-03 20:00:00,173.59375
2017-01-03 21:00:00,470.4296875
2017-01-03 22:00:00,441.69921875
2017-01-03 23:00:00,307.318359375
2017-01-04 00:00:00,96.8515625
2017-01-04 01:00:00,60.345703125
2017-01-04 02:00:00,77.669921875
2017-01-04 03:00:00,96.01953125
2017-01-04 04:00:00,264.087890625
2017-01-04 05:00:00,191.146484375
2017-01-04 06:00:00,681.947265625
2017-01-04 07:00:00,847.15625
2017-01-04 08:00:00,660.4296875
2017-01-04 09:00:00,1226.96875
2017-01-04 10:00:00,133.5546875
2017-01-04 11:00:00,444.15625
2017-01-04 12:00:00,224.83203125
2017-01-04 13:00:00,477.97265625
2017-01-04 14:00:00,408.0625
2017-01-04 15:00:00,243.7578125
2017-01-04 16:00:00,321.171875
2017-01-04 17:00:00,253.7109375
2017-01-04 18:00:00,1637.984375
2017-01-04 19:00:00,1152.09375
2017-01-04 20:00:00,685.1328125
2017-01-04 21:00:00,349.63671875
2017-01-04 22:00:00,343.6328125
2017-01-04 23:00:00,72.96875
2017-01-05 00:00:00,156.833984375
2017-01-05 01:00:00,534.576171875
2017-01-05 02:00:00,445.3125
2017-01-05 03:00:00,71.953125
2017-01-05 04:00:00,137.462890625
2017-01-05 05:00:00,187.263671875
2017-01-05 06:00:00,829.373046875
2017-01-05 07:00:00,1838.37109375
2017-01-05 08:00:00,89.98828125
2017-01-05 09:00:00,174.1875
2017-01-05 10:00:00,351.21875
2017-01-05 11:00:00,57.828125
2017-01-05 12:00:00,164.375
2017-01-05 13:00:00,102.30078125
2017-01-05 14:00:00,546.55078125
2017-01-05 15:00:00,250.81640625
2017-01-05 16:00:00,51.9140625
2017-01-05 17:00:00,728.62109375
2017-01-05 18:00:00,1423.1171875
2017-01-05 19:00:00,814.6328125
2017-01-05 20:00:00,816.1953125
2017-01-05 21:00:00,217.6953125
2017-01-05 22:00:00,136.38671875
2017-01-05 23:00:00,39.93359375
2017-01-06 00:00:00,75.55859375
2017-01-06 01:00:00,234.1484375
2017-01-06 02:00:00,29.150390625
2017-01-06 03:00:00,310.6484375
2017-01-06 04:00:00,585.173828125
2017-01-06 05:00:00,311.423828125
2017-01-06 06:00:00,187.728515625
2017-01-06 07:00:00,968.39453125
2017-01-06 08:00:00,540.33984375
2017-01-06 09:00:00,515.13671875
2017-01-06 10:00:00,418.16015625
2017-01-06 11:00:00,569.58203125
2017-01-06 12:00:00,19.94140625
2017-01-06 13:00:00,88.6015625
2017-01-06 14:00:00,43.140625
2017-01-06 15:00:00,377.0703125
2017-01-06 16:00:00,205.484375
2017-01-06 17:00:00,360.1875
2017-01-06 18:00:00,1144.140625
2017-01-06 19:00:00,1150.7421875
2017-01-06 20:00:00,618.11328125
2017-01-06 21:00:00,157.171875
2017-01-06 22:00:00,89.83203125
2017-01-06 23:00:00,40.2265625
2017-01-07 00:00:00,62.19921875
2017-01-07 01:00:00,183.369140625
2017-01-07 02:00:00,44.869140625
2017-01-07 03:00:00,154.521484375
2017-01-07 04:00:00,577.236328125
2017-01-07 05:00:00,467.5234375
2017-01-07 06:00:00,354.7578125
2017-01-07 07:00:00,275.80859375
2017-01-07 08:00:00,97.77734375
2017-01-07 09:00:00,221.9296875
2017-01-07 10:00:00,515.71875
2017-01-07 11:00:00,37.4375
2017-01-07 12:00:00,56.39453125
2017-01-07 13:00:00,290.33203125
2017-01-07 14:00:00,443.73828125
2017-01-07 15:00:00,351.65234375
2017-01-07 16:00:00,387.98046875
2017-01-07 17:00:00,627.046875
2017-01-07 18:00:00,1411.9609375
2017-01-07 19:00:00,679.296875
2017-01-07 20:00:00,644.36328125
2017-01-07 21:00:00,56.0859375
2017-01-07 22:00:00,116.1796875
2017-01-07 23:00:00,29.109375
2017-01-08 00:00:00,265.6015625
2017-01-08 01:00:00,529.55078125
2017-01-08 02:00:00,393.546875
2017-01-08 03:00:00,164.3125
2017-01-08 04:00:00,87.69921875
2017-01-08 05:00:00,120.9296875
2017-01-08 06:00:00,142.4296875
2017-01-08 07:00:00,23.29296875
2017-01-08 08:00:00,230.859375
2017-01-08 09:00:00,37.80078125
2017-01-08 10:00:00,349.2734375
2017-01-08 11:00:00,404.46484375
2017-01-08 12:00:00,350.98828125
2017-01-08 13:00:00,587.28515625
2017-01-08 14:00:00,348.38671875
2017-01-08 15:00:00,413.05078125
2017-01-08 16:00:00,310.7421875
2017-01-08 17:00:00,682.578125
2017-01-08 18:00:00,1830.8046875
2017-01-08 19:00:00,954.5546875
2017-01-08 20:00:00,665.19140625
2017-01-08 21:00:00,286.0703125
2017-01-08 22:00:00,323.671875
2017-01-08 23:00:00,31.8828125
2017-01-09 00:00:00,195.26953125
2017-01-09 01:00:00,825.90234375
2017-01-09 02:00:00,342.68359375
2017-01-09 03:00:00,62.16796875
2017-01-09 04:00:00,68.5234375
2017-01-09 05:00:00,98.453125
2017-01-09 06:00:00,1169.53515625
2017-01-09 07:00:00,1765.6640625
2017-01-09 08:00:00,75.703125
2017-01-09 09:00:00,8.49609375
2017-01-09 10:00:00,173.10546875
2017-01-09 11:00:00,261.53515625
2017-01-09 12:00:00,96.7578125
2017-01-09 13:00:00,206.4296875
2017-01-09 14:00:00,109.9375
2017-01-09 15:00:00,680.203125
2017-01-09 16:00:00,6.78125
2017-01-09 17:00:00,571.54296875
2017-01-09 18:00:00,1977.44921875
2017-01-09 19:00:00,939.375
2017-01-09 20:00:00,1198.453125
2017-01-09 21:00:00,404.0078125
2017-01-09 22:00:00,14.09375
2017-01-09 23:00:00,433.125
2017-01-10 00:00:00,61.02734375
2017-01-10 01:00:00,515.4140625
2017-01-10 02:00:00,82.9296875
2017-01-10 03:00:00,197.6484375
2017-01-10 04:00:00,524.97265625
2017-01-10 05:00:00,217.62109375
2017-01-10 06:00:00,344.3828125
2017-01-10 07:00:00,1466.9453125
2017-01-10 08:00:00,637.1171875
2017-01-10 09:00:00,396.79296875
2017-01-10 10:00:00,426.0
2017-01-10 11:00:00,495.0078125
2017-01-10 12:00:00,2.78125
2017-01-10 13:00:00,425.45703125
2017-01-10 14:00:00,181.0546875
2017-01-10 15:00:00,676.92578125
2017-01-10 16:00:00,523.0234375
2017-01-10 17:00:00,144.0859375
2017-01-10 18:00:00,794.18359375
2017-01-10 19:00:00,1265.7421875
2017-01-10 20:00:00,285.19921875
2017-01-10 21:00:00,885.9921875
2017-01-10 22:00:00,541.1484375
2017-01-10 23:00:00,364.640625
2017-01-11 00:00:00,607.904296875
2017-01-11 01:00:00,33.91796875
2017-01-11 02:00:00,328.171875
2017-01-11 03:00:00,695.236328125
2017-01-11 04:00:00,906.140625
2017-01-11 05:00:00,821.068359375
2017-01-11 06:00:00,112.7265625
2017-01-11 07:00:00,435.3359375
2017-01-11 08:00:00,1224.796875
2017-01-11 09:00:00,1611.015625
2017-01-11 10:00:00,710.859375
2017-01-11 11:00:00,523.015625
2017-01-11 12:00:00,129.56640625
2017-01-11 13:00:00,330.83203125
2017-01-11 14:00:00,131.53515625
2017-01-11 15:00:00,968.7578125
2017-01-11 16:00:00,427.212890625
2017-01-11 17:00:00,113.3984375
2017-01-11 18:00:00,282.875
2017-01-11 19:00:00,1496.671875
2017-01-11 20:00:00,131.10546875
2017-01-11 21:00:00,869.8515625
2017-01-11 22:00:00,604.5625
2017-01-11 23:00:00,484.04296875
2017-01-12 00:00:00,395.982421875
2017-01-12 01:00:00,141.716796875
2017-01-12 02:00:00,260.1328125
2017-01-12 03:00:00,451.36328125
2017-01-12 04:00:00,462.16796875
2017-01-12 05:00:00,356.49609375
2017-01-12 06:00:00,456.67578125
2017-01-12 07:00:00,900.85546875
2017-01-12 08:00:00,694.47265625
2017-01-12 09:00:00,1187.109375
2017-01-12 10:00:00,16.009765625
2017-01-12 11:00:00,543.6875
2017-01-12 12:00:00,157.841796875
2017-01-12 13:00:00,475.056640625
2017-01-12 14:00:00,32.56640625
2017-01-12 15:00:00,798.87890625
2017-01-12 16:00:00,538.462890625
2017-01-12 17:00:00,7.44921875
2017-01-12 18:00:00,445.3671875
2017-01-12 19:00:00,1300.50390625
2017-01-12 20:00:00,136.85546875
2017-01-12 21:00:00,681.07421875
2017-01-12 22:00:00,533.830078125
2017-01-12 23:00:00,107.564453125
2017-01-13 00:00:00,254.396484375
2017-01-13 01:00:00,93.69921875
2017-01-13 02:00:00,132.37109375
2017-01-13 03:00:00,355.330078125
2017-01-13 04:00:00,367.94921875
2017-01-13 05:00:00,361.236328125
2017-01-13 06:00:00,566.064453125
2017-01-13 07:00:00,942.0546875
2017-01-13 08:00:00,367.333984375
2017-01-13 09:00:00,837.39453125
2017-01-13 10:00:00,11.072265625
2017-01-13 11:00:00,96.822265625
2017-01-13 12:00:00,148.4140625
2017-01-13 13:00:00,35.755859375
2017-01-13 14:00:00,23.01953125
2017-01-13 15:00:00,468.904296875
2017-01-13 16:00:00,9.9375
2017-01-13 17:00:00,363.47265625
2017-01-13 18:00:00,1110.625
2017-01-13 19:00:00,864.48046875
2017-01-13 20:00:00,309.72265625
2017-01-13 21:00:00,85.3359375
2017-01-13 22:00:00,85.244140625
2017-01-13 23:00:00,164.72265625
2017-01-14 00:00:00,343.984375
2017-01-14 01:00:00,457.90234375
2017-01-14 02:00:00,526.28515625
2017-01-14 03:00:00,328.384765625
2017-01-14 04:00:00,68.52734375
2017-01-14 05:00:00,90.72265625
2017-01-14 06:00:00,235.734375
2017-01-14 07:00:00,231.64453125
2017-01-14 08:00:00,160.07421875
2017-01-14 09:00:00,213.3671875
2017-01-14 10:00:00,207.681640625
2017-01-14 11:00:00,139.96484375
2017-01-14 12:00:00,33.73828125
2017-01-14 13:00:00,403.66015625
2017-01-14 14:00:00,245.91796875
2017-01-14 15:00:00,210.85546875
2017-01-14 16:00:00,257.94140625
2017-01-14 17:00:00,369.28125
2017-01-14 18:00:00,650.71875
2017-01-14 19:00:00,918.0390625
2017-01-14 20:00:00,19.73828125
2017-01-14 21:00:00,404.1953125
2017-01-14 22:00:00,306.859375
2017-01-14 23:00:00,101.96875
2017-01-15 00:00:00,103.583984375
2017-01-15 01:00:00,75.81640625
2017-01-15 02:00:00,262.962890625
2017-01-15 03:00:00,76.52734375
2017-01-15 04:00:00,41.685546875
2017-01-15 05:00:00,72.099609375
2017-01-15 06:00:00,35.818359375
2017-01-15 07:00:00,114.916015625
2017-01-15 08:00:00,246.615234375
2017-01-15 09:00:00,311.4921875
2017-01-15 10:00:00,800.337890625
2017-01-15 11:00:00,624.130859375
2017-01-15 12:00:00,450.447265625
2017-01-15 13:00:00,437.96875
2017-01-15 14:00:00,418.734375
2017-01-15 15:00:00,172.845703125
2017-01-15 16:00:00,111.150390625
2017-01-15 17:00:00,294.240234375
2017-01-15 18:00:00,922.78125
2017-01-15 19:00:00,1037.421875
2017-01-15 20:00:00,397.0625
2017-01-15 21:00:00,276.95703125
2017-01-15 22:00:00,824.71484375
2017-01-15 23:00:00,80.861328125
2017-01-16 00:00:00,140.802734375
2017-01-16 01:00:00,148.564453125
2017-01-16 02:00:00,476.56640625
2017-01-16 03:00:00,30.5
2017-01-16 04:00:00,144.03515625
2017-01-16 05:00:00,233.783203125
2017-01-16 06:00:00,651.58984375
2017-01-16 07:00:00,1164.46484375
2017-01-16 08:00:00,463.76171875
2017-01-16 09:00:00,43.12109375
2017-01-16 10:00:00,158.45703125
2017-01-16 11:00:00,157.49609375
2017-01-16 12:00:00,110.734375
2017-01-16 13:00:00,60.4921875
2017-01-16 14:00:00,5.68359375
2017-01-16 15:00:00,61.1796875
2017-01-16 16:00:00,185.91796875
2017-01-16 17:00:00,362.671875
2017-01-16 18:00:00,1077.12890625
2017-01-16 19:00:00,1103.5546875
2017-01-16 20:00:00,226.49609375
2017-01-16 21:00:00,708.0625
2017-01-16 22:00:00,507.4375
2017-01-16 23:00:00,347.38671875
2017-01-17 00:00:00,149.88671875
2017-01-17 01:00:00,8.4453125
2017-01-17 02:00:00,249.27734375
2017-01-17 03:00:00,210.36328125
2017-01-17 04:00:00,441.701171875
2017-01-17 05:00:00,265.267578125
2017-01-17 06:00:00,551.70703125
2017-01-17 07:00:00,981.490234375
2017-01-17 08:00:00,514.1875
2017-01-17 09:00:00,759.40625
2017-01-17 10:00:00,205.25390625
2017-01-17 11:00:00,105.9921875
2017-01-17 12:00:00,328.26953125
2017-01-17 13:00:00,67.08203125
2017-01-17 14:00:00,333.46875
2017-01-17 15:00:00,660.64453125
2017-01-17 16:00:00,263.0234375
2017-01-17 17:00:00,114.2265625
2017-01-17 18:00:00,485.3203125
2017-01-17 19:00:00,907.7109375
2017-01-17 20:00:00,23.80859375
2017-01-17 21:00:00,590.78515625
2017-01-17 22:00:00,473.6875
2017-01-17 23:00:00,278.828125
2017-01-18 00:00:00,183.517578125
2017-01-18 01:00:00,61.578125
2017-01-18 02:00:00,93.4453125
2017-01-18 03:00:00,260.23828125
2017-01-18 04:00:00,304.076171875
2017-01-18 05:00:00,200.763671875
2017-01-18 06:00:00,713.37890625
2017-01-18 07:00:00,841.7421875
2017-01-18 08:00:00,552.2578125
2017-01-18 09:00:00,1155.02734375
2017-01-18 10:00:00,259.9453125
2017-01-18 11:00:00,651.57421875
2017-01-18 12:00:00,67.162109375
2017-01-18 13:00:00,416.302734375
2017-01-18 14:00:00,173.751953125
2017-01-18 15:00:00,758.375
2017-01-18 16:00:00,437.6171875
2017-01-18 17:00:00,65.91015625
2017-01-18 18:00:00,542.3671875
2017-01-18 19:00:00,994.22265625
2017-01-18 20:00:00,63.66796875
2017-01-18 21:00:00,505.33203125
2017-01-18 22:00:00,551.30859375
2017-01-18 23:00:00,317.1640625
2017-01-19 00:00:00,70.38671875
2017-01-19 01:00:00,254.48828125
2017-01-19 02:00:00,76.771484375
2017-01-19 03:00:00,78.994140625
2017-01-19 04:00:00,171.80078125
2017-01-19 05:00:00,52.974609375
2017-01-19 06:00:00,823.353515625
2017-01-19 07:00:00,1039.1328125
2017-01-19 08:00:00,490.21875
2017-01-19 09:00:00,1013.1015625
2017-01-19 10:00:00,428.314453125
2017-01-19 11:00:00,263.333984375
2017-01-19 12:00:00,138.205078125
2017-01-19 13:00:00,90.31640625
2017-01-19 14:00:00,103.23046875
2017-01-19 15:00:00,732.59375
2017-01-19 16:00:00,669.8671875
2017-01-19 17:00:00,77.78515625
2017-01-19 18:00:00,854.53125
2017-01-19 19:00:00,671.66015625
2017-01-19 20:00:00,14.0
2017-01-19 21:00:00,234.86328125
2017-01-19 22:00:00,557.0078125
2017-01-19 23:00:00,208.353515625
2017-01-20 00:00:00,88.650390625
2017-01-20 01:00:00,373.416015625
2017-01-20 02:00:00,329.072265625
2017-01-20 03:00:00,56.294921875
2017-01-20 04:00:00,101.38671875
2017-01-20 05:00:00,152.017578125
2017-01-20 06:00:00,654.3125
2017-01-20 07:00:00,1303.74609375
2017-01-20 08:00:00,206.87890625
2017-01-20 09:00:00,484.09765625
2017-01-20 10:00:00,67.88671875
2017-01-20 11:00:00,183.11328125
2017-01-20 12:00:00,176.25
2017-01-20 13:00:00,125.5078125
2017-01-20 14:00:00,32.5859375
2017-01-20 15:00:00,777.68359375
2017-01-20 16:00:00,315.828125
2017-01-20 17:00:00,178.76953125
2017-01-20 18:00:00,482.6015625
2017-01-20 19:00:00,1190.30859375
2017-01-20 20:00:00,142.41015625
2017-01-20 21:00:00,414.40234375
2017-01-20 22:00:00,417.802734375
2017-01-20 23:00:00,306.37109375
2017-01-21 00:00:00,258.498046875
2017-01-21 01:00:00,212.515625
2017-01-21 02:00:00,111.642578125
2017-01-21 03:00:00,300.140625
2017-01-21 04:00:00,443.423828125
2017-01-21 05:00:00,387.34765625
2017-01-21 06:00:00,255.306640625
2017-01-21 07:00:00,177.33203125
2017-01-21 08:00:00,261.009765625
2017-01-21 09:00:00,2.47265625
2017-01-21 10:00:00,364.876953125
2017-01-21 11:00:00,405.109375
2017-01-21 12:00:00,555.85546875
2017-01-21 13:00:00,621.126953125
2017-01-21 14:00:00,499.287109375
2017-01-21 15:00:00,333.037109375
2017-01-21 16:00:00,236.42578125
2017-01-21 17:00:00,210.125
2017-01-21 18:00:00,348.265625
2017-01-21 19:00:00,1276.591796875
2017-01-21 20:00:00,288.056640625
2017-01-21 21:00:00,570.412109375
2017-01-21 22:00:00,131.150390625
2017-01-21 23:00:00,77.173828125
2017-01-22 00:00:00,115.181640625
2017-01-22 01:00:00,98.85546875
2017-01-22 02:00:00,176.1015625
2017-01-22 03:00:00,38.751953125
2017-01-22 04:00:00,165.8359375
2017-01-22 05:00:00,329.802734375
2017-01-22 06:00:00,149.0
2017-01-22 07:00:00,159.771484375
2017-01-22 08:00:00,69.2890625
2017-01-22 09:00:00,223.240234375
2017-01-22 10:00:00,151.3515625
2017-01-22 11:00:00,104.08984375
2017-01-22 12:00:00,7.978515625
2017-01-22 13:00:00,21.94140625
2017-01-22 14:00:00,55.0546875
2017-01-22 15:00:00,18.337890625
2017-01-22 16:00:00,102.609375
2017-01-22 17:00:00,346.8671875
2017-01-22 18:00:00,756.193359375
2017-01-22 19:00:00,746.58984375
2017-01-22 20:00:00,306.236328125
2017-01-22 21:00:00,224.91796875
2017-01-22 22:00:00,505.076171875
2017-01-22 23:00:00,83.236328125
2017-01-23 00:00:00,94.869140625
2017-01-23 01:00:00,459.845703125
2017-01-23 02:00:00,381.76171875
2017-01-23 03:00:00,206.5234375
2017-01-23 04:00:00,89.662109375
2017-01-23 05:00:00,252.56640625
2017-01-23 06:00:00,1144.919921875
2017-01-23 07:00:00,1808.85546875
2017-01-23 08:00:00,501.177734375
2017-01-23 09:00:00,144.8984375
2017-01-23 10:00:00,475.69921875
2017-01-23 11:00:00,137.79296875
2017-01-23 12:00:00,259.2578125
2017-01-23 13:00:00,157.15625
2017-01-23 14:00:00,82.3671875
2017-01-23 15:00:00,151.25
2017-01-23 16:00:00,120.02734375
2017-01-23 17:00:00,704.81640625
2017-01-23 18:00:00,1298.8515625
2017-01-23 19:00:00,114.67578125
2017-01-23 20:00:00,693.2734375
2017-01-23 21:00:00,52.75
2017-01-23 22:00:00,71.7421875
2017-01-23 23:00:00,53.890625
2017-01-24 00:00:00,181.3203125
2017-01-24 01:00:00,309.345703125
2017-01-24 02:00:00,338.236328125
2017-01-24 03:00:00,77.337890625
2017-01-24 04:00:00,17.822265625
2017-01-24 05:00:00,81.998046875
2017-01-24 06:00:00,635.767578125
2017-01-24 07:00:00,1184.666015625
2017-01-24 08:00:00,576.9375
2017-01-24 09:00:00,952.55078125
2017-01-24 10:00:00,385.1171875
2017-01-24 11:00:00,493.55859375
2017-01-24 12:00:00,70.7421875
2017-01-24 13:00:00,147.65234375
2017-01-24 14:00:00,482.66015625
2017-01-24 15:00:00,436.8515625
2017-01-24 16:00:00,605.1171875
2017-01-24 17:00:00,117.234375
2017-01-24 18:00:00,813.0078125
2017-01-24 19:00:00,784.86328125
2017-01-24 20:00:00,98.3359375
2017-01-24 21:00:00,419.75
2017-01-24 22:00:00,511.23046875
2017-01-24 23:00:00,368.25390625
2017-01-25 00:00:00,47.599609375
2017-01-25 01:00:00,20.248046875
2017-01-25 02:00:00,41.3125
2017-01-25 03:00:00,79.046875
2017-01-25 04:00:00,417.3046875
2017-01-25 05:00:00,121.177734375
2017-01-25 06:00:00,637.724609375
2017-01-25 07:00:00,1057.1328125
2017-01-25 08:00:00,891.27734375
2017-01-25 09:00:00,1295.359375
2017-01-25 10:00:00,772.9921875
2017-01-25 11:00:00,300.01171875
2017-01-25 12:00:00,44.865234375
2017-01-25 13:00:00,72.935546875
2017-01-25 14:00:00,325.779296875
2017-01-25 15:00:00,706.267578125
2017-01-25 16:00:00,506.478515625
2017-01-25 17:00:00,356.173828125
2017-01-25 18:00:00,745.490234375
2017-01-25 19:00:00,804.55078125
2017-01-25 20:00:00,370.15234375
2017-01-25 21:00:00,492.09765625
2017-01-25 22:00:00,840.703125
2017-01-25 23:00:00,346.365234375
2017-01-26 00:00:00,134.197265625
2017-01-26 01:00:00,46.771484375
2017-01-26 02:00:00,74.490234375
2017-01-26 03:00:00,191.341796875
2017-01-26 04:00:00,341.697265625
2017-01-26 05:00:00,153.677734375
2017-01-26 06:00:00,609.2890625
2017-01-26 07:00:00,1019.6796875
2017-01-26 08:00:00,286.328125
2017-01-26 09:00:00,588.05078125
2017-01-26 10:00:00,116.048828125
2017-01-26 11:00:00,477.666015625
2017-01-26 12:00:00,202.703125
2017-01-26 13:00:00,330.291015625
2017-01-26 14:00:00,209.533203125
2017-01-26 15:00:00,411.849609375
2017-01-26 16:00:00,109.591796875
2017-01-26 17:00:00,24.861328125
2017-01-26 18:00:00,1047.5859375
2017-01-26 19:00:00,515.66015625
2017-01-26 20:00:00,120.54296875
2017-01-26 21:00:00,177.43359375
2017-01-26 22:00:00,663.12890625
2017-01-26 23:00:00,161.744140625
2017-01-27 00:00:00,200.361328125
2017-01-27 01:00:00,199.111328125
2017-01-27 02:00:00,403.93359375
2017-01-27 03:00:00,20.19140625
2017-01-27 04:00:00,80.47265625
2017-01-27 05:00:00,129.47265625
2017-01-27 06:00:00,779.9296875
2017-01-27 07:00:00,1296.0234375
2017-01-27 08:00:00,154.23046875
2017-01-27 09:00:00,504.67578125
2017-01-27 10:00:00,454.6796875
2017-01-27 11:00:00,365.27734375
2017-01-27 12:00:00,512.296875
2017-01-27 13:00:00,86.859375
2017-01-27 14:00:00,76.6953125
2017-01-27 15:00:00,637.21484375
2017-01-27 16:00:00,590.46875
2017-01-27 17:00:00,88.5234375
2017-01-27 18:00:00,589.953125
2017-01-27 19:00:00,599.32421875
2017-01-27 20:00:00,106.5390625
2017-01-27 21:00:00,102.16796875
2017-01-27 22:00:00,315.1796875
2017-01-27 23:00:00,103.822265625
2017-01-28 00:00:00,15.029296875
2017-01-28 01:00:00,78.96875
2017-01-28 02:00:00,169.818359375
2017-01-28 03:00:00,25.34765625
2017-01-28 04:00:00,201.265625
2017-01-28 05:00:00,274.150390625
2017-01-28 06:00:00,68.525390625
2017-01-28 07:00:00,113.26953125
2017-01-28 08:00:00,310.259765625
2017-01-28 09:00:00,155.693359375
2017-01-28 10:00:00,481.89453125
2017-01-28 11:00:00,494.36328125
2017-01-28 12:00:00,549.12109375
2017-01-28 13:00:00,732.38671875
2017-01-28 14:00:00,436.90625
2017-01-28 15:00:00,530.8828125
2017-01-28 16:00:00,437.681640625
2017-01-28 17:00:00,134.25390625
2017-01-28 18:00:00,477.103515625
2017-01-28 19:00:00,745.7890625
2017-01-28 20:00:00,650.62109375
2017-01-28 21:00:00,470.54296875
2017-01-28 22:00:00,610.34765625
2017-01-28 23:00:00,240.60546875
2017-01-29 00:00:00,136.193359375
2017-01-29 01:00:00,200.6484375
2017-01-29 02:00:00,319.623046875
2017-01-29 03:00:00,12.177734375
2017-01-29 04:00:00,119.734375
2017-01-29 05:00:00,93.67578125
2017-01-29 06:00:00,5.189453125
2017-01-29 07:00:00,1.900390625
2017-01-29 08:00:00,319.90234375
2017-01-29 09:00:00,49.357421875
2017-01-29 10:00:00,431.896484375
2017-01-29 11:00:00,344.857421875
2017-01-29 12:00:00,502.271484375
2017-01-29 13:00:00,104.84375
2017-01-29 14:00:00,75.53515625
2017-01-29 15:00:00,73.29296875
2017-01-29 16:00:00,254.490234375
2017-01-29 17:00:00,377.400390625
2017-01-29 18:00:00,931.765625
2017-01-29 19:00:00,537.3515625
2017-01-29 20:00:00,344.4453125
2017-01-29 21:00:00,545.66015625
2017-01-29 22:00:00,767.8203125
2017-01-29 23:00:00,440.662109375
2017-01-30 00:00:00,87.076171875
2017-01-30 01:00:00,221.744140625
2017-01-30 02:00:00,456.09375
2017-01-30 03:00:00,228.826171875
2017-01-30 04:00:00,114.908203125
2017-01-30 05:00:00,443.677734375
2017-01-30 06:00:00,1121.552734375
2017-01-30 07:00:00,1967.55078125
2017-01-30 08:00:00,369.0234375
2017-01-30 09:00:00,77.453125
2017-01-30 10:00:00,223.72265625
2017-01-30 11:00:00,282.84765625
2017-01-30 12:00:00,392.98046875
2017-01-30 13:00:00,372.14453125
2017-01-30 14:00:00,251.12890625
2017-01-30 15:00:00,341.33984375
2017-01-30 16:00:00,228.30078125
2017-01-30 17:00:00,414.37890625
2017-01-30 18:00:00,1541.74609375
2017-01-30 19:00:00,23.15234375
2017-01-30 20:00:00,482.12890625
2017-01-30 21:00:00,135.59765625
2017-01-30 22:00:00,360.62109375
2017-01-30 23:00:00,14.86328125
2017-01-31 00:00:00,331.419921875
2017-01-31 01:00:00,397.458984375
2017-01-31 02:00:00,354.736328125
2017-01-31 03:00:00,312.91796875
2017-01-31 04:00:00,544.634765625
2017-01-31 05:00:00,237.26171875
2017-01-31 06:00:00,513.400390625
2017-01-31 07:00:00,1282.90625
2017-01-31 08:00:00,408.76953125
2017-01-31 09:00:00,293.50390625
2017-01-31 10:00:00,57.15625
2017-01-31 11:00:00,428.18359375
2017-01-31 12:00:00,287.7109375
2017-01-31 13:00:00,243.8046875
2017-01-31 14:00:00,321.3203125
2017-01-31 15:00:00,668.890625
2017-01-31 16:00:00,361.96484375
2017-01-31 17:00:00,33.65625
2017-01-31 18:00:00,845.28515625
2017-01-31 19:00:00,562.921875
2017-01-31 20:00:00,212.7734375
2017-01-31 21:00:00,397.42578125
2017-01-31 22:00:00,742.4609375
2017-01-31 23:00:00,408.771484375
2017-02-01 00:00:00,26.6328125
2017-02-01 01:00:00,22.958984375
2017-02-01 02:00:00,4.646484375
2017-02-01 03:00:00,579.580078125
2017-02-01 04:00:00,466.58203125
2017-02-01 05:00:00,496.970703125
2017-02-01 06:00:00,455.46484375
2017-02-01 07:00:00,868.0546875
2017-02-01 08:00:00,1054.26953125
2017-02-01 09:00:00,981.15625
2017-02-01 10:00:00,697.97265625
2017-02-01 11:00:00,297.921875
2017-02-01 12:00:00,349.02734375
2017-02-01 13:00:00,361.60546875
2017-02-01 14:00:00,135.53515625
2017-02-01 15:00:00,851.484375
2017-02-01 16:00:00,696.6484375
2017-02-01 17:00:00,207.78515625
2017-02-01 18:00:00,882.11328125
2017-02-01 19:00:00,781.9453125
2017-02-01 20:00:00,198.86328125
2017-02-01 21:00:00,373.64453125
2017-02-01 22:00:00,852.98828125
2017-02-01 23:00:00,341.837890625
2017-02-02 00:00:00,123.419921875
2017-02-02 01:00:00,39.84375
2017-02-02 02:00:00,97.345703125
2017-02-02 03:00:00,259.84375
2017-02-02 04:00:00,350.2890625
2017-02-02 05:00:00,10.15625
2017-02-02 06:00:00,483.412109375
2017-02-02 07:00:00,1300.19140625
2017-02-02 08:00:00,629.50390625
2017-02-02 09:00:00,993.78515625
2017-02-02 10:00:00,839.3359375
2017-02-02 11:00:00,3.375
2017-02-02 12:00:00,138.826171875
2017-02-02 13:00:00,54.12890625
2017-02-02 14:00:00,420.1640625
2017-02-02 15:00:00,805.89453125
2017-02-02 16:00:00,445.01171875
2017-02-02 17:00:00,88.515625
2017-02-02 18:00:00,843.6171875
2017-02-02 19:00:00,13.2734375
2017-02-02 20:00:00,144.046875
2017-02-02 21:00:00,87.5703125
2017-02-02 22:00:00,621.02734375
2017-02-02 23:00:00,305.51953125
2017-02-03 00:00:00,243.11328125
2017-02-03 01:00:00,244.888671875
2017-02-03 02:00:00,377.224609375
2017-02-03 03:00:00,119.451171875
2017-02-03 04:00:00,261.234375
2017-02-03 05:00:00,53.998046875
2017-02-03 06:00:00,687.78515625
2017-02-03 07:00:00,1562.453125
2017-02-03 08:00:00,296.1875
2017-02-03 09:00:00,236.60546875
2017-02-03 10:00:00,94.07421875
2017-02-03 11:00:00,267.765625
2017-02-03 12:00:00,196.58984375
2017-02-03 13:00:00,133.59375
2017-02-03 14:00:00,21.359375
2017-02-03 15:00:00,109.84765625
2017-02-03 16:00:00,70.28515625
2017-02-03 17:00:00,74.89453125
2017-02-03 18:00:00,957.12109375
2017-02-03 19:00:00,453.7734375
2017-02-03 20:00:00,17.1171875
2017-02-03 21:00:00,177.91796875
2017-02-03 22:00:00,293.76953125
2017-02-03 23:00:00,105.0234375
2017-02-04 00:00:00,84.26171875
2017-02-04 01:00:00,130.671875
2017-02-04 02:00:00,156.859375
2017-02-04 03:00:00,303.861328125
2017-02-04 04:00:00,544.310546875
2017-02-04 05:00:00,569.265625
2017-02-04 06:00:00,310.12109375
2017-02-04 07:00:00,134.75390625
2017-02-04 08:00:00,437.25
2017-02-04 09:00:00,668.38671875
2017-02-04 10:00:00,688.95703125
2017-02-04 11:00:00,578.1328125
2017-02-04 12:00:00,578.9296875
2017-02-04 13:00:00,393.724609375
2017-02-04 14:00:00,474.22265625
2017-02-04 15:00:00,312.892578125
2017-02-04 16:00:00,322.208984375
2017-02-04 17:00:00,212.23828125
2017-02-04 18:00:00,501.375
2017-02-04 19:00:00,639.90625
2017-02-04 20:00:00,850.20703125
2017-02-04 21:00:00,361.51953125
2017-02-04 22:00:00,767.125
2017-02-04 23:00:00,313.04296875
2017-02-05 00:00:00,211.701171875
2017-02-05 01:00:00,81.203125
2017-02-05 02:00:00,99.4375
2017-02-05 03:00:00,417.828125
2017-02-05 04:00:00,494.77734375
2017-02-05 05:00:00,512.640625
2017-02-05 06:00:00,428.40625
2017-02-05 07:00:00,216.013671875
2017-02-05 08:00:00,394.513671875
2017-02-05 09:00:00,186.861328125
2017-02-05 10:00:00,358.4921875
2017-02-05 11:00:00,667.04296875
2017-02-05 12:00:00,291.361328125
2017-02-05 13:00:00,322.681640625
2017-02-05 14:00:00,321.564453125
2017-02-05 15:00:00,464.6796875
2017-02-05 16:00:00,357.08984375
2017-02-05 17:00:00,116.17578125
2017-02-05 18:00:00,571.57421875
2017-02-05 19:00:00,934.265625
2017-02-05 20:00:00,1211.8828125
2017-02-05 21:00:00,127.056640625
2017-02-05 22:00:00,793.25390625
2017-02-05 23:00:00,443.376953125
2017-02-06 00:00:00,89.154296875
2017-02-06 01:00:00,368.69140625
2017-02-06 02:00:00,421.73828125
2017-02-06 03:00:00,24.865234375
2017-02-06 04:00:00,86.0859375
2017-02-06 05:00:00,320.638671875
2017-02-06 06:00:00,986.9375
2017-02-06 07:00:00,1550.640625
2017-02-06 08:00:00,422.87890625
2017-02-06 09:00:00,1199.65625
2017-02-06 10:00:00,609.2578125
2017-02-06 11:00:00,261.150390625
2017-02-06 12:00:00,140.05078125
2017-02-06 13:00:00,129.111328125
2017-02-06 14:00:00,172.28515625
2017-02-06 15:00:00,687.001953125
2017-02-06 16:00:00,242.185546875
2017-02-06 17:00:00,166.548828125
2017-02-06 18:00:00,967.03515625
2017-02-06 19:00:00,75.0546875
2017-02-06 20:00:00,467.5
2017-02-06 21:00:00,169.0390625
2017-02-06 22:00:00,1011.04296875
2017-02-06 23:00:00,257.919921875
2017-02-07 00:00:00,141.302734375
2017-02-07 01:00:00,271.90625
2017-02-07 02:00:00,23.177734375
2017-02-07 03:00:00,111.123046875
2017-02-07 04:00:00,456.791015625
2017-02-07 05:00:00,194.861328125
2017-02-07 06:00:00,679.576171875
2017-02-07 07:00:00,1098.48046875
2017-02-07 08:00:00,447.0859375
2017-02-07 09:00:00,732.1328125
2017-02-07 10:00:00,230.419921875
2017-02-07 11:00:00,230.8359375
2017-02-07 12:00:00,185.98046875
2017-02-07 13:00:00,44.1015625
2017-02-07 14:00:00,225.55859375
2017-02-07 15:00:00,636.349609375
2017-02-07 16:00:00,468.25
2017-02-07 17:00:00,51.546875
2017-02-07 18:00:00,555.5625
2017-02-07 19:00:00,289.25390625
2017-02-07 20:00:00,484.99609375
2017-02-07 21:00:00,385.9921875
2017-02-07 22:00:00,825.939453125
2017-02-07 23:00:00,275.259765625
2017-02-08 00:00:00,143.865234375
2017-02-08 01:00:00,11.21484375
2017-02-08 02:00:00,19.251953125
2017-02-08 03:00:00,275.2734375
2017-02-08 04:00:00,342.7578125
2017-02-08 05:00:00,180.751953125
2017-02-08 06:00:00,564.53515625
2017-02-08 07:00:00,1010.134765625
2017-02-08 08:00:00,929.322265625
2017-02-08 09:00:00,976.384765625
2017-02-08 10:00:00,262.443359375
2017-02-08 11:00:00,356.66796875
2017-02-08 12:00:00,46.90625
2017-02-08 13:00:00,100.29296875
2017-02-08 14:00:00,265.30859375
2017-02-08 15:00:00,495.8203125
2017-02-08 16:00:00,421.900390625
2017-02-08 17:00:00,264.130859375
2017-02-08 18:00:00,605.642578125
2017-02-08 19:00:00,127.0
2017-02-08 20:00:00,607.34765625
2017-02-08 21:00:00,59.00390625
2017-02-08 22:00:00,600.44921875
2017-02-08 23:00:00,182.927734375
2017-02-09 00:00:00,26.23046875
2017-02-09 01:00:00,337.2734375
2017-02-09 02:00:00,342.271484375
2017-02-09 03:00:00,45.765625
2017-02-09 04:00:00,244.583984375
2017-02-09 05:00:00,63.029296875
2017-02-09 06:00:00,831.37109375
2017-02-09 07:00:00,1025.98828125
2017-02-09 08:00:00,457.21875
2017-02-09 09:00:00,647.23046875
2017-02-09 10:00:00,467.234375
2017-02-09 11:00:00,156.65234375
2017-02-09 12:00:00,192.71875
2017-02-09 13:00:00,122.5078125
2017-02-09 14:00:00,173.00390625
2017-02-09 15:00:00,104.9453125
2017-02-09 16:00:00,26.26953125
2017-02-09 17:00:00,1026.73828125
2017-02-09 18:00:00,2148.65234375
2017-02-09 19:00:00,1019.46875
2017-02-09 20:00:00,661.99609375
2017-02-09 21:00:00,944.40625
2017-02-09 22:00:00,80.01171875
2017-02-09 23:00:00,491.953125
2017-02-10 00:00:00,842.84375
2017-02-10 01:00:00,873.20703125
2017-02-10 02:00:00,865.6796875
2017-02-10 03:00:00,292.57421875
2017-02-10 04:00:00,149.1875
2017-02-10 05:00:00,185.68359375
2017-02-10 06:00:00,656.46484375
2017-02-10 07:00:00,1472.578125
2017-02-10 08:00:00,408.8515625
2017-02-10 09:00:00,310.484375
2017-02-10 10:00:00,663.59765625
2017-02-10 11:00:00,49.140625
2017-02-10 12:00:00,109.8046875
2017-02-10 13:00:00,185.96484375
2017-02-10 14:00:00,99.359375
2017-02-10 15:00:00,210.47265625
2017-02-10 16:00:00,405.140625
2017-02-10 17:00:00,182.390625
2017-02-10 18:00:00,466.609375
2017-02-10 19:00:00,520.203125
2017-02-10 20:00:00,564.8984375
2017-02-10 21:00:00,178.08203125
2017-02-10 22:00:00,552.03515625
2017-02-10 23:00:00,307.72265625
2017-02-11 00:00:00,275.48046875
2017-02-11 01:00:00,176.0234375
2017-02-11 02:00:00,213.34375
2017-02-11 03:00:00,589.705078125
2017-02-11 04:00:00,765.513671875
2017-02-11 05:00:00,915.84765625
2017-02-11 06:00:00,457.103515625
2017-02-11 07:00:00,397.947265625
2017-02-11 08:00:00,639.29296875
2017-02-11 09:00:00,275.80078125
2017-02-11 10:00:00,1068.65234375
2017-02-11 11:00:00,705.796875
2017-02-11 12:00:00,358.349609375
2017-02-11 13:00:00,992.99609375
2017-02-11 14:00:00,208.806640625
2017-02-11 15:00:00,735.21875
2017-02-11 16:00:00,773.470703125
2017-02-11 17:00:00,240.1328125
2017-02-11 18:00:00,154.302734375
2017-02-11 19:00:00,824.296875
2017-02-11 20:00:00,1189.91796875
2017-02-11 21:00:00,542.14453125
2017-02-11 22:00:00,667.072265625
2017-02-11 23:00:00,330.546875
2017-02-12 00:00:00,64.865234375
2017-02-12 01:00:00,79.779296875
2017-02-12 02:00:00,190.140625
2017-02-12 03:00:00,213.626953125
2017-02-12 04:00:00,188.87109375
2017-02-12 05:00:00,242.544921875
2017-02-12 06:00:00,147.390625
2017-02-12 07:00:00,1.4375
2017-02-12 08:00:00,134.60546875
2017-02-12 09:00:00,590.4453125
2017-02-12 10:00:00,66.646484375
2017-02-12 11:00:00,13.5546875
2017-02-12 12:00:00,51.046875
2017-02-12 13:00:00,320.828125
2017-02-12 14:00:00,276.041015625
2017-02-12 15:00:00,308.8203125
2017-02-12 16:00:00,24.236328125
2017-02-12 17:00:00,303.056640625
2017-02-12 18:00:00,483.1796875
2017-02-12 19:00:00,72.96484375
2017-02-12 20:00:00,409.43359375
2017-02-12 21:00:00,302.5625
2017-02-12 22:00:00,781.353515625
2017-02-12 23:00:00,72.310546875
2017-02-13 00:00:00,87.240234375
2017-02-13 01:00:00,979.13671875
2017-02-13 02:00:00,405.41796875
2017-02-13 03:00:00,596.349609375
2017-02-13 04:00:00,319.26171875
2017-02-13 05:00:00,592.30859375
2017-02-13 06:00:00,1326.380859375
2017-02-13 07:00:00,1907.4296875
2017-02-13 08:00:00,90.30078125
2017-02-13 09:00:00,313.86328125
2017-02-13 10:00:00,399.23046875
2017-02-13 11:00:00,126.734375
2017-02-13 12:00:00,120.6015625
2017-02-13 13:00:00,100.16796875
2017-02-13 14:00:00,82.69921875
2017-02-13 15:00:00,611.2578125
2017-02-13 16:00:00,21.5546875
2017-02-13 17:00:00,106.02734375
2017-02-13 18:00:00,1146.40625
2017-02-13 19:00:00,668.5078125
2017-02-13 20:00:00,187.75390625
2017-02-13 21:00:00,477.0390625
2017-02-13 22:00:00,674.80078125
2017-02-13 23:00:00,8.2734375
2017-02-14 00:00:00,189.953125
2017-02-14 01:00:00,292.55078125
2017-02-14 02:00:00,292.849609375
2017-02-14 03:00:00,162.75390625
2017-02-14 04:00:00,376.658203125
2017-02-14 05:00:00,127.10546875
2017-02-14 06:00:00,470.77734375
2017-02-14 07:00:00,1400.6796875
2017-02-14 08:00:00,916.66796875
2017-02-14 09:00:00,551.09375
2017-02-14 10:00:00,422.19140625
2017-02-14 11:00:00,83.53125
2017-02-14 12:00:00,79.1171875
2017-02-14 13:00:00,388.171875
2017-02-14 14:00:00,178.375
2017-02-14 15:00:00,868.49609375
2017-02-14 16:00:00,224.015625
2017-02-14 17:00:00,138.875
2017-02-14 18:00:00,403.58984375
2017-02-14 19:00:00,108.9453125
2017-02-14 20:00:00,933.87109375
2017-02-14 21:00:00,126.04296875
2017-02-14 22:00:00,961.3671875
2017-02-14 23:00:00,559.056640625
2017-02-15 00:00:00,143.2734375
2017-02-15 01:00:00,6.380859375
2017-02-15 02:00:00,38.32421875
2017-02-15 03:00:00,384.46875
2017-02-15 04:00:00,462.283203125
2017-02-15 05:00:00,331.7109375
2017-02-15 06:00:00,435.40234375
2017-02-15 07:00:00,1122.04296875
2017-02-15 08:00:00,981.71484375
2017-02-15 09:00:00,621.48046875
2017-02-15 10:00:00,494.19140625
2017-02-15 11:00:00,365.0390625
2017-02-15 12:00:00,272.05078125
2017-02-15 13:00:00,259.66796875
2017-02-15 14:00:00,90.095703125
2017-02-15 15:00:00,63.208984375
2017-02-15 16:00:00,466.826171875
2017-02-15 17:00:00,144.51953125
2017-02-15 18:00:00,616.05078125
2017-02-15 19:00:00,238.41796875
2017-02-15 20:00:00,507.7265625
2017-02-15 21:00:00,133.92578125
2017-02-15 22:00:00,929.57421875
2017-02-15 23:00:00,160.32421875
2017-02-16 00:00:00,91.822265625
2017-02-16 01:00:00,200.28125
2017-02-16 02:00:00,227.708984375
2017-02-16 03:00:00,109.9609375
2017-02-16 04:00:00,383.62890625
2017-02-16 05:00:00,150.158203125
2017-02-16 06:00:00,723.837890625
2017-02-16 07:00:00,1357.5
2017-02-16 08:00:00,725.59375
2017-02-16 09:00:00,572.7421875
2017-02-16 10:00:00,296.828125
2017-02-16 11:00:00,92.64453125
2017-02-16 12:00:00,187.4375
2017-02-16 13:00:00,121.34765625
2017-02-16 14:00:00,196.4609375
2017-02-16 15:00:00,572.0
2017-02-16 16:00:00,424.66015625
2017-02-16 17:00:00,161.40625
2017-02-16 18:00:00,895.52734375
2017-02-16 19:00:00,629.19921875
2017-02-16 20:00:00,327.03515625
2017-02-16 21:00:00,382.94921875
2017-02-16 22:00:00,687.42578125
2017-02-16 23:00:00,171.1796875
2017-02-17 00:00:00,245.107421875
2017-02-17 01:00:00,233.98046875
2017-02-17 02:00:00,383.91015625
2017-02-17 03:00:00,286.068359375
2017-02-17 04:00:00,469.08984375
2017-02-17 05:00:00,191.91796875
2017-02-17 06:00:00,405.95703125
2017-02-17 07:00:00,1101.54296875
2017-02-17 08:00:00,739.28515625
2017-02-17 09:00:00,704.125
2017-02-17 10:00:00,517.3515625
2017-02-17 11:00:00,364.89453125
2017-02-17 12:00:00,313.05078125
2017-02-17 13:00:00,91.72265625
2017-02-17 14:00:00,390.4296875
2017-02-17 15:00:00,530.634765625
2017-02-17 16:00:00,659.853515625
2017-02-17 17:00:00,261.728515625
2017-02-17 18:00:00,93.359375
2017-02-17 19:00:00,21.67578125
2017-02-17 20:00:00,1276.31640625
2017-02-17 21:00:00,133.2421875
2017-02-17 22:00:00,862.69140625
2017-02-17 23:00:00,445.150390625
2017-02-18 00:00:00,173.701171875
2017-02-18 01:00:00,91.046875
2017-02-18 02:00:00,12.1484375
2017-02-18 03:00:00,425.76953125
2017-02-18 04:00:00,544.953125
2017-02-18 05:00:00,567.05859375
2017-02-18 06:00:00,373.056640625
2017-02-18 07:00:00,235.671875
2017-02-18 08:00:00,785.490234375
2017-02-18 09:00:00,797.287109375
2017-02-18 10:00:00,769.830078125
2017-02-18 11:00:00,349.0625
2017-02-18 12:00:00,285.568359375
2017-02-18 13:00:00,198.671875
2017-02-18 14:00:00,251.5703125
2017-02-18 15:00:00,392.54296875
2017-02-18 16:00:00,265.037109375
2017-02-18 17:00:00,187.85546875
2017-02-18 18:00:00,215.59375
2017-02-18 19:00:00,19.689453125
2017-02-18 20:00:00,1630.46484375
2017-02-18 21:00:00,17.6171875
2017-02-18 22:00:00,628.701171875
2017-02-18 23:00:00,138.361328125
2017-02-19 00:00:00,110.583984375
2017-02-19 01:00:00,246.419921875
2017-02-19 02:00:00,163.216796875
2017-02-19 03:00:00,531.21875
2017-02-19 04:00:00,590.958984375
2017-02-19 05:00:00,699.673828125
2017-02-19 06:00:00,558.732421875
2017-02-19 07:00:00,361.2265625
2017-02-19 08:00:00,625.314453125
2017-02-19 09:00:00,192.185546875
2017-02-19 10:00:00,463.490234375
2017-02-19 11:00:00,346.498046875
2017-02-19 12:00:00,307.962890625
2017-02-19 13:00:00,76.13671875
2017-02-19 14:00:00,265.66015625
2017-02-19 15:00:00,359.3828125
2017-02-19 16:00:00,103.154296875
2017-02-19 17:00:00,229.80859375
2017-02-19 18:00:00,379.0390625
2017-02-19 19:00:00,645.03515625
2017-02-19 20:00:00,1151.689453125
2017-02-19 21:00:00,248.19921875
2017-02-19 22:00:00,344.1484375
2017-02-19 23:00:00,239.333984375
2017-02-20 00:00:00,422.78125
2017-02-20 01:00:00,98.681640625
2017-02-20 02:00:00,186.26171875
2017-02-20 03:00:00,97.8515625
2017-02-20 04:00:00,139.583984375
2017-02-20 05:00:00,32.37890625
2017-02-20 06:00:00,391.271484375
2017-02-20 07:00:00,520.857421875
2017-02-20 08:00:00,183.291015625
2017-02-20 09:00:00,58.998046875
2017-02-20 10:00:00,357.546875
2017-02-20 11:00:00,519.45703125
2017-02-20 12:00:00,349.66015625
2017-02-20 13:00:00,489.55078125
2017-02-20 14:00:00,426.6328125
2017-02-20 15:00:00,185.533203125
2017-02-20 16:00:00,239.076171875
2017-02-20 17:00:00,616.359375
2017-02-20 18:00:00,855.84375
2017-02-20 19:00:00,1191.3515625
2017-02-20 20:00:00,346.4296875
2017-02-20 21:00:00,361.84375
2017-02-20 22:00:00,468.1796875
2017-02-20 23:00:00,164.435546875
2017-02-21 00:00:00,537.787109375
2017-02-21 01:00:00,527.232421875
2017-02-21 02:00:00,693.94140625
2017-02-21 03:00:00,441.681640625
2017-02-21 04:00:00,57.5546875
2017-02-21 05:00:00,511.490234375
2017-02-21 06:00:00,1081.53125
2017-02-21 07:00:00,1691.6640625
2017-02-21 08:00:00,178.09375
2017-02-21 09:00:00,388.9296875
2017-02-21 10:00:00,246.271484375
2017-02-21 11:00:00,132.013671875
2017-02-21 12:00:00,417.96484375
2017-02-21 13:00:00,193.296875
2017-02-21 14:00:00,21.4921875
2017-02-21 15:00:00,277.791015625
2017-02-21 16:00:00,78.2109375
2017-02-21 17:00:00,134.15625
2017-02-21 18:00:00,630.90234375
2017-02-21 19:00:00,643.73828125
2017-02-21 20:00:00,539.0546875
2017-02-21 21:00:00,144.55078125
2017-02-21 22:00:00,741.0625
2017-02-21 23:00:00,63.845703125
2017-02-22 00:00:00,141.30859375
2017-02-22 01:00:00,10.103515625
2017-02-22 02:00:00,265.703125
2017-02-22 03:00:00,154.046875
2017-02-22 04:00:00,290.03125
2017-02-22 05:00:00,15.00390625
2017-02-22 06:00:00,650.3203125
2017-02-22 07:00:00,1093.71875
2017-02-22 08:00:00,666.265625
2017-02-22 09:00:00,421.681640625
2017-02-22 10:00:00,434.38671875
2017-02-22 11:00:00,26.66796875
2017-02-22 12:00:00,308.267578125
2017-02-22 13:00:00,78.01171875
2017-02-22 14:00:00,121.16796875
2017-02-22 15:00:00,539.978515625
2017-02-22 16:00:00,258.1484375
2017-02-22 17:00:00,86.916015625
2017-02-22 18:00:00,176.26171875
2017-02-22 19:00:00,421.341796875
2017-02-22 20:00:00,901.12890625
2017-02-22 21:00:00,11.560546875
2017-02-22 22:00:00,674.03515625
2017-02-22 23:00:00,208.83984375
2017-02-23 00:00:00,152.734375
2017-02-23 01:00:00,39.041015625
2017-02-23 02:00:00,114.140625
2017-02-23 03:00:00,212.2421875
2017-02-23 04:00:00,300.1796875
2017-02-23 05:00:00,162.42578125
2017-02-23 06:00:00,470.166015625
2017-02-23 07:00:00,975.09375
2017-02-23 08:00:00,816.21484375
2017-02-23 09:00:00,662.64453125
2017-02-23 10:00:00,155.572265625
2017-02-23 11:00:00,49.025390625
2017-02-23 12:00:00,91.810546875
2017-02-23 13:00:00,100.859375
2017-02-23 14:00:00,305.400390625
2017-02-23 15:00:00,361.365234375
2017-02-23 16:00:00,160.1328125
2017-02-23 17:00:00,204.2734375
2017-02-23 18:00:00,185.892578125
2017-02-23 19:00:00,588.318359375
2017-02-23 20:00:00,985.962890625
2017-02-23 21:00:00,257.78125
2017-02-23 22:00:00,568.28125
2017-02-23 23:00:00,211.544921875
2017-02-24 00:00:00,50.072265625
2017-02-24 01:00:00,264.69921875
2017-02-24 02:00:00,99.701171875
2017-02-24 03:00:00,608.205078125
2017-02-24 04:00:00,570.046875
2017-02-24 05:00:00,581.2578125
2017-02-24 06:00:00,349.2109375
2017-02-24 07:00:00,510.388671875
2017-02-24 08:00:00,1108.80859375
2017-02-24 09:00:00,368.865234375
2017-02-24 10:00:00,130.720703125
2017-02-24 11:00:00,321.12109375
2017-02-24 12:00:00,449.7578125
2017-02-24 13:00:00,121.998046875
2017-02-24 14:00:00,214.94140625
2017-02-24 15:00:00,397.185546875
2017-02-24 16:00:00,287.330078125
2017-02-24 17:00:00,139.8125
2017-02-24 18:00:00,72.453125
2017-02-24 19:00:00,639.92578125
2017-02-24 20:00:00,1014.146484375
2017-02-24 21:00:00,386.6875
2017-02-24 22:00:00,218.55859375
2017-02-24 23:00:00,135.158203125
2017-02-25 00:00:00,83.63671875
2017-02-25 01:00:00,250.51953125
2017-02-25 02:00:00,211.154296875
2017-02-25 03:00:00,653.31640625
2017-02-25 04:00:00,790.16796875
2017-02-25 05:00:00,782.89453125
2017-02-25 06:00:00,647.330078125
2017-02-25 07:00:00,566.869140625
2017-02-25 08:00:00,513.44921875
2017-02-25 09:00:00,162.09765625
2017-02-25 10:00:00,571.634765625
2017-02-25 11:00:00,46.064453125
2017-02-25 12:00:00,68.810546875
2017-02-25 13:00:00,14.345703125
2017-02-25 14:00:00,27.44140625
2017-02-25 15:00:00,23.599609375
2017-02-25 16:00:00,132.310546875
2017-02-25 17:00:00,280.5625
2017-02-25 18:00:00,325.1328125
2017-02-25 19:00:00,29.75390625
2017-02-25 20:00:00,662.123046875
2017-02-25 21:00:00,216.919921875
2017-02-25 22:00:00,4.5859375
2017-02-25 23:00:00,303.314453125
2017-02-26 00:00:00,413.1796875
2017-02-26 01:00:00,112.40234375
2017-02-26 02:00:00,307.6484375
2017-02-26 03:00:00,44.16796875
2017-02-26 04:00:00,22.8671875
2017-02-26 05:00:00,162.599609375
2017-02-26 06:00:00,46.552734375
2017-02-26 07:00:00,159.197265625
2017-02-26 08:00:00,13.99609375
2017-02-26 09:00:00,511.267578125
2017-02-26 10:00:00,62.40625
2017-02-26 11:00:00,80.2890625
2017-02-26 12:00:00,187.5078125
2017-02-26 13:00:00,26.7421875
2017-02-26 14:00:00,368.517578125
2017-02-26 15:00:00,225.6796875
2017-02-26 16:00:00,490.73046875
2017-02-26 17:00:00,744.638671875
2017-02-26 18:00:00,1009.0078125
2017-02-26 19:00:00,1483.958984375
2017-02-26 20:00:00,145.576171875
2017-02-26 21:00:00,443.86328125
2017-02-26 22:00:00,290.009765625
2017-02-26 23:00:00,94.017578125
2017-02-27 00:00:00,688.18359375
2017-02-27 01:00:00,797.41015625
2017-02-27 02:00:00,893.412109375
2017-02-27 03:00:00,615.60546875
2017-02-27 04:00:00,396.75
2017-02-27 05:00:00,704.49609375
2017-02-27 06:00:00,1366.26171875
2017-02-27 07:00:00,2061.5546875
2017-02-27 08:00:00,56.49609375
2017-02-27 09:00:00,133.1796875
2017-02-27 10:00:00,400.2578125
2017-02-27 11:00:00,221.33203125
2017-02-27 12:00:00,186.671875
2017-02-27 13:00:00,504.54296875
2017-02-27 14:00:00,593.1953125
2017-02-27 15:00:00,389.990234375
2017-02-27 16:00:00,324.1484375
2017-02-27 17:00:00,129.541015625
2017-02-27 18:00:00,235.4453125
2017-02-27 19:00:00,569.328125
2017-02-27 20:00:00,803.3828125
2017-02-27 21:00:00,9.84765625
2017-02-27 22:00:00,771.78515625
2017-02-27 23:00:00,510.16015625
2017-02-28 00:00:00,55.5234375
2017-02-28 01:00:00,32.861328125
2017-02-28 02:00:00,306.103515625
2017-02-28 03:00:00,68.14453125
2017-02-28 04:00:00,486.890625
2017-02-28 05:00:00,30.91796875
2017-02-28 06:00:00,591.609375
2017-02-28 07:00:00,923.015625
2017-02-28 08:00:00,1026.841796875
2017-02-28 09:00:00,1220.75390625
2017-02-28 10:00:00,182.1640625
2017-02-28 11:00:00,141.544921875
2017-02-28 12:00:00,329.3359375
2017-02-28 13:00:00,128.0390625
2017-02-28 14:00:00,13.306640625
2017-02-28 15:00:00,466.21484375
2017-02-28 16:00:00,641.74609375
2017-02-28 17:00:00,32.0
2017-02-28 18:00:00,183.138671875
2017-02-28 19:00:00,53.29296875
2017-02-28 20:00:00,715.45703125
2017-02-28 21:00:00,140.177734375
2017-02-28 22:00:00,713.484375
2017-02-28 23:00:00,36.0390625
2017-03-01 00:00:00,239.2421875
2017-03-01 01:00:00,68.919921875
2017-03-01 02:00:00,199.08203125
2017-03-01 03:00:00,480.611328125
2017-03-01 04:00:00,589.328125
2017-03-01 05:00:00,385.259765625
2017-03-01 06:00:00,462.296875
2017-03-01 07:00:00,672.634765625
2017-03-01 08:00:00,694.345703125
2017-03-01 09:00:00,207.640625
2017-03-01 10:00:00,168.748046875
2017-03-01 11:00:00,274.96875
2017-03-01 12:00:00,111.337890625
2017-03-01 13:00:00,26.822265625
2017-03-01 14:00:00,357.017578125
2017-03-01 15:00:00,586.708984375
2017-03-01 16:00:00,1.849609375
2017-03-01 17:00:00,374.03125
2017-03-01 18:00:00,338.45703125
2017-03-01 19:00:00,354.150390625
2017-03-01 20:00:00,682.443359375
2017-03-01 21:00:00,185.865234375
2017-03-01 22:00:00,543.16796875
2017-03-01 23:00:00,13.865234375
2017-03-02 00:00:00,46.283203125
2017-03-02 01:00:00,65.298828125
2017-03-02 02:00:00,7.64453125
2017-03-02 03:00:00,302.50390625
2017-03-02 04:00:00,470.603515625
2017-03-02 05:00:00,121.17578125
2017-03-02 06:00:00,604.69921875
2017-03-02 07:00:00,996.38671875
2017-03-02 08:00:00,707.830078125
2017-03-02 09:00:00,678.328125
2017-03-02 10:00:00,82.203125
2017-03-02 11:00:00,265.724609375
2017-03-02 12:00:00,191.201171875
2017-03-02 13:00:00,37.0234375
2017-03-02 14:00:00,33.845703125
2017-03-02 15:00:00,410.654296875
2017-03-02 16:00:00,212.6015625
2017-03-02 17:00:00,324.00390625
2017-03-02 18:00:00,561.923828125
2017-03-02 19:00:00,1367.546875
2017-03-02 20:00:00,202.86328125
2017-03-02 21:00:00,554.189453125
2017-03-02 22:00:00,141.181640625
2017-03-02 23:00:00,371.73828125
2017-03-03 00:00:00,776.248046875
2017-03-03 01:00:00,678.978515625
2017-03-03 02:00:00,622.115234375
2017-03-03 03:00:00,641.576171875
2017-03-03 04:00:00,50.919921875
2017-03-03 05:00:00,499.216796875
2017-03-03 06:00:00,1094.0859375
2017-03-03 07:00:00,1478.453125
2017-03-03 08:00:00,421.73046875
2017-03-03 09:00:00,501.1640625
2017-03-03 10:00:00,143.796875
2017-03-03 11:00:00,88.466796875
2017-03-03 12:00:00,336.580078125
2017-03-03 13:00:00,116.169921875
2017-03-03 14:00:00,290.982421875
2017-03-03 15:00:00,464.251953125
2017-03-03 16:00:00,566.876953125
2017-03-03 17:00:00,110.4296875
2017-03-03 18:00:00,495.80078125
2017-03-03 19:00:00,837.1953125
2017-03-03 20:00:00,560.0078125
2017-03-03 21:00:00,304.1640625
2017-03-03 22:00:00,415.140625
2017-03-03 23:00:00,320.89453125
2017-03-04 00:00:00,199.6171875
2017-03-04 01:00:00,168.73046875
2017-03-04 02:00:00,337.71484375
2017-03-04 03:00:00,20.166015625
2017-03-04 04:00:00,273.517578125
2017-03-04 05:00:00,228.62109375
2017-03-04 06:00:00,61.08984375
2017-03-04 07:00:00,225.7890625
2017-03-04 08:00:00,445.2734375
2017-03-04 09:00:00,547.51171875
2017-03-04 10:00:00,13.8046875
2017-03-04 11:00:00,427.37890625
2017-03-04 12:00:00,526.716796875
2017-03-04 13:00:00,429.349609375
2017-03-04 14:00:00,572.109375
2017-03-04 15:00:00,272.462890625
2017-03-04 16:00:00,388.728515625
2017-03-04 17:00:00,23.24609375
2017-03-04 18:00:00,197.96484375
2017-03-04 19:00:00,868.5625
2017-03-04 20:00:00,1068.99609375
2017-03-04 21:00:00,39.0859375
2017-03-04 22:00:00,823.3125
2017-03-04 23:00:00,275.25390625
2017-03-05 00:00:00,19.783203125
2017-03-05 01:00:00,31.318359375
2017-03-05 02:00:00,340.365234375
2017-03-05 03:00:00,196.54296875
2017-03-05 04:00:00,217.130859375
2017-03-05 05:00:00,286.59375
2017-03-05 06:00:00,127.81640625
2017-03-05 07:00:00,156.7265625
2017-03-05 08:00:00,512.8359375
2017-03-05 09:00:00,531.546875
2017-03-05 10:00:00,462.1953125
2017-03-05 11:00:00,325.361328125
2017-03-05 12:00:00,219.244140625
2017-03-05 13:00:00,309.87890625
2017-03-05 14:00:00,417.6328125
2017-03-05 15:00:00,315.544921875
2017-03-05 16:00:00,223.68359375
2017-03-05 17:00:00,74.755859375
2017-03-05 18:00:00,378.314453125
2017-03-05 19:00:00,958.84375
2017-03-05 20:00:00,959.94921875
2017-03-05 21:00:00,340.66796875
2017-03-05 22:00:00,1146.18359375
2017-03-05 23:00:00,882.19140625
2017-03-06 00:00:00,301.447265625
2017-03-06 01:00:00,50.591796875
2017-03-06 02:00:00,75.17578125
2017-03-06 03:00:00,112.203125
2017-03-06 04:00:00,490.234375
2017-03-06 05:00:00,31.46484375
2017-03-06 06:00:00,521.734375
2017-03-06 07:00:00,1472.80859375
2017-03-06 08:00:00,815.25
2017-03-06 09:00:00,913.50390625
2017-03-06 10:00:00,385.14453125
2017-03-06 11:00:00,24.01171875
2017-03-06 12:00:00,339.28125
2017-03-06 13:00:00,128.271484375
2017-03-06 14:00:00,101.427734375
2017-03-06 15:00:00,534.333984375
2017-03-06 16:00:00,304.765625
2017-03-06 17:00:00,113.595703125
2017-03-06 18:00:00,19.83203125
2017-03-06 19:00:00,413.0703125
2017-03-06 20:00:00,1199.140625
2017-03-06 21:00:00,263.65625
2017-03-06 22:00:00,1258.01953125
2017-03-06 23:00:00,549.947265625
2017-03-07 00:00:00,135.638671875
2017-03-07 01:00:00,239.8046875
2017-03-07 02:00:00,237.619140625
2017-03-07 03:00:00,340.08203125
2017-03-07 04:00:00,682.2734375
2017-03-07 05:00:00,276.927734375
2017-03-07 06:00:00,471.15625
2017-03-07 07:00:00,812.876953125
2017-03-07 08:00:00,795.3046875
2017-03-07 09:00:00,370.794921875
2017-03-07 10:00:00,370.236328125
2017-03-07 11:00:00,387.9140625
2017-03-07 12:00:00,58.5390625
2017-03-07 13:00:00,324.833984375
2017-03-07 14:00:00,196.44921875
2017-03-07 15:00:00,506.8125
2017-03-07 16:00:00,350.115234375
2017-03-07 17:00:00,429.876953125
2017-03-07 18:00:00,76.48046875
2017-03-07 19:00:00,472.3125
2017-03-07 20:00:00,1030.828125
2017-03-07 21:00:00,100.8203125
2017-03-07 22:00:00,766.12890625
2017-03-07 23:00:00,343.474609375
2017-03-08 00:00:00,90.6171875
2017-03-08 01:00:00,212.9609375
2017-03-08 02:00:00,37.009765625
2017-03-08 03:00:00,388.185546875
2017-03-08 04:00:00,387.115234375
2017-03-08 05:00:00,366.056640625
2017-03-08 06:00:00,557.404296875
2017-03-08 07:00:00,848.048828125
2017-03-08 08:00:00,942.369140625
2017-03-08 09:00:00,619.294921875
2017-03-08 10:00:00,639.16015625
2017-03-08 11:00:00,45.640625
2017-03-08 12:00:00,319.302734375
2017-03-08 13:00:00,150.150390625
2017-03-08 14:00:00,6.8828125
2017-03-08 15:00:00,320.595703125
2017-03-08 16:00:00,383.662109375
2017-03-08 17:00:00,90.609375
2017-03-08 18:00:00,81.4765625
2017-03-08 19:00:00,876.82421875
2017-03-08 20:00:00,472.322265625
2017-03-08 21:00:00,16.224609375
2017-03-08 22:00:00,540.169921875
2017-03-08 23:00:00,84.4609375
2017-03-09 00:00:00,272.890625
2017-03-09 01:00:00,268.458984375
2017-03-09 02:00:00,236.869140625
2017-03-09 03:00:00,12.546875
2017-03-09 04:00:00,300.185546875
2017-03-09 05:00:00,39.052734375
2017-03-09 06:00:00,746.884765625
2017-03-09 07:00:00,699.083984375
2017-03-09 08:00:00,771.544921875
2017-03-09 09:00:00,660.412109375
2017-03-09 10:00:00,157.80859375
2017-03-09 11:00:00,265.818359375
2017-03-09 12:00:00,393.181640625
2017-03-09 13:00:00,242.6328125
2017-03-09 14:00:00,111.0078125
2017-03-09 15:00:00,220.4140625
2017-03-09 16:00:00,181.396484375
2017-03-09 17:00:00,76.431640625
2017-03-09 18:00:00,239.361328125
2017-03-09 19:00:00,779.103515625
2017-03-09 20:00:00,634.052734375
2017-03-09 21:00:00,32.46484375
2017-03-09 22:00:00,442.45703125
2017-03-09 23:00:00,255.8515625
2017-03-10 00:00:00,319.021484375
2017-03-10 01:00:00,160.556640625
2017-03-10 02:00:00,226.224609375
2017-03-10 03:00:00,76.193359375
2017-03-10 04:00:00,481.046875
2017-03-10 05:00:00,200.24609375
2017-03-10 06:00:00,561.021484375
2017-03-10 07:00:00,1236.302734375
2017-03-10 08:00:00,152.93359375
2017-03-10 09:00:00,514.0234375
2017-03-10 10:00:00,467.65625
2017-03-10 11:00:00,424.8203125
2017-03-10 12:00:00,30.26171875
2017-03-10 13:00:00,407.49609375
2017-03-10 14:00:00,292.56640625
2017-03-10 15:00:00,353.630859375
2017-03-10 16:00:00,42.3828125
2017-03-10 17:00:00,331.244140625
2017-03-10 18:00:00,553.59765625
2017-03-10 19:00:00,1405.44921875
2017-03-10 20:00:00,171.46484375
2017-03-10 21:00:00,763.5625
2017-03-10 22:00:00,94.73828125
2017-03-10 23:00:00,83.41015625
2017-03-11 00:00:00,741.962890625
2017-03-11 01:00:00,550.0234375
2017-03-11 02:00:00,928.32421875
2017-03-11 03:00:00,342.587890625
2017-03-11 04:00:00,81.044921875
2017-03-11 05:00:00,59.7578125
2017-03-11 06:00:00,66.7734375
2017-03-11 07:00:00,288.82421875
2017-03-11 08:00:00,445.65625
2017-03-11 09:00:00,182.26953125
2017-03-11 10:00:00,342.01171875
2017-03-11 11:00:00,552.96484375
2017-03-11 12:00:00,386.8671875
2017-03-11 13:00:00,499.97265625
2017-03-11 14:00:00,368.107421875
2017-03-11 15:00:00,359.51171875
2017-03-11 16:00:00,218.400390625
2017-03-11 17:00:00,35.26171875
2017-03-11 18:00:00,73.609375
2017-03-11 19:00:00,908.2109375
2017-03-11 20:00:00,1026.8125
2017-03-11 21:00:00,38.55078125
2017-03-11 22:00:00,776.95703125
2017-03-11 23:00:00,380.140625
2017-03-12 00:00:00,25.2734375
2017-03-12 01:00:00,62.060546875
2017-03-12 02:00:00,355.154296875
2017-03-12 03:00:00,243.705078125
2017-03-12 04:00:00,573.048828125
2017-03-12 05:00:00,336.212890625
2017-03-12 06:00:00,531.18359375
2017-03-12 07:00:00,168.662109375
2017-03-12 08:00:00,666.7578125
2017-03-12 09:00:00,166.87109375
2017-03-12 10:00:00,648.63671875
2017-03-12 11:00:00,216.671875
2017-03-12 12:00:00,315.89453125
2017-03-12 13:00:00,392.484375
2017-03-12 14:00:00,477.666015625
2017-03-12 15:00:00,491.521484375
2017-03-12 16:00:00,405.775390625
2017-03-12 17:00:00,437.521484375
2017-03-12 18:00:00,48.509765625
2017-03-12 19:00:00,1278.5390625
2017-03-12 20:00:00,3520.830078125
2017-03-12 21:00:00,2014.19140625
2017-03-12 22:00:00,251.0
2017-03-12 23:00:00,1400.1171875
2017-03-13 00:00:00,641.83984375
2017-03-13 01:00:00,606.87109375
2017-03-13 02:00:00,170.3046875
2017-03-13 03:00:00,503.69140625
2017-03-13 04:00:00,357.9375
2017-03-13 05:00:00,264.416015625
2017-03-13 06:00:00,957.625
2017-03-13 07:00:00,1830.69921875
2017-03-13 08:00:00,55.73046875
2017-03-13 09:00:00,633.19921875
2017-03-13 10:00:00,504.8046875
2017-03-13 11:00:00,14.73046875
2017-03-13 12:00:00,193.64453125
2017-03-13 13:00:00,257.35546875
2017-03-13 14:00:00,163.09375
2017-03-13 15:00:00,536.935546875
2017-03-13 16:00:00,262.89453125
2017-03-13 17:00:00,109.00390625
2017-03-13 18:00:00,77.97265625
2017-03-13 19:00:00,3.5
2017-03-13 20:00:00,793.3828125
2017-03-13 21:00:00,1043.08203125
2017-03-13 22:00:00,253.91796875
2017-03-13 23:00:00,813.6796875
2017-03-14 00:00:00,40.955078125
2017-03-14 01:00:00,93.59765625
2017-03-14 02:00:00,184.744140625
2017-03-14 03:00:00,339.630859375
2017-03-14 04:00:00,560.15625
2017-03-14 05:00:00,731.85546875
2017-03-14 06:00:00,413.611328125
2017-03-14 07:00:00,388.017578125
2017-03-14 08:00:00,501.51953125
2017-03-14 09:00:00,162.41796875
2017-03-14 10:00:00,10.3046875
2017-03-14 11:00:00,231.83984375
2017-03-14 12:00:00,212.08984375
2017-03-14 13:00:00,164.87890625
2017-03-14 14:00:00,248.74609375
2017-03-14 15:00:00,596.05859375
2017-03-14 16:00:00,25.38671875
2017-03-14 17:00:00,146.81640625
2017-03-14 18:00:00,170.28515625
2017-03-14 19:00:00,69.80859375
2017-03-14 20:00:00,1254.23828125
2017-03-14 21:00:00,677.9296875
2017-03-14 22:00:00,172.19921875
2017-03-14 23:00:00,592.75390625
2017-03-15 00:00:00,33.89453125
2017-03-15 01:00:00,525.548828125
2017-03-15 02:00:00,320.1796875
2017-03-15 03:00:00,77.60546875
2017-03-15 04:00:00,112.95703125
2017-03-15 05:00:00,167.734375
2017-03-15 06:00:00,584.48046875
2017-03-15 07:00:00,1076.515625
2017-03-15 08:00:00,123.33203125
2017-03-15 09:00:00,22.02734375
2017-03-15 10:00:00,213.3359375
2017-03-15 11:00:00,332.6171875
2017-03-15 12:00:00,179.359375
2017-03-15 13:00:00,9.9140625
2017-03-15 14:00:00,151.15234375
2017-03-15 15:00:00,256.953125
2017-03-15 16:00:00,50.3984375
2017-03-15 17:00:00,51.24609375
2017-03-15 18:00:00,261.92578125
2017-03-15 19:00:00,420.11328125
2017-03-15 20:00:00,1514.51171875
2017-03-15 21:00:00,268.51953125
2017-03-15 22:00:00,103.8125
2017-03-15 23:00:00,596.03125
2017-03-16 00:00:00,6.0546875
2017-03-16 01:00:00,428.880859375
2017-03-16 02:00:00,171.6328125
2017-03-16 03:00:00,47.521484375
2017-03-16 04:00:00,337.810546875
2017-03-16 05:00:00,451.44140625
2017-03-16 06:00:00,334.8203125
2017-03-16 07:00:00,1018.859375
2017-03-16 08:00:00,724.359375
2017-03-16 09:00:00,995.66015625
2017-03-16 10:00:00,823.0078125
2017-03-16 11:00:00,170.26171875
2017-03-16 12:00:00,267.48046875
2017-03-16 13:00:00,125.30078125
2017-03-16 14:00:00,304.234375
2017-03-16 15:00:00,878.99609375
2017-03-16 16:00:00,678.703125
2017-03-16 17:00:00,624.375
2017-03-16 18:00:00,379.38671875
2017-03-16 19:00:00,139.5078125
2017-03-16 20:00:00,1017.65625
2017-03-16 21:00:00,781.3125
2017-03-16 22:00:00,722.28515625
2017-03-16 23:00:00,975.84765625
2017-03-17 00:00:00,323.990234375
2017-03-17 01:00:00,132.419921875
2017-03-17 02:00:00,255.953125
2017-03-17 03:00:00,128.64453125
2017-03-17 04:00:00,493.1171875
2017-03-17 05:00:00,416.771484375
2017-03-17 06:00:00,139.8828125
2017-03-17 07:00:00,1072.109375
2017-03-17 08:00:00,818.796875
2017-03-17 09:00:00,1099.13671875
2017-03-17 10:00:00,836.4765625
2017-03-17 11:00:00,236.8828125
2017-03-17 12:00:00,8.10546875
2017-03-17 13:00:00,90.427734375
2017-03-17 14:00:00,266.31640625
2017-03-17 15:00:00,611.216796875
2017-03-17 16:00:00,689.548828125
2017-03-17 17:00:00,432.001953125
2017-03-17 18:00:00,503.001953125
2017-03-17 19:00:00,605.744140625
2017-03-17 20:00:00,428.92578125
2017-03-17 21:00:00,1002.29296875
2017-03-17 22:00:00,499.0546875
2017-03-17 23:00:00,912.365234375
2017-03-18 00:00:00,331.857421875
2017-03-18 01:00:00,180.517578125
2017-03-18 02:00:00,80.46875
2017-03-18 03:00:00,362.197265625
2017-03-18 04:00:00,523.126953125
2017-03-18 05:00:00,485.826171875
2017-03-18 06:00:00,515.982421875
2017-03-18 07:00:00,108.12109375
2017-03-18 08:00:00,339.314453125
2017-03-18 09:00:00,74.92578125
2017-03-18 10:00:00,8.966796875
2017-03-18 11:00:00,644.0078125
2017-03-18 12:00:00,496.29296875
2017-03-18 13:00:00,536.890625
2017-03-18 14:00:00,296.724609375
2017-03-18 15:00:00,198.7890625
2017-03-18 16:00:00,216.298828125
2017-03-18 17:00:00,73.92578125
2017-03-18 18:00:00,249.541015625
2017-03-18 19:00:00,233.48828125
2017-03-18 20:00:00,358.453125
2017-03-18 21:00:00,852.6875
2017-03-18 22:00:00,280.302734375
2017-03-18 23:00:00,555.62109375
2017-03-19 00:00:00,65.013671875
2017-03-19 01:00:00,270.427734375
2017-03-19 02:00:00,419.423828125
2017-03-19 03:00:00,259.7734375
2017-03-19 04:00:00,65.966796875
2017-03-19 05:00:00,74.94140625
2017-03-19 06:00:00,25.33203125
2017-03-19 07:00:00,101.06640625
2017-03-19 08:00:00,283.92578125
2017-03-19 09:00:00,114.53125
2017-03-19 10:00:00,613.92578125
2017-03-19 11:00:00,219.7421875
2017-03-19 12:00:00,490.62890625
2017-03-19 13:00:00,166.60546875
2017-03-19 14:00:00,109.294921875
2017-03-19 15:00:00,151.154296875
2017-03-19 16:00:00,21.10546875
2017-03-19 17:00:00,122.591796875
2017-03-19 18:00:00,198.77734375
2017-03-19 19:00:00,37.76953125
2017-03-19 20:00:00,971.78125
2017-03-19 21:00:00,502.828125
2017-03-19 22:00:00,731.916015625
2017-03-19 23:00:00,498.6953125
2017-03-20 00:00:00,47.19921875
2017-03-20 01:00:00,523.583984375
2017-03-20 02:00:00,632.2734375
2017-03-20 03:00:00,444.24609375
2017-03-20 04:00:00,312.099609375
2017-03-20 05:00:00,368.23828125
2017-03-20 06:00:00,1153.365234375
2017-03-20 07:00:00,1974.478515625
2017-03-20 08:00:00,5.97265625
2017-03-20 09:00:00,773.0625
2017-03-20 10:00:00,410.01171875
2017-03-20 11:00:00,28.974609375
2017-03-20 12:00:00,207.783203125
2017-03-20 13:00:00,577.515625
2017-03-20 14:00:00,257.359375
2017-03-20 15:00:00,349.921875
2017-03-20 16:00:00,46.7109375
2017-03-20 17:00:00,53.078125
2017-03-20 18:00:00,201.580078125
2017-03-20 19:00:00,69.65625
2017-03-20 20:00:00,1018.126953125
2017-03-20 21:00:00,606.953125
2017-03-20 22:00:00,367.994140625
2017-03-20 23:00:00,864.95703125
2017-03-21 00:00:00,32.97265625
2017-03-21 01:00:00,147.375
2017-03-21 02:00:00,49.349609375
2017-03-21 03:00:00,5.841796875
2017-03-21 04:00:00,320.22265625
2017-03-21 05:00:00,211.67578125
2017-03-21 06:00:00,665.640625
2017-03-21 07:00:00,1122.322265625
2017-03-21 08:00:00,476.03515625
2017-03-21 09:00:00,495.3984375
2017-03-21 10:00:00,385.123046875
2017-03-21 11:00:00,318.193359375
2017-03-21 12:00:00,94.96875
2017-03-21 13:00:00,299.666015625
2017-03-21 14:00:00,212.583984375
2017-03-21 15:00:00,244.451171875
2017-03-21 16:00:00,334.015625
2017-03-21 17:00:00,124.08984375
2017-03-21 18:00:00,242.916015625
2017-03-21 19:00:00,236.970703125
2017-03-21 20:00:00,1045.92578125
2017-03-21 21:00:00,392.9140625
2017-03-21 22:00:00,683.275390625
2017-03-21 23:00:00,487.978515625
2017-03-22 00:00:00,145.541015625
2017-03-22 01:00:00,145.8046875
2017-03-22 02:00:00,169.041015625
2017-03-22 03:00:00,121.36328125
2017-03-22 04:00:00,127.16015625
2017-03-22 05:00:00,32.248046875
2017-03-22 06:00:00,711.333984375
2017-03-22 07:00:00,1490.62109375
2017-03-22 08:00:00,485.45703125
2017-03-22 09:00:00,566.3359375
2017-03-22 10:00:00,428.44140625
2017-03-22 11:00:00,135.708984375
2017-03-22 12:00:00,259.9296875
2017-03-22 13:00:00,212.09375
2017-03-22 14:00:00,74.716796875
2017-03-22 15:00:00,378.69140625
2017-03-22 16:00:00,188.96875
2017-03-22 17:00:00,3.3515625
2017-03-22 18:00:00,29.798828125
2017-03-22 19:00:00,557.787109375
2017-03-22 20:00:00,1794.1875
2017-03-22 21:00:00,466.24609375
2017-03-22 22:00:00,54.09765625
2017-03-22 23:00:00,399.5625
2017-03-23 00:00:00,124.3984375
2017-03-23 01:00:00,749.2890625
2017-03-23 02:00:00,747.166015625
2017-03-23 03:00:00,586.79296875
2017-03-23 04:00:00,57.224609375
2017-03-23 05:00:00,377.45703125
2017-03-23 06:00:00,933.33203125
2017-03-23 07:00:00,2053.1953125
2017-03-23 08:00:00,331.98828125
2017-03-23 09:00:00,867.359375
2017-03-23 10:00:00,507.36328125
2017-03-23 11:00:00,24.54296875
2017-03-23 12:00:00,283.5
2017-03-23 13:00:00,201.4453125
2017-03-23 14:00:00,118.19921875
2017-03-23 15:00:00,637.15234375
2017-03-23 16:00:00,499.771484375
2017-03-23 17:00:00,520.50390625
2017-03-23 18:00:00,363.99609375
2017-03-23 19:00:00,348.91796875
2017-03-23 20:00:00,1013.484375
2017-03-23 21:00:00,350.11328125
2017-03-23 22:00:00,977.66796875
2017-03-23 23:00:00,894.98828125
2017-03-24 00:00:00,373.490234375
2017-03-24 01:00:00,150.634765625
2017-03-24 02:00:00,163.42578125
2017-03-24 03:00:00,134.4765625
2017-03-24 04:00:00,438.15234375
2017-03-24 05:00:00,248.142578125
2017-03-24 06:00:00,491.9765625
2017-03-24 07:00:00,897.03125
2017-03-24 08:00:00,570.546875
2017-03-24 09:00:00,873.4609375
2017-03-24 10:00:00,652.703125
2017-03-24 11:00:00,243.62109375
2017-03-24 12:00:00,177.15234375
2017-03-24 13:00:00,723.35546875
2017-03-24 14:00:00,12.333984375
2017-03-24 15:00:00,789.7578125
2017-03-24 16:00:00,556.853515625
2017-03-24 17:00:00,108.734375
2017-03-24 18:00:00,448.603515625
2017-03-24 19:00:00,539.16015625
2017-03-24 20:00:00,645.533203125
2017-03-24 21:00:00,939.078125
2017-03-24 22:00:00,639.63671875
2017-03-24 23:00:00,576.03125
2017-03-25 00:00:00,288.115234375
2017-03-25 01:00:00,175.384765625
2017-03-25 02:00:00,263.041015625
2017-03-25 03:00:00,324.994140625
2017-03-25 04:00:00,555.923828125
2017-03-25 05:00:00,590.904296875
2017-03-25 06:00:00,421.671875
2017-03-25 07:00:00,316.974609375
2017-03-25 08:00:00,627.943359375
2017-03-25 09:00:00,118.974609375
2017-03-25 10:00:00,598.689453125
2017-03-25 11:00:00,495.3359375
2017-03-25 12:00:00,25.3046875
2017-03-25 13:00:00,290.04296875
2017-03-25 14:00:00,36.69140625
2017-03-25 15:00:00,56.630859375
2017-03-25 16:00:00,154.765625
2017-03-25 17:00:00,91.958984375
2017-03-25 18:00:00,242.22265625
2017-03-25 19:00:00,129.07421875
2017-03-25 20:00:00,654.494140625
2017-03-25 21:00:00,727.03125
2017-03-25 22:00:00,134.107421875
2017-03-25 23:00:00,130.59375
2017-03-26 00:00:00,65.166015625
2017-03-26 01:00:00,71.26953125
2017-03-26 02:00:00,1.912109375
2017-03-26 03:00:00,186.810546875
2017-03-26 04:00:00,348.96484375
2017-03-26 05:00:00,409.619140625
2017-03-26 06:00:00,367.31640625
2017-03-26 07:00:00,170.943359375
2017-03-26 08:00:00,403.642578125
2017-03-26 09:00:00,508.22265625
2017-03-26 10:00:00,13.82421875
2017-03-26 11:00:00,241.798828125
2017-03-26 12:00:00,266.56640625
2017-03-26 13:00:00,202.71875
2017-03-26 14:00:00,128.96484375
2017-03-26 15:00:00,237.908203125
2017-03-26 16:00:00,306.234375
2017-03-26 17:00:00,491.60546875
2017-03-26 18:00:00,407.904296875
2017-03-26 19:00:00,47.2265625
2017-03-26 20:00:00,1077.62109375
2017-03-26 21:00:00,284.76171875
2017-03-26 22:00:00,205.173828125
2017-03-26 23:00:00,202.68359375
2017-03-27 00:00:00,354.19140625
2017-03-27 01:00:00,674.494140625
2017-03-27 02:00:00,646.5390625
2017-03-27 03:00:00,458.568359375
2017-03-27 04:00:00,248.36328125
2017-03-27 05:00:00,242.22265625
2017-03-27 06:00:00,1149.857421875
2017-03-27 07:00:00,1605.14453125
2017-03-27 08:00:00,119.6171875
2017-03-27 09:00:00,107.25390625
2017-03-27 10:00:00,15.990234375
2017-03-27 11:00:00,84.162109375
2017-03-27 12:00:00,160.484375
2017-03-27 13:00:00,101.525390625
2017-03-27 14:00:00,83.0
2017-03-27 15:00:00,278.46875
2017-03-27 16:00:00,400.4609375
2017-03-27 17:00:00,231.6953125
2017-03-27 18:00:00,110.318359375
2017-03-27 19:00:00,186.796875
2017-03-27 20:00:00,1186.892578125
2017-03-27 21:00:00,310.392578125
2017-03-27 22:00:00,857.48828125
2017-03-27 23:00:00,324.26171875
2017-03-28 00:00:00,61.05078125
2017-03-28 01:00:00,17.564453125
2017-03-28 02:00:00,38.228515625
2017-03-28 03:00:00,220.111328125
2017-03-28 04:00:00,519.791015625
2017-03-28 05:00:00,198.70703125
2017-03-28 06:00:00,344.46484375
2017-03-28 07:00:00,842.05078125
2017-03-28 08:00:00,826.28125
2017-03-28 09:00:00,549.123046875
2017-03-28 10:00:00,88.490234375
2017-03-28 11:00:00,51.48046875
2017-03-28 12:00:00,42.9140625
2017-03-28 13:00:00,158.7421875
2017-03-28 14:00:00,286.619140625
2017-03-28 15:00:00,446.75
2017-03-28 16:00:00,137.296875
2017-03-28 17:00:00,101.380859375
2017-03-28 18:00:00,38.6796875
2017-03-28 19:00:00,300.919921875
2017-03-28 20:00:00,743.759765625
2017-03-28 21:00:00,256.39453125
2017-03-28 22:00:00,440.1875
2017-03-28 23:00:00,322.4296875
2017-03-29 00:00:00,189.533203125
2017-03-29 01:00:00,255.607421875
2017-03-29 02:00:00,96.580078125
2017-03-29 03:00:00,38.578125
2017-03-29 04:00:00,320.35546875
2017-03-29 05:00:00,47.189453125
2017-03-29 06:00:00,460.03125
2017-03-29 07:00:00,1031.615234375
2017-03-29 08:00:00,712.26953125
2017-03-29 09:00:00,821.0859375
2017-03-29 10:00:00,323.71484375
2017-03-29 11:00:00,197.48046875
2017-03-29 12:00:00,87.701171875
2017-03-29 13:00:00,191.19140625
2017-03-29 14:00:00,93.91015625
2017-03-29 15:00:00,479.705078125
2017-03-29 16:00:00,205.06640625
2017-03-29 17:00:00,210.1875
2017-03-29 18:00:00,263.525390625
2017-03-29 19:00:00,61.279296875
2017-03-29 20:00:00,1052.521484375
2017-03-29 21:00:00,200.61328125
2017-03-29 22:00:00,823.189453125
2017-03-29 23:00:00,279.048828125
2017-03-30 00:00:00,351.013671875
2017-03-30 01:00:00,205.482421875
2017-03-30 02:00:00,498.380859375
2017-03-30 03:00:00,175.548828125
2017-03-30 04:00:00,75.55859375
2017-03-30 05:00:00,97.21484375
2017-03-30 06:00:00,762.13671875
2017-03-30 07:00:00,1519.30859375
2017-03-30 08:00:00,531.849609375
2017-03-30 09:00:00,268.412109375
2017-03-30 10:00:00,496.091796875
2017-03-30 11:00:00,372.904296875
2017-03-30 12:00:00,259.169921875
2017-03-30 13:00:00,236.005859375
2017-03-30 14:00:00,382.9140625
2017-03-30 15:00:00,26.896484375
2017-03-30 16:00:00,299.806640625
2017-03-30 17:00:00,180.486328125
2017-03-30 18:00:00,98.587890625
2017-03-30 19:00:00,10.9765625
2017-03-30 20:00:00,990.494140625
2017-03-30 21:00:00,262.998046875
2017-03-30 22:00:00,207.517578125
2017-03-30 23:00:00,480.119140625
2017-03-31 00:00:00,288.1875
2017-03-31 01:00:00,265.828125
2017-03-31 02:00:00,308.25390625
2017-03-31 03:00:00,112.7265625
2017-03-31 04:00:00,12.203125
2017-03-31 05:00:00,50.939453125
2017-03-31 06:00:00,785.923828125
2017-03-31 07:00:00,1305.24609375
2017-03-31 08:00:00,114.62109375
2017-03-31 09:00:00,169.125
2017-03-31 10:00:00,120.45703125
2017-03-31 11:00:00,88.09765625
2017-03-31 12:00:00,51.6640625
2017-03-31 13:00:00,14.70703125
2017-03-31 14:00:00,165.63671875
2017-03-31 15:00:00,545.51953125
2017-03-31 16:00:00,377.24609375
2017-03-31 17:00:00,416.50390625
2017-03-31 18:00:00,436.97265625
2017-03-31 19:00:00,499.166015625
2017-03-31 20:00:00,559.86328125
2017-03-31 21:00:00,513.693359375
2017-03-31 22:00:00,43.919921875
2017-03-31 23:00:00,416.412109375
2017-04-01 00:00:00,78.595703125
2017-04-01 01:00:00,461.876953125
2017-04-01 02:00:00,16.638671875
2017-04-01 03:00:00,122.47265625
2017-04-01 04:00:00,241.37109375
2017-04-01 05:00:00,200.390625
2017-04-01 06:00:00,112.45703125
2017-04-01 07:00:00,25.30078125
2017-04-01 08:00:00,448.416015625
2017-04-01 09:00:00,102.982421875
2017-04-01 10:00:00,879.42578125
2017-04-01 11:00:00,157.45703125
2017-04-01 12:00:00,500.08203125
2017-04-01 13:00:00,401.70703125
2017-04-01 14:00:00,330.42578125
2017-04-01 15:00:00,272.658203125
2017-04-01 16:00:00,305.927734375
2017-04-01 17:00:00,140.97265625
2017-04-01 18:00:00,318.283203125
2017-04-01 19:00:00,162.068359375
2017-04-01 20:00:00,659.599609375
2017-04-01 21:00:00,505.82421875
2017-04-01 22:00:00,466.103515625
2017-04-01 23:00:00,159.310546875
2017-04-02 00:00:00,23.369140625
2017-04-02 01:00:00,294.28125
2017-04-02 02:00:00,370.75390625
2017-04-02 03:00:00,199.326171875
2017-04-02 04:00:00,2.296875
2017-04-02 05:00:00,186.2421875
2017-04-02 06:00:00,69.896484375
2017-04-02 07:00:00,222.548828125
2017-04-02 08:00:00,457.013671875
2017-04-02 09:00:00,169.021484375
2017-04-02 10:00:00,192.76171875
2017-04-02 11:00:00,27.705078125
2017-04-02 12:00:00,99.4140625
2017-04-02 13:00:00,163.884765625
2017-04-02 14:00:00,0.44921875
2017-04-02 15:00:00,88.677734375
2017-04-02 16:00:00,87.626953125
2017-04-02 17:00:00,103.01171875
2017-04-02 18:00:00,95.626953125
2017-04-02 19:00:00,283.91796875
2017-04-02 20:00:00,850.96875
2017-04-02 21:00:00,25.716796875
2017-04-02 22:00:00,1281.21484375
2017-04-02 23:00:00,9.65234375
2017-04-03 00:00:00,72.990234375
2017-04-03 01:00:00,206.62109375
2017-04-03 02:00:00,212.171875
2017-04-03 03:00:00,28.263671875
2017-04-03 04:00:00,126.404296875
2017-04-03 05:00:00,63.30078125
2017-04-03 06:00:00,766.205078125
2017-04-03 07:00:00,1327.185546875
2017-04-03 08:00:00,136.115234375
2017-04-03 09:00:00,118.33984375
2017-04-03 10:00:00,74.970703125
2017-04-03 11:00:00,490.658203125
2017-04-03 12:00:00,953.3828125
2017-04-03 13:00:00,631.638671875
2017-04-03 14:00:00,580.99609375
2017-04-03 15:00:00,285.185546875
2017-04-03 16:00:00,58.48828125
2017-04-03 17:00:00,161.888671875
2017-04-03 18:00:00,211.376953125
2017-04-03 19:00:00,69.28515625
2017-04-03 20:00:00,1343.076171875
2017-04-03 21:00:00,278.4609375
2017-04-03 22:00:00,434.17578125
2017-04-03 23:00:00,91.900390625
2017-04-04 00:00:00,95.802734375
2017-04-04 01:00:00,115.3828125
2017-04-04 02:00:00,16.21875
2017-04-04 03:00:00,304.615234375
2017-04-04 04:00:00,453.380859375
2017-04-04 05:00:00,396.220703125
2017-04-04 06:00:00,455.228515625
2017-04-04 07:00:00,751.912109375
2017-04-04 08:00:00,709.169921875
2017-04-04 09:00:00,310.783203125
2017-04-04 10:00:00,72.81640625
2017-04-04 11:00:00,105.025390625
2017-04-04 12:00:00,397.626953125
2017-04-04 13:00:00,349.759765625
2017-04-04 14:00:00,197.15234375
2017-04-04 15:00:00,357.0
2017-04-04 16:00:00,228.140625
2017-04-04 17:00:00,13.53125
2017-04-04 18:00:00,170.62890625
2017-04-04 19:00:00,92.6328125
2017-04-04 20:00:00,809.625
2017-04-04 21:00:00,272.08984375
2017-04-04 22:00:00,1007.716796875
2017-04-04 23:00:00,197.24609375
2017-04-05 00:00:00,7.009765625
2017-04-05 01:00:00,10.28515625
2017-04-05 02:00:00,2.021484375
2017-04-05 03:00:00,379.556640625
2017-04-05 04:00:00,497.984375
2017-04-05 05:00:00,464.560546875
2017-04-05 06:00:00,414.76171875
2017-04-05 07:00:00,645.083984375
2017-04-05 08:00:00,1121.447265625
2017-04-05 09:00:00,477.462890625
2017-04-05 10:00:00,199.083984375
2017-04-05 11:00:00,391.125
2017-04-05 12:00:00,112.162109375
2017-04-05 13:00:00,273.880859375
2017-04-05 14:00:00,142.5390625
2017-04-05 15:00:00,211.1015625
2017-04-05 16:00:00,155.671875
2017-04-05 17:00:00,68.634765625
2017-04-05 18:00:00,305.50390625
2017-04-05 19:00:00,98.892578125
2017-04-05 20:00:00,1047.328125
2017-04-05 21:00:00,134.484375
2017-04-05 22:00:00,956.1015625
2017-04-05 23:00:00,104.35546875
2017-04-06 00:00:00,17.216796875
2017-04-06 01:00:00,116.85546875
2017-04-06 02:00:00,41.76953125
2017-04-06 03:00:00,380.478515625
2017-04-06 04:00:00,370.09375
2017-04-06 05:00:00,350.427734375
2017-04-06 06:00:00,413.5703125
2017-04-06 07:00:00,993.634765625
2017-04-06 08:00:00,485.826171875
2017-04-06 09:00:00,119.505859375
2017-04-06 10:00:00,95.525390625
2017-04-06 11:00:00,294.859375
2017-04-06 12:00:00,295.83984375
2017-04-06 13:00:00,38.6875
2017-04-06 14:00:00,10.28125
2017-04-06 15:00:00,40.83203125
2017-04-06 16:00:00,360.330078125
2017-04-06 17:00:00,236.916015625
2017-04-06 18:00:00,535.01953125
2017-04-06 19:00:00,219.369140625
2017-04-06 20:00:00,899.705078125
2017-04-06 21:00:00,413.203125
2017-04-06 22:00:00,571.58984375
2017-04-06 23:00:00,32.8125
2017-04-07 00:00:00,386.103515625
2017-04-07 01:00:00,67.4296875
2017-04-07 02:00:00,607.78515625
2017-04-07 03:00:00,21.798828125
2017-04-07 04:00:00,51.693359375
2017-04-07 05:00:00,39.369140625
2017-04-07 06:00:00,683.6171875
2017-04-07 07:00:00,1081.244140625
2017-04-07 08:00:00,625.158203125
2017-04-07 09:00:00,180.12109375
2017-04-07 10:00:00,608.181640625
2017-04-07 11:00:00,154.259765625
2017-04-07 12:00:00,59.6171875
2017-04-07 13:00:00,230.6484375
2017-04-07 14:00:00,240.986328125
2017-04-07 15:00:00,235.41015625
2017-04-07 16:00:00,99.3046875
2017-04-07 17:00:00,56.5703125
2017-04-07 18:00:00,396.498046875
2017-04-07 19:00:00,150.830078125
2017-04-07 20:00:00,616.58984375
2017-04-07 21:00:00,183.013671875
2017-04-07 22:00:00,405.119140625
2017-04-07 23:00:00,9.439453125
2017-04-08 00:00:00,15.482421875
2017-04-08 01:00:00,378.9375
2017-04-08 02:00:00,456.708984375
2017-04-08 03:00:00,266.16796875
2017-04-08 04:00:00,18.458984375
2017-04-08 05:00:00,12.935546875
2017-04-08 06:00:00,18.96484375
2017-04-08 07:00:00,37.671875
2017-04-08 08:00:00,454.501953125
2017-04-08 09:00:00,343.875
2017-04-08 10:00:00,502.091796875
2017-04-08 11:00:00,144.23046875
2017-04-08 12:00:00,211.69140625
2017-04-08 13:00:00,80.41015625
2017-04-08 14:00:00,234.283203125
2017-04-08 15:00:00,240.126953125
2017-04-08 16:00:00,263.1796875
2017-04-08 17:00:00,0.92578125
2017-04-08 18:00:00,372.609375
2017-04-08 19:00:00,337.859375
2017-04-08 20:00:00,488.796875
2017-04-08 21:00:00,261.115234375
2017-04-08 22:00:00,1211.427734375
2017-04-08 23:00:00,56.130859375
2017-04-09 00:00:00,178.935546875
2017-04-09 01:00:00,183.861328125
2017-04-09 02:00:00,288.046875
2017-04-09 03:00:00,32.79296875
2017-04-09 04:00:00,152.46875
2017-04-09 05:00:00,258.3359375
2017-04-09 06:00:00,211.841796875
2017-04-09 07:00:00,301.685546875
2017-04-09 08:00:00,523.970703125
2017-04-09 09:00:00,434.1171875
2017-04-09 10:00:00,161.60546875
2017-04-09 11:00:00,94.279296875
2017-04-09 12:00:00,212.52734375
2017-04-09 13:00:00,199.40625
2017-04-09 14:00:00,22.888671875
2017-04-09 15:00:00,92.89453125
2017-04-09 16:00:00,75.4453125
2017-04-09 17:00:00,57.638671875
2017-04-09 18:00:00,97.8203125
2017-04-09 19:00:00,331.341796875
2017-04-09 20:00:00,596.404296875
2017-04-09 21:00:00,236.431640625
2017-04-09 22:00:00,1363.06640625
2017-04-09 23:00:00,45.404296875
2017-04-10 00:00:00,7.330078125
2017-04-10 01:00:00,93.501953125
2017-04-10 02:00:00,99.837890625
2017-04-10 03:00:00,191.447265625
2017-04-10 04:00:00,455.794921875
2017-04-10 05:00:00,147.57421875
2017-04-10 06:00:00,495.94140625
2017-04-10 07:00:00,601.345703125
2017-04-10 08:00:00,467.6328125
2017-04-10 09:00:00,353.61328125
2017-04-10 10:00:00,545.208984375
2017-04-10 11:00:00,740.123046875
2017-04-10 12:00:00,808.447265625
2017-04-10 13:00:00,640.33984375
2017-04-10 14:00:00,715.54296875
2017-04-10 15:00:00,259.169921875
2017-04-10 16:00:00,339.130859375
2017-04-10 17:00:00,243.162109375
2017-04-10 18:00:00,146.388671875
2017-04-10 19:00:00,181.357421875
2017-04-10 20:00:00,1209.65625
2017-04-10 21:00:00,705.33984375
2017-04-10 22:00:00,1035.07421875
2017-04-10 23:00:00,241.279296875
2017-04-11 00:00:00,109.337890625
2017-04-11 01:00:00,2.763671875
2017-04-11 02:00:00,85.5078125
2017-04-11 03:00:00,466.34765625
2017-04-11 04:00:00,614.06640625
2017-04-11 05:00:00,466.6015625
2017-04-11 06:00:00,139.29296875
2017-04-11 07:00:00,254.658203125
2017-04-11 08:00:00,1050.94921875
2017-04-11 09:00:00,95.265625
2017-04-11 10:00:00,86.54296875
2017-04-11 11:00:00,501.294921875
2017-04-11 12:00:00,432.248046875
2017-04-11 13:00:00,456.23828125
2017-04-11 14:00:00,440.6015625
2017-04-11 15:00:00,279.31640625
2017-04-11 16:00:00,4.765625
2017-04-11 17:00:00,171.669921875
2017-04-11 18:00:00,174.490234375
2017-04-11 19:00:00,376.048828125
2017-04-11 20:00:00,650.568359375
2017-04-11 21:00:00,822.904296875
2017-04-11 22:00:00,992.505859375
2017-04-11 23:00:00,13.869140625
2017-04-12 00:00:00,17.765625
2017-04-12 01:00:00,3.400390625
2017-04-12 02:00:00,145.875
2017-04-12 03:00:00,243.68359375
2017-04-12 04:00:00,566.029296875
2017-04-12 05:00:00,235.4140625
2017-04-12 06:00:00,196.51171875
2017-04-12 07:00:00,285.587890625
2017-04-12 08:00:00,697.919921875
2017-04-12 09:00:00,129.193359375
2017-04-12 10:00:00,209.1796875
2017-04-12 11:00:00,324.3046875
2017-04-12 12:00:00,223.900390625
2017-04-12 13:00:00,76.08203125
2017-04-12 14:00:00,246.02734375
2017-04-12 15:00:00,108.296875
2017-04-12 16:00:00,170.951171875
2017-04-12 17:00:00,329.474609375
2017-04-12 18:00:00,338.078125
2017-04-12 19:00:00,643.490234375
2017-04-12 20:00:00,258.224609375
2017-04-12 21:00:00,610.61328125
2017-04-12 22:00:00,1311.39453125
2017-04-12 23:00:00,78.080078125
2017-04-13 00:00:00,118.849609375
2017-04-13 01:00:00,8.107421875
2017-04-13 02:00:00,154.185546875
2017-04-13 03:00:00,422.12109375
2017-04-13 04:00:00,595.84765625
2017-04-13 05:00:00,522.38671875
2017-04-13 06:00:00,217.921875
2017-04-13 07:00:00,59.8359375
2017-04-13 08:00:00,785.27734375
2017-04-13 09:00:00,480.9296875
2017-04-13 10:00:00,4.541015625
2017-04-13 11:00:00,98.04296875
2017-04-13 12:00:00,200.9375
2017-04-13 13:00:00,320.091796875
2017-04-13 14:00:00,135.43359375
2017-04-13 15:00:00,179.16796875
2017-04-13 16:00:00,95.9609375
2017-04-13 17:00:00,114.359375
2017-04-13 18:00:00,324.986328125
2017-04-13 19:00:00,399.453125
2017-04-13 20:00:00,765.52734375
2017-04-13 21:00:00,303.54296875
2017-04-13 22:00:00,946.1328125
2017-04-13 23:00:00,56.9765625
2017-04-14 00:00:00,22.5703125
2017-04-14 01:00:00,64.978515625
2017-04-14 02:00:00,65.9609375
2017-04-14 03:00:00,411.826171875
2017-04-14 04:00:00,524.10546875
2017-04-14 05:00:00,486.7421875
2017-04-14 06:00:00,45.826171875
2017-04-14 07:00:00,237.578125
2017-04-14 08:00:00,699.21484375
2017-04-14 09:00:00,139.443359375
2017-04-14 10:00:00,116.44140625
2017-04-14 11:00:00,5.419921875
2017-04-14 12:00:00,72.318359375
2017-04-14 13:00:00,270.796875
2017-04-14 14:00:00,248.86328125
2017-04-14 15:00:00,12.533203125
2017-04-14 16:00:00,91.181640625
2017-04-14 17:00:00,93.119140625
2017-04-14 18:00:00,79.330078125
2017-04-14 19:00:00,476.8125
2017-04-14 20:00:00,449.466796875
2017-04-14 21:00:00,766.748046875
2017-04-14 22:00:00,1040.880859375
2017-04-14 23:00:00,293.515625
2017-04-15 00:00:00,118.203125
2017-04-15 01:00:00,342.83203125
2017-04-15 02:00:00,211.6796875
2017-04-15 03:00:00,590.498046875
2017-04-15 04:00:00,749.373046875
2017-04-15 05:00:00,707.048828125
2017-04-15 06:00:00,744.783203125
2017-04-15 07:00:00,615.15234375
2017-04-15 08:00:00,578.31640625
2017-04-15 09:00:00,17.732421875
2017-04-15 10:00:00,409.349609375
2017-04-15 11:00:00,288.306640625
2017-04-15 12:00:00,228.2109375
2017-04-15 13:00:00,58.208984375
2017-04-15 14:00:00,49.978515625
2017-04-15 15:00:00,265.22265625
2017-04-15 16:00:00,47.396484375
2017-04-15 17:00:00,119.61328125
2017-04-15 18:00:00,190.892578125
2017-04-15 19:00:00,306.810546875
2017-04-15 20:00:00,360.470703125
2017-04-15 21:00:00,356.57421875
2017-04-15 22:00:00,973.12109375
2017-04-15 23:00:00,94.056640625
2017-04-16 00:00:00,58.697265625
2017-04-16 01:00:00,440.759765625
2017-04-16 02:00:00,157.90625
2017-04-16 03:00:00,620.080078125
2017-04-16 04:00:00,832.88671875
2017-04-16 05:00:00,886.87890625
2017-04-16 06:00:00,890.005859375
2017-04-16 07:00:00,986.818359375
2017-04-16 08:00:00,474.712890625
2017-04-16 09:00:00,95.4375
2017-04-16 10:00:00,450.931640625
2017-04-16 11:00:00,296.90234375
2017-04-16 12:00:00,179.03125
2017-04-16 13:00:00,66.607421875
2017-04-16 14:00:00,386.9296875
2017-04-16 15:00:00,319.048828125
2017-04-16 16:00:00,275.099609375
2017-04-16 17:00:00,101.744140625
2017-04-16 18:00:00,210.642578125
2017-04-16 19:00:00,296.88671875
2017-04-16 20:00:00,543.228515625
2017-04-16 21:00:00,1138.248046875
2017-04-16 22:00:00,863.47265625
2017-04-16 23:00:00,37.8125
2017-04-17 00:00:00,116.310546875
2017-04-17 01:00:00,228.87890625
2017-04-17 02:00:00,25.169921875
2017-04-17 03:00:00,196.09765625
2017-04-17 04:00:00,175.37890625
2017-04-17 05:00:00,132.392578125
2017-04-17 06:00:00,450.7265625
2017-04-17 07:00:00,79.048828125
2017-04-17 08:00:00,58.783203125
2017-04-17 09:00:00,261.939453125
2017-04-17 10:00:00,179.162109375
2017-04-17 11:00:00,558.130859375
2017-04-17 12:00:00,46.48046875
2017-04-17 13:00:00,473.955078125
2017-04-17 14:00:00,121.216796875
2017-04-17 15:00:00,32.197265625
2017-04-17 16:00:00,83.193359375
2017-04-17 17:00:00,47.572265625
2017-04-17 18:00:00,40.31640625
2017-04-17 19:00:00,246.541015625
2017-04-17 20:00:00,509.328125
2017-04-17 21:00:00,632.9296875
2017-04-17 22:00:00,1270.73046875
2017-04-17 23:00:00,35.119140625
2017-04-18 00:00:00,2.18359375
2017-04-18 01:00:00,37.224609375
2017-04-18 02:00:00,128.333984375
2017-04-18 03:00:00,402.59375
2017-04-18 04:00:00,660.681640625
2017-04-18 05:00:00,478.392578125
2017-04-18 06:00:00,275.3125
2017-04-18 07:00:00,104.416015625
2017-04-18 08:00:00,896.078125
2017-04-18 09:00:00,582.060546875
2017-04-18 10:00:00,134.58984375
2017-04-18 11:00:00,327.25390625
2017-04-18 12:00:00,229.49609375
2017-04-18 13:00:00,280.27734375
2017-04-18 14:00:00,218.625
2017-04-18 15:00:00,135.9296875
2017-04-18 16:00:00,142.173828125
2017-04-18 17:00:00,93.83203125
2017-04-18 18:00:00,209.55078125
2017-04-18 19:00:00,252.95703125
2017-04-18 20:00:00,652.845703125
2017-04-18 21:00:00,952.35546875
2017-04-18 22:00:00,1281.662109375
2017-04-18 23:00:00,24.26171875
2017-04-19 00:00:00,21.064453125
2017-04-19 01:00:00,62.65234375
2017-04-19 02:00:00,75.42578125
2017-04-19 03:00:00,378.98046875
2017-04-19 04:00:00,578.017578125
2017-04-19 05:00:00,349.505859375
2017-04-19 06:00:00,261.646484375
2017-04-19 07:00:00,342.310546875
2017-04-19 08:00:00,755.208984375
2017-04-19 09:00:00,392.30859375
2017-04-19 10:00:00,107.154296875
2017-04-19 11:00:00,293.392578125
2017-04-19 12:00:00,423.9453125
2017-04-19 13:00:00,330.82421875
2017-04-19 14:00:00,473.78515625
2017-04-19 15:00:00,290.482421875
2017-04-19 16:00:00,46.615234375
2017-04-19 17:00:00,170.7578125
2017-04-19 18:00:00,214.779296875
2017-04-19 19:00:00,330.287109375
2017-04-19 20:00:00,965.45703125
2017-04-19 21:00:00,192.771484375
2017-04-19 22:00:00,799.94140625
2017-04-19 23:00:00,53.380859375
2017-04-20 00:00:00,63.509765625
2017-04-20 01:00:00,71.9921875
2017-04-20 02:00:00,2.81640625
2017-04-20 03:00:00,415.98828125
2017-04-20 04:00:00,508.650390625
2017-04-20 05:00:00,402.361328125
2017-04-20 06:00:00,306.388671875
2017-04-20 07:00:00,462.4453125
2017-04-20 08:00:00,639.978515625
2017-04-20 09:00:00,284.294921875
2017-04-20 10:00:00,84.892578125
2017-04-20 11:00:00,285.564453125
2017-04-20 12:00:00,198.6328125
2017-04-20 13:00:00,582.7734375
2017-04-20 14:00:00,334.5234375
2017-04-20 15:00:00,118.48046875
2017-04-20 16:00:00,12.169921875
2017-04-20 17:00:00,94.154296875
2017-04-20 18:00:00,472.35546875
2017-04-20 19:00:00,270.10546875
2017-04-20 20:00:00,826.70703125
2017-04-20 21:00:00,455.794921875
2017-04-20 22:00:00,974.412109375
2017-04-20 23:00:00,23.8671875
2017-04-21 00:00:00,62.564453125
2017-04-21 01:00:00,16.095703125
2017-04-21 02:00:00,87.974609375
2017-04-21 03:00:00,421.181640625
2017-04-21 04:00:00,612.818359375
2017-04-21 05:00:00,395.34765625
2017-04-21 06:00:00,10.32421875
2017-04-21 07:00:00,603.177734375
2017-04-21 08:00:00,780.283203125
2017-04-21 09:00:00,169.349609375
2017-04-21 10:00:00,43.166015625
2017-04-21 11:00:00,325.59375
2017-04-21 12:00:00,81.951171875
2017-04-21 13:00:00,190.86328125
2017-04-21 14:00:00,110.884765625
2017-04-21 15:00:00,389.1171875
2017-04-21 16:00:00,198.1640625
2017-04-21 17:00:00,265.6328125
2017-04-21 18:00:00,574.0546875
2017-04-21 19:00:00,16.79296875
2017-04-21 20:00:00,254.36328125
2017-04-21 21:00:00,685.1953125
2017-04-21 22:00:00,878.23046875
2017-04-21 23:00:00,108.255859375
2017-04-22 00:00:00,137.705078125
2017-04-22 01:00:00,20.486328125
2017-04-22 02:00:00,226.744140625
2017-04-22 03:00:00,491.85546875
2017-04-22 04:00:00,729.1328125
2017-04-22 05:00:00,738.072265625
2017-04-22 06:00:00,696.6875
2017-04-22 07:00:00,713.490234375
2017-04-22 08:00:00,310.666015625
2017-04-22 09:00:00,120.54296875
2017-04-22 10:00:00,671.33984375
2017-04-22 11:00:00,187.24609375
2017-04-22 12:00:00,149.58984375
2017-04-22 13:00:00,94.599609375
2017-04-22 14:00:00,45.349609375
2017-04-22 15:00:00,30.525390625
2017-04-22 16:00:00,22.259765625
2017-04-22 17:00:00,57.3671875
2017-04-22 18:00:00,59.9921875
2017-04-22 19:00:00,152.716796875
2017-04-22 20:00:00,311.787109375
2017-04-22 21:00:00,280.845703125
2017-04-22 22:00:00,844.59765625
2017-04-22 23:00:00,78.056640625
2017-04-23 00:00:00,31.02734375
2017-04-23 01:00:00,96.5703125
2017-04-23 02:00:00,126.04296875
2017-04-23 03:00:00,255.791015625
2017-04-23 04:00:00,500.353515625
2017-04-23 05:00:00,526.611328125
2017-04-23 06:00:00,477.001953125
2017-04-23 07:00:00,688.546875
2017-04-23 08:00:00,302.556640625
2017-04-23 09:00:00,521.65234375
2017-04-23 10:00:00,344.634765625
2017-04-23 11:00:00,392.361328125
2017-04-23 12:00:00,124.69140625
2017-04-23 13:00:00,10.287109375
2017-04-23 14:00:00,25.740234375
2017-04-23 15:00:00,131.21875
2017-04-23 16:00:00,13.712890625
2017-04-23 17:00:00,169.291015625
2017-04-23 18:00:00,23.171875
2017-04-23 19:00:00,299.3828125
2017-04-23 20:00:00,322.810546875
2017-04-23 21:00:00,405.025390625
2017-04-23 22:00:00,1287.595703125
2017-04-23 23:00:00,121.130859375
2017-04-24 00:00:00,59.673828125
2017-04-24 01:00:00,197.90234375
2017-04-24 02:00:00,44.4921875
2017-04-24 03:00:00,363.078125
2017-04-24 04:00:00,419.548828125
2017-04-24 05:00:00,183.60546875
2017-04-24 06:00:00,423.92578125
2017-04-24 07:00:00,700.521484375
2017-04-24 08:00:00,173.90625
2017-04-24 09:00:00,24.173828125
2017-04-24 10:00:00,552.728515625
2017-04-24 11:00:00,532.771484375
2017-04-24 12:00:00,731.517578125
2017-04-24 13:00:00,668.111328125
2017-04-24 14:00:00,614.396484375
2017-04-24 15:00:00,10.181640625
2017-04-24 16:00:00,401.89453125
2017-04-24 17:00:00,175.83203125
2017-04-24 18:00:00,430.78515625
2017-04-24 19:00:00,32.62109375
2017-04-24 20:00:00,806.96484375
2017-04-24 21:00:00,633.673828125
2017-04-24 22:00:00,889.193359375
2017-04-24 23:00:00,188.111328125
2017-04-25 00:00:00,92.037109375
2017-04-25 01:00:00,227.435546875
2017-04-25 02:00:00,40.615234375
2017-04-25 03:00:00,402.216796875
2017-04-25 04:00:00,373.99609375
2017-04-25 05:00:00,432.763671875
2017-04-25 06:00:00,503.220703125
2017-04-25 07:00:00,412.318359375
2017-04-25 08:00:00,550.650390625
2017-04-25 09:00:00,343.685546875
2017-04-25 10:00:00,172.45703125
2017-04-25 11:00:00,155.880859375
2017-04-25 12:00:00,151.12890625
2017-04-25 13:00:00,285.890625
2017-04-25 14:00:00,61.30078125
2017-04-25 15:00:00,385.181640625
2017-04-25 16:00:00,27.845703125
2017-04-25 17:00:00,117.78125
2017-04-25 18:00:00,50.6171875
2017-04-25 19:00:00,293.15625
2017-04-25 20:00:00,498.904296875
2017-04-25 21:00:00,176.90234375
2017-04-25 22:00:00,668.13671875
2017-04-25 23:00:00,141.17578125
2017-04-26 00:00:00,28.5234375
2017-04-26 01:00:00,78.513671875
2017-04-26 02:00:00,57.4140625
2017-04-26 03:00:00,309.62109375
2017-04-26 04:00:00,549.978515625
2017-04-26 05:00:00,342.677734375
2017-04-26 06:00:00,381.2109375
2017-04-26 07:00:00,478.173828125
2017-04-26 08:00:00,707.158203125
2017-04-26 09:00:00,464.216796875
2017-04-26 10:00:00,121.349609375
2017-04-26 11:00:00,100.994140625
2017-04-26 12:00:00,330.546875
2017-04-26 13:00:00,28.736328125
2017-04-26 14:00:00,17.369140625
2017-04-26 15:00:00,346.4765625
2017-04-26 16:00:00,131.34765625
2017-04-26 17:00:00,243.638671875
2017-04-26 18:00:00,197.11328125
2017-04-26 19:00:00,333.7421875
2017-04-26 20:00:00,508.94921875
2017-04-26 21:00:00,861.638671875
2017-04-26 22:00:00,1080.03125
2017-04-26 23:00:00,131.29296875
2017-04-27 00:00:00,71.380859375
2017-04-27 01:00:00,39.8203125
2017-04-27 02:00:00,2.599609375
2017-04-27 03:00:00,468.69140625
2017-04-27 04:00:00,476.55859375
2017-04-27 05:00:00,504.607421875
2017-04-27 06:00:00,418.2734375
2017-04-27 07:00:00,239.458984375
2017-04-27 08:00:00,583.53125
2017-04-27 09:00:00,649.6484375
2017-04-27 10:00:00,105.779296875
2017-04-27 11:00:00,235.96875
2017-04-27 12:00:00,608.056640625
2017-04-27 13:00:00,244.072265625
2017-04-27 14:00:00,214.734375
2017-04-27 15:00:00,3.845703125
2017-04-27 16:00:00,443.765625
2017-04-27 17:00:00,161.009765625
2017-04-27 18:00:00,217.2578125
2017-04-27 19:00:00,434.6640625
2017-04-27 20:00:00,641.94921875
2017-04-27 21:00:00,942.626953125
2017-04-27 22:00:00,802.8125
2017-04-27 23:00:00,208.017578125
2017-04-28 00:00:00,4.720703125
2017-04-28 01:00:00,82.876953125
2017-04-28 02:00:00,87.55859375
2017-04-28 03:00:00,295.28125
2017-04-28 04:00:00,468.166015625
2017-04-28 05:00:00,297.5234375
2017-04-28 06:00:00,278.216796875
2017-04-28 07:00:00,257.12890625
2017-04-28 08:00:00,425.8828125
2017-04-28 09:00:00,146.3671875
2017-04-28 10:00:00,65.515625
2017-04-28 11:00:00,323.6328125
2017-04-28 12:00:00,139.060546875
2017-04-28 13:00:00,202.3359375
2017-04-28 14:00:00,129.58984375
2017-04-28 15:00:00,386.6484375
2017-04-28 16:00:00,270.5234375
2017-04-28 17:00:00,207.84375
2017-04-28 18:00:00,339.40234375
2017-04-28 19:00:00,689.671875
2017-04-28 20:00:00,256.73828125
2017-04-28 21:00:00,1023.220703125
2017-04-28 22:00:00,822.173828125
2017-04-28 23:00:00,29.482421875
2017-04-29 00:00:00,121.021484375
2017-04-29 01:00:00,80.412109375
2017-04-29 02:00:00,104.744140625
2017-04-29 03:00:00,146.595703125
2017-04-29 04:00:00,529.736328125
2017-04-29 05:00:00,516.28515625
2017-04-29 06:00:00,399.6015625
2017-04-29 07:00:00,674.373046875
2017-04-29 08:00:00,328.427734375
2017-04-29 09:00:00,172.974609375
2017-04-29 10:00:00,168.83203125
2017-04-29 11:00:00,119.41796875
2017-04-29 12:00:00,441.720703125
2017-04-29 13:00:00,308.17578125
2017-04-29 14:00:00,162.81640625
2017-04-29 15:00:00,96.66796875
2017-04-29 16:00:00,246.1328125
2017-04-29 17:00:00,587.5859375
2017-04-29 18:00:00,572.29296875
2017-04-29 19:00:00,464.3984375
2017-04-29 20:00:00,405.48046875
2017-04-29 21:00:00,662.8125
2017-04-29 22:00:00,778.5703125
2017-04-29 23:00:00,318.296875
2017-04-30 00:00:00,99.3984375
2017-04-30 01:00:00,47.720703125
2017-04-30 02:00:00,110.6953125
2017-04-30 03:00:00,42.458984375
2017-04-30 04:00:00,354.43359375
2017-04-30 05:00:00,507.353515625
2017-04-30 06:00:00,562.736328125
2017-04-30 07:00:00,792.802734375
2017-04-30 08:00:00,88.15625
2017-04-30 09:00:00,68.59375
2017-04-30 10:00:00,393.6484375
2017-04-30 11:00:00,151.13671875
2017-04-30 12:00:00,151.373046875
2017-04-30 13:00:00,259.71875
2017-04-30 14:00:00,251.189453125
2017-04-30 15:00:00,1.814453125
2017-04-30 16:00:00,165.958984375
2017-04-30 17:00:00,266.28515625
2017-04-30 18:00:00,209.234375
2017-04-30 19:00:00,824.521484375
2017-04-30 20:00:00,156.771484375
2017-04-30 21:00:00,503.25
2017-04-30 22:00:00,1598.099609375
2017-04-30 23:00:00,406.12890625
2017-05-01 00:00:00,211.03125
2017-05-01 01:00:00,42.9453125
2017-05-01 02:00:00,123.529296875
2017-05-01 03:00:00,379.072265625
2017-05-01 04:00:00,386.078125
2017-05-01 05:00:00,325.38671875
2017-05-01 06:00:00,437.330078125
2017-05-01 07:00:00,473.33203125
2017-05-01 08:00:00,102.921875
2017-05-01 09:00:00,51.484375
2017-05-01 10:00:00,419.5234375
2017-05-01 11:00:00,297.794921875
2017-05-01 12:00:00,563.080078125
2017-05-01 13:00:00,362.248046875
2017-05-01 14:00:00,247.783203125
2017-05-01 15:00:00,22.390625
2017-05-01 16:00:00,147.171875
2017-05-01 17:00:00,1.734375
2017-05-01 18:00:00,33.8203125
2017-05-01 19:00:00,179.05078125
2017-05-01 20:00:00,596.61328125
2017-05-01 21:00:00,1059.576171875
2017-05-01 22:00:00,658.125
2017-05-01 23:00:00,76.849609375
2017-05-02 00:00:00,74.138671875
2017-05-02 01:00:00,269.810546875
2017-05-02 02:00:00,299.99609375
2017-05-02 03:00:00,155.423828125
2017-05-02 04:00:00,245.62890625
2017-05-02 05:00:00,31.595703125
2017-05-02 06:00:00,458.37890625
2017-05-02 07:00:00,580.373046875
2017-05-02 08:00:00,337.259765625
2017-05-02 09:00:00,610.857421875
2017-05-02 10:00:00,193.82421875
2017-05-02 11:00:00,193.138671875
2017-05-02 12:00:00,48.109375
2017-05-02 13:00:00,262.48046875
2017-05-02 14:00:00,275.078125
2017-05-02 15:00:00,472.41796875
2017-05-02 16:00:00,475.53515625
2017-05-02 17:00:00,667.734375
2017-05-02 18:00:00,551.43359375
2017-05-02 19:00:00,1024.521484375
2017-05-02 20:00:00,14.234375
2017-05-02 21:00:00,728.328125
2017-05-02 22:00:00,1240.802734375
2017-05-02 23:00:00,600.921875
2017-05-03 00:00:00,42.79296875
2017-05-03 01:00:00,497.330078125
2017-05-03 02:00:00,26.291015625
2017-05-03 03:00:00,555.4921875
2017-05-03 04:00:00,605.328125
2017-05-03 05:00:00,493.3671875
2017-05-03 06:00:00,40.28515625
2017-05-03 07:00:00,146.986328125
2017-05-03 08:00:00,773.07421875
2017-05-03 09:00:00,761.673828125
2017-05-03 10:00:00,110.19140625
2017-05-03 11:00:00,63.908203125
2017-05-03 12:00:00,324.283203125
2017-05-03 13:00:00,99.14453125
2017-05-03 14:00:00,227.986328125
2017-05-03 15:00:00,433.375
2017-05-03 16:00:00,267.87890625
2017-05-03 17:00:00,53.572265625
2017-05-03 18:00:00,315.294921875
2017-05-03 19:00:00,297.12890625
2017-05-03 20:00:00,149.267578125
2017-05-03 21:00:00,1164.80859375
2017-05-03 22:00:00,1178.5234375
2017-05-03 23:00:00,188.080078125
2017-05-04 00:00:00,80.6015625
2017-05-04 01:00:00,65.59765625
2017-05-04 02:00:00,64.08203125
2017-05-04 03:00:00,345.96875
2017-05-04 04:00:00,461.22265625
2017-05-04 05:00:00,389.96484375
2017-05-04 06:00:00,334.18359375
2017-05-04 07:00:00,41.900390625
2017-05-04 08:00:00,650.3203125
2017-05-04 09:00:00,691.47265625
2017-05-04 10:00:00,148.701171875
2017-05-04 11:00:00,265.212890625
2017-05-04 12:00:00,347.3359375
2017-05-04 13:00:00,342.17578125
2017-05-04 14:00:00,328.375
2017-05-04 15:00:00,191.181640625
2017-05-04 16:00:00,49.169921875
2017-05-04 17:00:00,127.705078125
2017-05-04 18:00:00,17.927734375
2017-05-04 19:00:00,86.71875
2017-05-04 20:00:00,606.02734375
2017-05-04 21:00:00,834.4453125
2017-05-04 22:00:00,1064.873046875
2017-05-04 23:00:00,77.509765625
2017-05-05 00:00:00,112.037109375
2017-05-05 01:00:00,34.576171875
2017-05-05 02:00:00,67.1796875
2017-05-05 03:00:00,393.064453125
2017-05-05 04:00:00,457.763671875
2017-05-05 05:00:00,284.6640625
2017-05-05 06:00:00,270.138671875
2017-05-05 07:00:00,463.955078125
2017-05-05 08:00:00,314.130859375
2017-05-05 09:00:00,97.14453125
2017-05-05 10:00:00,198.84375
2017-05-05 11:00:00,204.00390625
2017-05-05 12:00:00,68.138671875
2017-05-05 13:00:00,291.82421875
2017-05-05 14:00:00,67.072265625
2017-05-05 15:00:00,291.806640625
2017-05-05 16:00:00,61.35546875
2017-05-05 17:00:00,103.92578125
2017-05-05 18:00:00,381.1171875
2017-05-05 19:00:00,200.697265625
2017-05-05 20:00:00,417.861328125
2017-05-05 21:00:00,565.59765625
2017-05-05 22:00:00,567.640625
2017-05-05 23:00:00,40.763671875
2017-05-06 00:00:00,95.23828125
2017-05-06 01:00:00,23.978515625
2017-05-06 02:00:00,113.38671875
2017-05-06 03:00:00,444.826171875
2017-05-06 04:00:00,666.345703125
2017-05-06 05:00:00,717.97265625
2017-05-06 06:00:00,711.625
2017-05-06 07:00:00,852.60546875
2017-05-06 08:00:00,125.00390625
2017-05-06 09:00:00,240.044921875
2017-05-06 10:00:00,647.177734375
2017-05-06 11:00:00,7.15234375
2017-05-06 12:00:00,383.322265625
2017-05-06 13:00:00,259.193359375
2017-05-06 14:00:00,15.849609375
2017-05-06 15:00:00,86.474609375
2017-05-06 16:00:00,79.861328125
2017-05-06 17:00:00,12.087890625
2017-05-06 18:00:00,52.861328125
2017-05-06 19:00:00,336.6640625
2017-05-06 20:00:00,3.607421875
2017-05-06 21:00:00,761.375
2017-05-06 22:00:00,1064.09765625
2017-05-06 23:00:00,141.2265625
2017-05-07 00:00:00,82.18359375
2017-05-07 01:00:00,253.359375
2017-05-07 02:00:00,124.779296875
2017-05-07 03:00:00,396.060546875
2017-05-07 04:00:00,526.322265625
2017-05-07 05:00:00,631.998046875
2017-05-07 06:00:00,628.38671875
2017-05-07 07:00:00,899.74609375
2017-05-07 08:00:00,195.53515625
2017-05-07 09:00:00,187.08203125
2017-05-07 10:00:00,334.634765625
2017-05-07 11:00:00,359.673828125
2017-05-07 12:00:00,214.298828125
2017-05-07 13:00:00,25.73828125
2017-05-07 14:00:00,4.5546875
2017-05-07 15:00:00,19.853515625
2017-05-07 16:00:00,64.50390625
2017-05-07 17:00:00,264.525390625
2017-05-07 18:00:00,141.34375
2017-05-07 19:00:00,127.9140625
2017-05-07 20:00:00,185.72265625
2017-05-07 21:00:00,664.037109375
2017-05-07 22:00:00,993.4375
2017-05-07 23:00:00,183.453125
2017-05-08 00:00:00,191.2890625
2017-05-08 01:00:00,111.69921875
2017-05-08 02:00:00,163.150390625
2017-05-08 03:00:00,5.201171875
2017-05-08 04:00:00,142.005859375
2017-05-08 05:00:00,80.794921875
2017-05-08 06:00:00,748.72265625
2017-05-08 07:00:00,656.4453125
2017-05-08 08:00:00,228.7734375
2017-05-08 09:00:00,226.13671875
2017-05-08 10:00:00,374.482421875
2017-05-08 11:00:00,633.69140625
2017-05-08 12:00:00,681.814453125
2017-05-08 13:00:00,616.533203125
2017-05-08 14:00:00,413.0078125
2017-05-08 15:00:00,84.806640625
2017-05-08 16:00:00,331.994140625
2017-05-08 17:00:00,35.91015625
2017-05-08 18:00:00,290.77734375
2017-05-08 19:00:00,93.380859375
2017-05-08 20:00:00,615.880859375
2017-05-08 21:00:00,1198.26953125
2017-05-08 22:00:00,893.66796875
2017-05-08 23:00:00,242.267578125
2017-05-09 00:00:00,305.4375
2017-05-09 01:00:00,83.015625
2017-05-09 02:00:00,199.212890625
2017-05-09 03:00:00,61.62109375
2017-05-09 04:00:00,313.501953125
2017-05-09 05:00:00,14.4609375
2017-05-09 06:00:00,379.259765625
2017-05-09 07:00:00,394.3828125
2017-05-09 08:00:00,462.837890625
2017-05-09 09:00:00,917.037109375
2017-05-09 10:00:00,127.904296875
2017-05-09 11:00:00,390.736328125
2017-05-09 12:00:00,316.171875
2017-05-09 13:00:00,437.435546875
2017-05-09 14:00:00,144.869140625
2017-05-09 15:00:00,86.916015625
2017-05-09 16:00:00,152.634765625
2017-05-09 17:00:00,199.49609375
2017-05-09 18:00:00,214.125
2017-05-09 19:00:00,76.259765625
2017-05-09 20:00:00,365.150390625
2017-05-09 21:00:00,1204.86328125
2017-05-09 22:00:00,1061.267578125
2017-05-09 23:00:00,428.474609375
2017-05-10 00:00:00,125.79296875
2017-05-10 01:00:00,15.568359375
2017-05-10 02:00:00,65.9765625
2017-05-10 03:00:00,280.9609375
2017-05-10 04:00:00,437.181640625
2017-05-10 05:00:00,320.521484375
2017-05-10 06:00:00,416.642578125
2017-05-10 07:00:00,105.794921875
2017-05-10 08:00:00,446.755859375
2017-05-10 09:00:00,714.482421875
2017-05-10 10:00:00,26.630859375
2017-05-10 11:00:00,342.86328125
2017-05-10 12:00:00,500.52734375
2017-05-10 13:00:00,595.375
2017-05-10 14:00:00,322.48828125
2017-05-10 15:00:00,27.62109375
2017-05-10 16:00:00,378.8046875
2017-05-10 17:00:00,87.55078125
2017-05-10 18:00:00,313.037109375
2017-05-10 19:00:00,82.876953125
2017-05-10 20:00:00,542.31640625
2017-05-10 21:00:00,1222.720703125
2017-05-10 22:00:00,1023.427734375
2017-05-10 23:00:00,218.982421875
2017-05-11 00:00:00,85.5078125
2017-05-11 01:00:00,111.796875
2017-05-11 02:00:00,17.15625
2017-05-11 03:00:00,365.0546875
2017-05-11 04:00:00,482.923828125
2017-05-11 05:00:00,344.5078125
2017-05-11 06:00:00,188.869140625
2017-05-11 07:00:00,340.111328125
2017-05-11 08:00:00,524.7421875
2017-05-11 09:00:00,438.705078125
2017-05-11 10:00:00,236.228515625
2017-05-11 11:00:00,293.3515625
2017-05-11 12:00:00,296.845703125
2017-05-11 13:00:00,92.9140625
2017-05-11 14:00:00,230.455078125
2017-05-11 15:00:00,183.345703125
2017-05-11 16:00:00,64.416015625
2017-05-11 17:00:00,75.787109375
2017-05-11 18:00:00,210.50390625
2017-05-11 19:00:00,84.8125
2017-05-11 20:00:00,476.802734375
2017-05-11 21:00:00,925.298828125
2017-05-11 22:00:00,935.498046875
2017-05-11 23:00:00,106.361328125
2017-05-12 00:00:00,194.20703125
2017-05-12 01:00:00,6.4765625
2017-05-12 02:00:00,130.970703125
2017-05-12 03:00:00,280.51171875
2017-05-12 04:00:00,370.140625
2017-05-12 05:00:00,237.25390625
2017-05-12 06:00:00,247.728515625
2017-05-12 07:00:00,244.51953125
2017-05-12 08:00:00,630.85546875
2017-05-12 09:00:00,593.578125
2017-05-12 10:00:00,213.162109375
2017-05-12 11:00:00,128.7109375
2017-05-12 12:00:00,194.341796875
2017-05-12 13:00:00,188.412109375
2017-05-12 14:00:00,75.52734375
2017-05-12 15:00:00,240.142578125
2017-05-12 16:00:00,103.40234375
2017-05-12 17:00:00,59.7734375
2017-05-12 18:00:00,51.0546875
2017-05-12 19:00:00,268.900390625
2017-05-12 20:00:00,400.904296875
2017-05-12 21:00:00,771.80078125
2017-05-12 22:00:00,763.099609375
2017-05-12 23:00:00,12.6328125
2017-05-13 00:00:00,67.44140625
2017-05-13 01:00:00,112.345703125
2017-05-13 02:00:00,33.455078125
2017-05-13 03:00:00,404.1171875
2017-05-13 04:00:00,482.873046875
2017-05-13 05:00:00,686.85546875
2017-05-13 06:00:00,494.73046875
2017-05-13 07:00:00,641.94921875
2017-05-13 08:00:00,56.841796875
2017-05-13 09:00:00,5.533203125
2017-05-13 10:00:00,261.6171875
2017-05-13 11:00:00,24.50390625
2017-05-13 12:00:00,134.326171875
2017-05-13 13:00:00,6.625
2017-05-13 14:00:00,15.83984375
2017-05-13 15:00:00,98.94140625
2017-05-13 16:00:00,173.9140625
2017-05-13 17:00:00,207.7109375
2017-05-13 18:00:00,71.341796875
2017-05-13 19:00:00,61.4140625
2017-05-13 20:00:00,142.671875
2017-05-13 21:00:00,678.26171875
2017-05-13 22:00:00,598.111328125
2017-05-13 23:00:00,83.494140625
2017-05-14 00:00:00,112.283203125
2017-05-14 01:00:00,90.48046875
2017-05-14 02:00:00,26.185546875
2017-05-14 03:00:00,255.822265625
2017-05-14 04:00:00,418.498046875
2017-05-14 05:00:00,531.828125
2017-05-14 06:00:00,626.02734375
2017-05-14 07:00:00,821.421875
2017-05-14 08:00:00,117.498046875
2017-05-14 09:00:00,431.109375
2017-05-14 10:00:00,541.0859375
2017-05-14 11:00:00,298.90625
2017-05-14 12:00:00,411.47265625
2017-05-14 13:00:00,54.916015625
2017-05-14 14:00:00,79.91796875
2017-05-14 15:00:00,199.626953125
2017-05-14 16:00:00,636.552734375
2017-05-14 17:00:00,310.462890625
2017-05-14 18:00:00,279.375
2017-05-14 19:00:00,288.607421875
2017-05-14 20:00:00,163.91015625
2017-05-14 21:00:00,655.9296875
2017-05-14 22:00:00,1075.06640625
2017-05-14 23:00:00,342.861328125
2017-05-15 00:00:00,343.78125
2017-05-15 01:00:00,156.41796875
2017-05-15 02:00:00,131.392578125
2017-05-15 03:00:00,334.326171875
2017-05-15 04:00:00,458.16796875
2017-05-15 05:00:00,150.056640625
2017-05-15 06:00:00,368.421875
2017-05-15 07:00:00,191.0390625
2017-05-15 08:00:00,127.43359375
2017-05-15 09:00:00,567.427734375
2017-05-15 10:00:00,516.244140625
2017-05-15 11:00:00,678.154296875
2017-05-15 12:00:00,606.818359375
2017-05-15 13:00:00,785.025390625
2017-05-15 14:00:00,634.029296875
2017-05-15 15:00:00,189.818359375
2017-05-15 16:00:00,289.240234375
2017-05-15 17:00:00,415.921875
2017-05-15 18:00:00,183.74609375
2017-05-15 19:00:00,12.4921875
2017-05-15 20:00:00,423.943359375
2017-05-15 21:00:00,1205.015625
2017-05-15 22:00:00,586.93359375
2017-05-15 23:00:00,416.677734375
2017-05-16 00:00:00,172.826171875
2017-05-16 01:00:00,64.41796875
2017-05-16 02:00:00,102.36328125
2017-05-16 03:00:00,394.6328125
2017-05-16 04:00:00,594.099609375
2017-05-16 05:00:00,362.470703125
2017-05-16 06:00:00,1.81640625
2017-05-16 07:00:00,233.20703125
2017-05-16 08:00:00,664.294921875
2017-05-16 09:00:00,552.796875
2017-05-16 10:00:00,392.6171875
2017-05-16 11:00:00,278.845703125
2017-05-16 12:00:00,471.91796875
2017-05-16 13:00:00,475.40625
2017-05-16 14:00:00,380.03125
2017-05-16 15:00:00,54.298828125
2017-05-16 16:00:00,82.7109375
2017-05-16 17:00:00,78.126953125
2017-05-16 18:00:00,232.67578125
2017-05-16 19:00:00,125.279296875
2017-05-16 20:00:00,80.8828125
2017-05-16 21:00:00,910.43359375
2017-05-16 22:00:00,303.083984375
2017-05-16 23:00:00,824.31640625
2017-05-17 00:00:00,227.009765625
2017-05-17 01:00:00,155.037109375
2017-05-17 02:00:00,122.048828125
2017-05-17 03:00:00,343.421875
2017-05-17 04:00:00,535.236328125
2017-05-17 05:00:00,360.720703125
2017-05-17 06:00:00,2.681640625
2017-05-17 07:00:00,403.94921875
2017-05-17 08:00:00,206.9140625
2017-05-17 09:00:00,218.7109375
2017-05-17 10:00:00,410.720703125
2017-05-17 11:00:00,755.462890625
2017-05-17 12:00:00,509.244140625
2017-05-17 13:00:00,787.77734375
2017-05-17 14:00:00,664.58984375
2017-05-17 15:00:00,727.62890625
2017-05-17 16:00:00,946.6953125
2017-05-17 17:00:00,1068.0859375
2017-05-17 18:00:00,842.46484375
2017-05-17 19:00:00,350.92578125
2017-05-17 20:00:00,819.83203125
2017-05-17 21:00:00,1813.87109375
2017-05-17 22:00:00,469.08203125
2017-05-17 23:00:00,264.7578125
2017-05-18 00:00:00,531.35546875
2017-05-18 01:00:00,43.2578125
2017-05-18 02:00:00,556.19140625
2017-05-18 03:00:00,294.52734375
2017-05-18 04:00:00,70.240234375
2017-05-18 05:00:00,464.86328125
2017-05-18 06:00:00,453.13671875
2017-05-18 07:00:00,790.537109375
2017-05-18 08:00:00,557.8046875
2017-05-18 09:00:00,15.875
2017-05-18 10:00:00,477.39453125
2017-05-18 11:00:00,588.8125
2017-05-18 12:00:00,638.22265625
2017-05-18 13:00:00,477.7890625
2017-05-18 14:00:00,527.5625
2017-05-18 15:00:00,189.33203125
2017-05-18 16:00:00,433.40625
2017-05-18 17:00:00,378.59765625
2017-05-18 18:00:00,198.5703125
2017-05-18 19:00:00,198.78515625
2017-05-18 20:00:00,555.1015625
2017-05-18 21:00:00,1392.86328125
2017-05-18 22:00:00,348.671875
2017-05-18 23:00:00,339.9765625
2017-05-19 00:00:00,371.65625
2017-05-19 01:00:00,144.037109375
2017-05-19 02:00:00,332.138671875
2017-05-19 03:00:00,361.509765625
2017-05-19 04:00:00,490.6953125
2017-05-19 05:00:00,324.7734375
2017-05-19 06:00:00,141.345703125
2017-05-19 07:00:00,254.0546875
2017-05-19 08:00:00,19.8125
2017-05-19 09:00:00,488.890625
2017-05-19 10:00:00,240.4375
2017-05-19 11:00:00,108.3125
2017-05-19 12:00:00,183.78515625
2017-05-19 13:00:00,123.515625
2017-05-19 14:00:00,352.796875
2017-05-19 15:00:00,176.94140625
2017-05-19 16:00:00,171.15625
2017-05-19 17:00:00,153.125
2017-05-19 18:00:00,227.125
2017-05-19 19:00:00,604.9921875
2017-05-19 20:00:00,390.0234375
2017-05-19 21:00:00,1142.43359375
2017-05-19 22:00:00,164.77734375
2017-05-19 23:00:00,163.953125
2017-05-20 00:00:00,427.634765625
2017-05-20 01:00:00,732.2890625
2017-05-20 02:00:00,327.984375
2017-05-20 03:00:00,1066.060546875
2017-05-20 04:00:00,986.05078125
2017-05-20 05:00:00,1043.380859375
2017-05-20 06:00:00,1028.58984375
2017-05-20 07:00:00,1176.84765625
2017-05-20 08:00:00,378.05859375
2017-05-20 09:00:00,735.359375
2017-05-20 10:00:00,1052.609375
2017-05-20 11:00:00,1093.234375
2017-05-20 12:00:00,1047.017578125
2017-05-20 13:00:00,1020.8359375
2017-05-20 14:00:00,764.693359375
2017-05-20 15:00:00,776.029296875
2017-05-20 16:00:00,862.14453125
2017-05-20 17:00:00,639.884765625
2017-05-20 18:00:00,852.779296875
2017-05-20 19:00:00,821.3515625
2017-05-20 20:00:00,537.6484375
2017-05-20 21:00:00,263.794921875
2017-05-20 22:00:00,1119.45703125
2017-05-20 23:00:00,723.109375
2017-05-21 00:00:00,305.26171875
2017-05-21 01:00:00,548.560546875
2017-05-21 02:00:00,414.43359375
2017-05-21 03:00:00,648.16796875
2017-05-21 04:00:00,847.91015625
2017-05-21 05:00:00,896.005859375
2017-05-21 06:00:00,1113.60546875
2017-05-21 07:00:00,1085.583984375
2017-05-21 08:00:00,331.62109375
2017-05-21 09:00:00,528.984375
2017-05-21 10:00:00,620.798828125
2017-05-21 11:00:00,570.646484375
2017-05-21 12:00:00,81.650390625
2017-05-21 13:00:00,180.333984375
2017-05-21 14:00:00,76.681640625
2017-05-21 15:00:00,97.359375
2017-05-21 16:00:00,112.515625
2017-05-21 17:00:00,139.08203125
2017-05-21 18:00:00,42.626953125
2017-05-21 19:00:00,271.732421875
2017-05-21 20:00:00,198.091796875
2017-05-21 21:00:00,679.158203125
2017-05-21 22:00:00,914.84375
2017-05-21 23:00:00,229.033203125
2017-05-22 00:00:00,7.486328125
2017-05-22 01:00:00,56.22265625
2017-05-22 02:00:00,61.974609375
2017-05-22 03:00:00,297.658203125
2017-05-22 04:00:00,386.244140625
2017-05-22 05:00:00,165.22265625
2017-05-22 06:00:00,417.978515625
2017-05-22 07:00:00,443.39453125
2017-05-22 08:00:00,153.607421875
2017-05-22 09:00:00,35.271484375
2017-05-22 10:00:00,623.849609375
2017-05-22 11:00:00,565.779296875
2017-05-22 12:00:00,563.109375
2017-05-22 13:00:00,548.69140625
2017-05-22 14:00:00,367.544921875
2017-05-22 15:00:00,93.7578125
2017-05-22 16:00:00,98.853515625
2017-05-22 17:00:00,268.236328125
2017-05-22 18:00:00,67.904296875
2017-05-22 19:00:00,235.00390625
2017-05-22 20:00:00,518.0859375
2017-05-22 21:00:00,818.392578125
2017-05-22 22:00:00,390.560546875
2017-05-22 23:00:00,423.5
2017-05-23 00:00:00,387.935546875
2017-05-23 01:00:00,67.326171875
2017-05-23 02:00:00,58.064453125
2017-05-23 03:00:00,248.7890625
2017-05-23 04:00:00,574.294921875
2017-05-23 05:00:00,257.48828125
2017-05-23 06:00:00,126.3046875
2017-05-23 07:00:00,124.97265625
2017-05-23 08:00:00,328.076171875
2017-05-23 09:00:00,582.421875
2017-05-23 10:00:00,18.640625
2017-05-23 11:00:00,159.486328125
2017-05-23 12:00:00,5.876953125
2017-05-23 13:00:00,306.9375
2017-05-23 14:00:00,69.490234375
2017-05-23 15:00:00,420.521484375
2017-05-23 16:00:00,164.994140625
2017-05-23 17:00:00,299.490234375
2017-05-23 18:00:00,193.626953125
2017-05-23 19:00:00,360.302734375
2017-05-23 20:00:00,439.578125
2017-05-23 21:00:00,707.1640625
2017-05-23 22:00:00,766.103515625
2017-05-23 23:00:00,516.314453125
2017-05-24 00:00:00,191.533203125
2017-05-24 01:00:00,203.337890625
2017-05-24 02:00:00,122.50390625
2017-05-24 03:00:00,459.533203125
2017-05-24 04:00:00,493.10546875
2017-05-24 05:00:00,351.8828125
2017-05-24 06:00:00,138.671875
2017-05-24 07:00:00,125.39453125
2017-05-24 08:00:00,392.173828125
2017-05-24 09:00:00,589.375
2017-05-24 10:00:00,113.037109375
2017-05-24 11:00:00,84.7578125
2017-05-24 12:00:00,157.171875
2017-05-24 13:00:00,419.486328125
2017-05-24 14:00:00,58.875
2017-05-24 15:00:00,220.5703125
2017-05-24 16:00:00,257.673828125
2017-05-24 17:00:00,160.587890625
2017-05-24 18:00:00,458.00390625
2017-05-24 19:00:00,310.4921875
2017-05-24 20:00:00,426.953125
2017-05-24 21:00:00,926.6171875
2017-05-24 22:00:00,796.7109375
2017-05-24 23:00:00,342.5546875
2017-05-25 00:00:00,77.6796875
2017-05-25 01:00:00,96.31640625
2017-05-25 02:00:00,35.701171875
2017-05-25 03:00:00,400.25
2017-05-25 04:00:00,443.76171875
2017-05-25 05:00:00,435.064453125
2017-05-25 06:00:00,201.962890625
2017-05-25 07:00:00,395.20703125
2017-05-25 08:00:00,395.5703125
2017-05-25 09:00:00,305.064453125
2017-05-25 10:00:00,44.216796875
2017-05-25 11:00:00,91.16796875
2017-05-25 12:00:00,35.43359375
2017-05-25 13:00:00,158.841796875
2017-05-25 14:00:00,70.482421875
2017-05-25 15:00:00,416.919921875
2017-05-25 16:00:00,50.357421875
2017-05-25 17:00:00,113.828125
2017-05-25 18:00:00,245.853515625
2017-05-25 19:00:00,525.51171875
2017-05-25 20:00:00,101.794921875
2017-05-25 21:00:00,714.931640625
2017-05-25 22:00:00,650.1015625
2017-05-25 23:00:00,173.091796875
2017-05-26 00:00:00,110.623046875
2017-05-26 01:00:00,10.53125
2017-05-26 02:00:00,104.46484375
2017-05-26 03:00:00,322.208984375
2017-05-26 04:00:00,608.326171875
2017-05-26 05:00:00,308.208984375
2017-05-26 06:00:00,45.025390625
2017-05-26 07:00:00,187.474609375
2017-05-26 08:00:00,423.5
2017-05-26 09:00:00,457.30078125
2017-05-26 10:00:00,62.421875
2017-05-26 11:00:00,281.802734375
2017-05-26 12:00:00,14.98046875
2017-05-26 13:00:00,139.240234375
2017-05-26 14:00:00,87.09765625
2017-05-26 15:00:00,348.431640625
2017-05-26 16:00:00,232.224609375
2017-05-26 17:00:00,187.1640625
2017-05-26 18:00:00,450.09765625
2017-05-26 19:00:00,515.77734375
2017-05-26 20:00:00,168.037109375
2017-05-26 21:00:00,806.8203125
2017-05-26 22:00:00,173.359375
2017-05-26 23:00:00,499.521484375
2017-05-27 00:00:00,91.5859375
2017-05-27 01:00:00,126.345703125
2017-05-27 02:00:00,280.98046875
2017-05-27 03:00:00,346.9921875
2017-05-27 04:00:00,740.3359375
2017-05-27 05:00:00,739.6953125
2017-05-27 06:00:00,1063.134765625
2017-05-27 07:00:00,752.716796875
2017-05-27 08:00:00,105.400390625
2017-05-27 09:00:00,291.095703125
2017-05-27 10:00:00,415.115234375
2017-05-27 11:00:00,169.810546875
2017-05-27 12:00:00,132.451171875
2017-05-27 13:00:00,83.27734375
2017-05-27 14:00:00,154.732421875
2017-05-27 15:00:00,350.486328125
2017-05-27 16:00:00,34.732421875
2017-05-27 17:00:00,61.4453125
2017-05-27 18:00:00,18.908203125
2017-05-27 19:00:00,182.623046875
2017-05-27 20:00:00,10.951171875
2017-05-27 21:00:00,780.048828125
2017-05-27 22:00:00,315.8671875
2017-05-27 23:00:00,457.875
2017-05-28 00:00:00,120.1796875
2017-05-28 01:00:00,253.810546875
2017-05-28 02:00:00,69.392578125
2017-05-28 03:00:00,384.6015625
2017-05-28 04:00:00,548.859375
2017-05-28 05:00:00,666.361328125
2017-05-28 06:00:00,1039.40625
2017-05-28 07:00:00,779.916015625
2017-05-28 08:00:00,142.4296875
2017-05-28 09:00:00,264.84375
2017-05-28 10:00:00,369.705078125
2017-05-28 11:00:00,246.53515625
2017-05-28 12:00:00,5.521484375
2017-05-28 13:00:00,62.705078125
2017-05-28 14:00:00,90.388671875
2017-05-28 15:00:00,344.515625
2017-05-28 16:00:00,248.873046875
2017-05-28 17:00:00,95.498046875
2017-05-28 18:00:00,53.529296875
2017-05-28 19:00:00,139.275390625
2017-05-28 20:00:00,248.712890625
2017-05-28 21:00:00,623.517578125
2017-05-28 22:00:00,507.52734375
2017-05-28 23:00:00,18.732421875
2017-05-29 00:00:00,281.50390625
2017-05-29 01:00:00,182.33203125
2017-05-29 02:00:00,242.46484375
2017-05-29 03:00:00,416.458984375
2017-05-29 04:00:00,516.8046875
2017-05-29 05:00:00,654.419921875
2017-05-29 06:00:00,556.693359375
2017-05-29 07:00:00,878.6328125
2017-05-29 08:00:00,165.2890625
2017-05-29 09:00:00,131.84375
2017-05-29 10:00:00,157.22265625
2017-05-29 11:00:00,195.814453125
2017-05-29 12:00:00,138.44921875
2017-05-29 13:00:00,106.265625
2017-05-29 14:00:00,73.1171875
2017-05-29 15:00:00,357.564453125
2017-05-29 16:00:00,226.966796875
2017-05-29 17:00:00,421.658203125
2017-05-29 18:00:00,155.6953125
2017-05-29 19:00:00,164.720703125
2017-05-29 20:00:00,362.28515625
2017-05-29 21:00:00,739.72265625
2017-05-29 22:00:00,350.44921875
2017-05-29 23:00:00,681.734375
2017-05-30 00:00:00,272.345703125
2017-05-30 01:00:00,62.234375
2017-05-30 02:00:00,14.404296875
2017-05-30 03:00:00,273.310546875
2017-05-30 04:00:00,474.357421875
2017-05-30 05:00:00,130.359375
2017-05-30 06:00:00,351.779296875
2017-05-30 07:00:00,341.234375
2017-05-30 08:00:00,49.369140625
2017-05-30 09:00:00,229.478515625
2017-05-30 10:00:00,408.484375
2017-05-30 11:00:00,370.83203125
2017-05-30 12:00:00,289.08984375
2017-05-30 13:00:00,393.720703125
2017-05-30 14:00:00,76.5
2017-05-30 15:00:00,91.0546875
2017-05-30 16:00:00,103.5078125
2017-05-30 17:00:00,41.69921875
2017-05-30 18:00:00,47.58984375
2017-05-30 19:00:00,170.29296875
2017-05-30 20:00:00,165.95703125
2017-05-30 21:00:00,684.294921875
2017-05-30 22:00:00,483.162109375
2017-05-30 23:00:00,354.443359375
2017-05-31 00:00:00,293.056640625
2017-05-31 01:00:00,2.4453125
2017-05-31 02:00:00,101.953125
2017-05-31 03:00:00,316.9765625
2017-05-31 04:00:00,411.091796875
2017-05-31 05:00:00,360.87109375
2017-05-31 06:00:00,364.271484375
2017-05-31 07:00:00,225.78515625
2017-05-31 08:00:00,261.78515625
2017-05-31 09:00:00,271.66796875
2017-05-31 10:00:00,152.611328125
2017-05-31 11:00:00,428.67578125
2017-05-31 12:00:00,178.861328125
2017-05-31 13:00:00,145.5546875
2017-05-31 14:00:00,227.94921875
2017-05-31 15:00:00,363.7265625
2017-05-31 16:00:00,79.296875
2017-05-31 17:00:00,48.7265625
2017-05-31 18:00:00,118.65234375
2017-05-31 19:00:00,575.22265625
2017-05-31 20:00:00,149.21875
2017-05-31 21:00:00,557.482421875
2017-05-31 22:00:00,214.28515625
2017-05-31 23:00:00,1146.65625
2017-06-01 00:00:00,305.04296875
2017-06-01 01:00:00,150.21484375
2017-06-01 02:00:00,22.1015625
2017-06-01 03:00:00,71.869140625
2017-06-01 04:00:00,458.6015625
2017-06-01 05:00:00,253.75
2017-06-01 06:00:00,75.693359375
2017-06-01 07:00:00,451.939453125
2017-06-01 08:00:00,198.205078125
2017-06-01 09:00:00,434.771484375
2017-06-01 10:00:00,176.302734375
2017-06-01 11:00:00,57.90234375
2017-06-01 12:00:00,56.572265625
2017-06-01 13:00:00,55.458984375
2017-06-01 14:00:00,326.5078125
2017-06-01 15:00:00,395.703125
2017-06-01 16:00:00,286.9921875
2017-06-01 17:00:00,320.28515625
2017-06-01 18:00:00,231.15234375
2017-06-01 19:00:00,743.8671875
2017-06-01 20:00:00,368.0
2017-06-01 21:00:00,215.53125
2017-06-01 22:00:00,1.29296875
2017-06-01 23:00:00,1304.208984375
2017-06-02 00:00:00,175.42578125
2017-06-02 01:00:00,390.44140625
2017-06-02 02:00:00,76.021484375
2017-06-02 03:00:00,242.837890625
2017-06-02 04:00:00,689.412109375
2017-06-02 05:00:00,414.3125
2017-06-02 06:00:00,24.380859375
2017-06-02 07:00:00,117.91796875
2017-06-02 08:00:00,234.59375
2017-06-02 09:00:00,601.892578125
2017-06-02 10:00:00,17.99609375
2017-06-02 11:00:00,33.689453125
2017-06-02 12:00:00,148.404296875
2017-06-02 13:00:00,106.673828125
2017-06-02 14:00:00,175.3515625
2017-06-02 15:00:00,842.234375
2017-06-02 16:00:00,466.64453125
2017-06-02 17:00:00,626.328125
2017-06-02 18:00:00,810.78125
2017-06-02 19:00:00,997.66796875
2017-06-02 20:00:00,645.826171875
2017-06-02 21:00:00,149.484375
2017-06-02 22:00:00,271.548828125
2017-06-02 23:00:00,925.755859375
2017-06-03 00:00:00,102.0859375
2017-06-03 01:00:00,343.447265625
2017-06-03 02:00:00,242.107421875
2017-06-03 03:00:00,473.75390625
2017-06-03 04:00:00,750.916015625
2017-06-03 05:00:00,836.0703125
2017-06-03 06:00:00,814.359375
2017-06-03 07:00:00,699.107421875
2017-06-03 08:00:00,142.150390625
2017-06-03 09:00:00,150.544921875
2017-06-03 10:00:00,577.111328125
2017-06-03 11:00:00,345.341796875
2017-06-03 12:00:00,270.482421875
2017-06-03 13:00:00,254.541015625
2017-06-03 14:00:00,48.703125
2017-06-03 15:00:00,62.40625
2017-06-03 16:00:00,88.19140625
2017-06-03 17:00:00,64.169921875
2017-06-03 18:00:00,90.7734375
2017-06-03 19:00:00,521.630859375
2017-06-03 20:00:00,458.599609375
2017-06-03 21:00:00,163.205078125
2017-06-03 22:00:00,340.8203125
2017-06-03 23:00:00,789.962890625
2017-06-04 00:00:00,362.568359375
2017-06-04 01:00:00,277.818359375
2017-06-04 02:00:00,107.072265625
2017-06-04 03:00:00,483.978515625
2017-06-04 04:00:00,694.83203125
2017-06-04 05:00:00,740.03515625
2017-06-04 06:00:00,1163.59375
2017-06-04 07:00:00,692.78515625
2017-06-04 08:00:00,257.626953125
2017-06-04 09:00:00,99.4375
2017-06-04 10:00:00,217.72265625
2017-06-04 11:00:00,87.013671875
2017-06-04 12:00:00,97.24609375
2017-06-04 13:00:00,628.703125
2017-06-04 14:00:00,5.08984375
2017-06-04 15:00:00,281.404296875
2017-06-04 16:00:00,177.025390625
2017-06-04 17:00:00,182.900390625
2017-06-04 18:00:00,65.208984375
2017-06-04 19:00:00,215.888671875
2017-06-04 20:00:00,109.15625
2017-06-04 21:00:00,760.162109375
2017-06-04 22:00:00,187.654296875
2017-06-04 23:00:00,824.830078125
2017-06-05 00:00:00,483.51953125
2017-06-05 01:00:00,296.12109375
2017-06-05 02:00:00,475.294921875
2017-06-05 03:00:00,162.60546875
2017-06-05 04:00:00,12.921875
2017-06-05 05:00:00,325.791015625
2017-06-05 06:00:00,613.486328125
2017-06-05 07:00:00,637.853515625
2017-06-05 08:00:00,525.2578125
2017-06-05 09:00:00,333.142578125
2017-06-05 10:00:00,399.24609375
2017-06-05 11:00:00,378.736328125
2017-06-05 12:00:00,104.072265625
2017-06-05 13:00:00,101.0625
2017-06-05 14:00:00,173.4140625
2017-06-05 15:00:00,610.4765625
2017-06-05 16:00:00,370.359375
2017-06-05 17:00:00,105.052734375
2017-06-05 18:00:00,404.7734375
2017-06-05 19:00:00,512.55859375
2017-06-05 20:00:00,81.841796875
2017-06-05 21:00:00,489.47265625
2017-06-05 22:00:00,420.181640625
2017-06-05 23:00:00,777.84375
2017-06-06 00:00:00,45.49609375
2017-06-06 01:00:00,102.275390625
2017-06-06 02:00:00,37.7109375
2017-06-06 03:00:00,27.626953125
2017-06-06 04:00:00,485.875
2017-06-06 05:00:00,149.615234375
2017-06-06 06:00:00,107.525390625
2017-06-06 07:00:00,358.09375
2017-06-06 08:00:00,358.728515625
2017-06-06 09:00:00,647.744140625
2017-06-06 10:00:00,57.123046875
2017-06-06 11:00:00,86.439453125
2017-06-06 12:00:00,157.16796875
2017-06-06 13:00:00,218.029296875
2017-06-06 14:00:00,297.40625
2017-06-06 15:00:00,475.89453125
2017-06-06 16:00:00,431.666015625
2017-06-06 17:00:00,785.359375
2017-06-06 18:00:00,386.732421875
2017-06-06 19:00:00,917.291015625
2017-06-06 20:00:00,44.1875
2017-06-06 21:00:00,355.083984375
2017-06-06 22:00:00,525.083984375
2017-06-06 23:00:00,731.048828125
2017-06-07 00:00:00,17.376953125
2017-06-07 01:00:00,166.8046875
2017-06-07 02:00:00,148.455078125
2017-06-07 03:00:00,216.9921875
2017-06-07 04:00:00,696.685546875
2017-06-07 05:00:00,271.673828125
2017-06-07 06:00:00,70.16015625
2017-06-07 07:00:00,244.7265625
2017-06-07 08:00:00,534.83203125
2017-06-07 09:00:00,689.828125
2017-06-07 10:00:00,108.447265625
2017-06-07 11:00:00,65.625
2017-06-07 12:00:00,91.548828125
2017-06-07 13:00:00,36.94140625
2017-06-07 14:00:00,71.0546875
2017-06-07 15:00:00,470.611328125
2017-06-07 16:00:00,324.833984375
2017-06-07 17:00:00,289.244140625
2017-06-07 18:00:00,470.2109375
2017-06-07 19:00:00,365.138671875
2017-06-07 20:00:00,166.099609375
2017-06-07 21:00:00,569.44140625
2017-06-07 22:00:00,4.8203125
2017-06-07 23:00:00,1105.416015625
2017-06-08 00:00:00,230.416015625
2017-06-08 01:00:00,106.328125
2017-06-08 02:00:00,115.82421875
2017-06-08 03:00:00,331.763671875
2017-06-08 04:00:00,538.076171875
2017-06-08 05:00:00,319.361328125
2017-06-08 06:00:00,153.771484375
2017-06-08 07:00:00,330.833984375
2017-06-08 08:00:00,465.451171875
2017-06-08 09:00:00,464.892578125
2017-06-08 10:00:00,124.806640625
2017-06-08 11:00:00,326.708984375
2017-06-08 12:00:00,102.193359375
2017-06-08 13:00:00,225.697265625
2017-06-08 14:00:00,44.96875
2017-06-08 15:00:00,301.923828125
2017-06-08 16:00:00,421.892578125
2017-06-08 17:00:00,692.1328125
2017-06-08 18:00:00,747.013671875
2017-06-08 19:00:00,172.865234375
2017-06-08 20:00:00,33.078125
2017-06-08 21:00:00,611.5546875
2017-06-08 22:00:00,145.611328125
2017-06-08 23:00:00,1129.619140625
2017-06-09 00:00:00,159.595703125
2017-06-09 01:00:00,55.0390625
2017-06-09 02:00:00,76.041015625
2017-06-09 03:00:00,269.677734375
2017-06-09 04:00:00,585.61328125
2017-06-09 05:00:00,378.28515625
2017-06-09 06:00:00,139.16015625
2017-06-09 07:00:00,218.537109375
2017-06-09 08:00:00,459.42578125
2017-06-09 09:00:00,290.966796875
2017-06-09 10:00:00,25.46875
2017-06-09 11:00:00,344.630859375
2017-06-09 12:00:00,263.771484375
2017-06-09 13:00:00,213.375
2017-06-09 14:00:00,335.98828125
2017-06-09 15:00:00,170.115234375
2017-06-09 16:00:00,61.02734375
2017-06-09 17:00:00,85.7109375
2017-06-09 18:00:00,22.8515625
2017-06-09 19:00:00,386.6328125
2017-06-09 20:00:00,253.0234375
2017-06-09 21:00:00,243.556640625
2017-06-09 22:00:00,537.458984375
2017-06-09 23:00:00,818.85546875
2017-06-10 00:00:00,303.2265625
2017-06-10 01:00:00,48.810546875
2017-06-10 02:00:00,80.7734375
2017-06-10 03:00:00,64.541015625
2017-06-10 04:00:00,534.171875
2017-06-10 05:00:00,631.021484375
2017-06-10 06:00:00,695.0234375
2017-06-10 07:00:00,423.962890625
2017-06-10 08:00:00,343.572265625
2017-06-10 09:00:00,169.2265625
2017-06-10 10:00:00,18.2421875
2017-06-10 11:00:00,228.88671875
2017-06-10 12:00:00,51.060546875
2017-06-10 13:00:00,70.16796875
2017-06-10 14:00:00,82.19921875
2017-06-10 15:00:00,114.84375
2017-06-10 16:00:00,114.80859375
2017-06-10 17:00:00,309.1015625
2017-06-10 18:00:00,137.1640625
2017-06-10 19:00:00,125.19921875
2017-06-10 20:00:00,354.0
2017-06-10 21:00:00,216.34765625
2017-06-10 22:00:00,510.30078125
2017-06-10 23:00:00,879.984375
2017-06-11 00:00:00,270.3671875
2017-06-11 01:00:00,224.978515625
2017-06-11 02:00:00,369.3828125
2017-06-11 03:00:00,138.08203125
2017-06-11 04:00:00,78.330078125
2017-06-11 05:00:00,201.775390625
2017-06-11 06:00:00,394.220703125
2017-06-11 07:00:00,0.599609375
2017-06-11 08:00:00,1052.412109375
2017-06-11 09:00:00,565.7109375
2017-06-11 10:00:00,738.587890625
2017-06-11 11:00:00,563.75390625
2017-06-11 12:00:00,508.35546875
2017-06-11 13:00:00,254.24609375
2017-06-11 14:00:00,459.703125
2017-06-11 15:00:00,556.26953125
2017-06-11 16:00:00,679.30859375
2017-06-11 17:00:00,796.01953125
2017-06-11 18:00:00,554.58984375
2017-06-11 19:00:00,299.05859375
2017-06-11 20:00:00,122.2734375
2017-06-11 21:00:00,552.91796875
2017-06-11 22:00:00,1071.18359375
2017-06-11 23:00:00,733.0625
2017-06-12 00:00:00,678.8515625
2017-06-12 01:00:00,2.240234375
2017-06-12 02:00:00,409.896484375
2017-06-12 03:00:00,241.66015625
2017-06-12 04:00:00,175.591796875
2017-06-12 05:00:00,240.1484375
2017-06-12 06:00:00,532.9140625
2017-06-12 07:00:00,873.615234375
2017-06-12 08:00:00,855.18359375
2017-06-12 09:00:00,463.16796875
2017-06-12 10:00:00,907.13671875
2017-06-12 11:00:00,915.86328125
2017-06-12 12:00:00,743.984375
2017-06-12 13:00:00,676.921875
2017-06-12 14:00:00,676.16796875
2017-06-12 15:00:00,256.1640625
2017-06-12 16:00:00,595.86328125
2017-06-12 17:00:00,648.00390625
2017-06-12 18:00:00,727.73046875
2017-06-12 19:00:00,436.30859375
2017-06-12 20:00:00,683.87890625
2017-06-12 21:00:00,789.5546875
2017-06-12 22:00:00,1460.9375
2017-06-12 23:00:00,787.62109375
2017-06-13 00:00:00,1182.83203125
2017-06-13 01:00:00,224.37109375
2017-06-13 02:00:00,595.224609375
2017-06-13 03:00:00,188.701171875
2017-06-13 04:00:00,601.619140625
2017-06-13 05:00:00,370.728515625
2017-06-13 06:00:00,546.33203125
2017-06-13 07:00:00,220.4296875
2017-06-13 08:00:00,89.046875
2017-06-13 09:00:00,76.82421875
2017-06-13 10:00:00,709.69921875
2017-06-13 11:00:00,753.34375
2017-06-13 12:00:00,471.3984375
2017-06-13 13:00:00,537.04296875
2017-06-13 14:00:00,132.81640625
2017-06-13 15:00:00,275.375
2017-06-13 16:00:00,639.1953125
2017-06-13 17:00:00,779.984375
2017-06-13 18:00:00,919.90234375
2017-06-13 19:00:00,532.59375
2017-06-13 20:00:00,348.6796875
2017-06-13 21:00:00,1362.54296875
2017-06-13 22:00:00,1088.77734375
2017-06-13 23:00:00,156.66015625
2017-06-14 00:00:00,924.78125
2017-06-14 01:00:00,62.7109375
2017-06-14 02:00:00,698.59765625
2017-06-14 03:00:00,25.037109375
2017-06-14 04:00:00,417.666015625
2017-06-14 05:00:00,362.482421875
2017-06-14 06:00:00,311.2890625
2017-06-14 07:00:00,94.45703125
2017-06-14 08:00:00,750.26171875
2017-06-14 09:00:00,927.74609375
2017-06-14 10:00:00,714.14453125
2017-06-14 11:00:00,208.60546875
2017-06-14 12:00:00,727.375
2017-06-14 13:00:00,100.24609375
2017-06-14 14:00:00,429.40625
2017-06-14 15:00:00,421.359375
2017-06-14 16:00:00,18.3046875
2017-06-14 17:00:00,137.60546875
2017-06-14 18:00:00,10.3359375
2017-06-14 19:00:00,619.42578125
2017-06-14 20:00:00,444.64453125
2017-06-14 21:00:00,17.26171875
2017-06-14 22:00:00,394.73046875
2017-06-14 23:00:00,1468.31640625
2017-06-15 00:00:00,32.14453125
2017-06-15 01:00:00,917.08203125
2017-06-15 02:00:00,339.490234375
2017-06-15 03:00:00,773.421875
2017-06-15 04:00:00,904.798828125
2017-06-15 05:00:00,725.736328125
2017-06-15 06:00:00,433.248046875
2017-06-15 07:00:00,86.77734375
2017-06-15 08:00:00,752.724609375
2017-06-15 09:00:00,1204.41796875
2017-06-15 10:00:00,431.203125
2017-06-15 11:00:00,453.6875
2017-06-15 12:00:00,488.49609375
2017-06-15 13:00:00,362.4375
2017-06-15 14:00:00,413.29296875
2017-06-15 15:00:00,510.12890625
2017-06-15 16:00:00,457.7421875
2017-06-15 17:00:00,216.4296875
2017-06-15 18:00:00,516.953125
2017-06-15 19:00:00,636.9921875
2017-06-15 20:00:00,660.26953125
2017-06-15 21:00:00,424.53515625
2017-06-15 22:00:00,228.38671875
2017-06-15 23:00:00,1101.51953125
2017-06-16 00:00:00,119.115234375
2017-06-16 01:00:00,627.126953125
2017-06-16 02:00:00,122.291015625
2017-06-16 03:00:00,220.0234375
2017-06-16 04:00:00,326.14453125
2017-06-16 05:00:00,83.984375
2017-06-16 06:00:00,128.61328125
2017-06-16 07:00:00,200.591796875
2017-06-16 08:00:00,254.193359375
2017-06-16 09:00:00,761.6171875
2017-06-16 10:00:00,431.1171875
2017-06-16 11:00:00,464.30078125
2017-06-16 12:00:00,541.19921875
2017-06-16 13:00:00,318.2265625
2017-06-16 14:00:00,178.453125
2017-06-16 15:00:00,676.7109375
2017-06-16 16:00:00,349.15234375
2017-06-16 17:00:00,392.61328125
2017-06-16 18:00:00,262.7734375
2017-06-16 19:00:00,629.08984375
2017-06-16 20:00:00,230.26953125
2017-06-16 21:00:00,520.6875
2017-06-16 22:00:00,2.8359375
2017-06-16 23:00:00,741.01953125
2017-06-17 00:00:00,190.30859375
2017-06-17 01:00:00,369.482421875
2017-06-17 02:00:00,159.037109375
2017-06-17 03:00:00,75.8671875
2017-06-17 04:00:00,77.552734375
2017-06-17 05:00:00,184.083984375
2017-06-17 06:00:00,269.61328125
2017-06-17 07:00:00,390.47265625
2017-06-17 08:00:00,422.701171875
2017-06-17 09:00:00,87.216796875
2017-06-17 10:00:00,145.65234375
2017-06-17 11:00:00,426.70703125
2017-06-17 12:00:00,621.421875
2017-06-17 13:00:00,506.94140625
2017-06-17 14:00:00,449.80859375
2017-06-17 15:00:00,345.5859375
2017-06-17 16:00:00,14.34375
2017-06-17 17:00:00,152.78125
2017-06-17 18:00:00,13.13671875
2017-06-17 19:00:00,275.47265625
2017-06-17 20:00:00,399.15625
2017-06-17 21:00:00,323.07421875
2017-06-17 22:00:00,336.17578125
2017-06-17 23:00:00,869.83984375
2017-06-18 00:00:00,63.21875
2017-06-18 01:00:00,413.677734375
2017-06-18 02:00:00,346.56640625
2017-06-18 03:00:00,203.259765625
2017-06-18 04:00:00,161.041015625
2017-06-18 05:00:00,122.470703125
2017-06-18 06:00:00,198.314453125
2017-06-18 07:00:00,49.951171875
2017-06-18 08:00:00,726.486328125
2017-06-18 09:00:00,493.521484375
2017-06-18 10:00:00,532.1953125
2017-06-18 11:00:00,621.0390625
2017-06-18 12:00:00,543.875
2017-06-18 13:00:00,550.6015625
2017-06-18 14:00:00,576.85546875
2017-06-18 15:00:00,467.64453125
2017-06-18 16:00:00,472.06640625
2017-06-18 17:00:00,574.7890625
2017-06-18 18:00:00,494.4609375
2017-06-18 19:00:00,246.859375
2017-06-18 20:00:00,302.66796875
2017-06-18 21:00:00,987.94921875
2017-06-18 22:00:00,1276.43359375
2017-06-18 23:00:00,431.04296875
2017-06-19 00:00:00,778.8828125
2017-06-19 01:00:00,241.01171875
2017-06-19 02:00:00,582.947265625
2017-06-19 03:00:00,584.2578125
2017-06-19 04:00:00,198.46484375
2017-06-19 05:00:00,520.1640625
2017-06-19 06:00:00,310.388671875
2017-06-19 07:00:00,1080.2265625
2017-06-19 08:00:00,853.12109375
2017-06-19 09:00:00,57.58984375
2017-06-19 10:00:00,1013.2578125
2017-06-19 11:00:00,598.41015625
2017-06-19 12:00:00,557.3125
2017-06-19 13:00:00,500.90234375
2017-06-19 14:00:00,445.55078125
2017-06-19 15:00:00,22.82421875
2017-06-19 16:00:00,218.94921875
2017-06-19 17:00:00,1518.26171875
2017-06-19 18:00:00,531.15625
2017-06-19 19:00:00,557.5390625
2017-06-19 20:00:00,437.48828125
2017-06-19 21:00:00,549.63671875
2017-06-19 22:00:00,181.45703125
2017-06-19 23:00:00,1187.05859375
2017-06-20 00:00:00,215.908203125
2017-06-20 01:00:00,842.0703125
2017-06-20 02:00:00,156.73046875
2017-06-20 03:00:00,560.50390625
2017-06-20 04:00:00,671.115234375
2017-06-20 05:00:00,447.552734375
2017-06-20 06:00:00,355.748046875
2017-06-20 07:00:00,150.126953125
2017-06-20 08:00:00,571.19140625
2017-06-20 09:00:00,1315.6015625
2017-06-20 10:00:00,811.515625
2017-06-20 11:00:00,496.96875
2017-06-20 12:00:00,559.1171875
2017-06-20 13:00:00,177.28515625
2017-06-20 14:00:00,36.4140625
2017-06-20 15:00:00,4.00390625
2017-06-20 16:00:00,298.0859375
2017-06-20 17:00:00,317.87890625
2017-06-20 18:00:00,184.52734375
2017-06-20 19:00:00,180.4609375
2017-06-20 20:00:00,96.08984375
2017-06-20 21:00:00,246.23046875
2017-06-20 22:00:00,997.74609375
2017-06-20 23:00:00,1426.64453125
2017-06-21 00:00:00,449.599609375
2017-06-21 01:00:00,676.6015625
2017-06-21 02:00:00,90.884765625
2017-06-21 03:00:00,287.2890625
2017-06-21 04:00:00,584.427734375
2017-06-21 05:00:00,109.310546875
2017-06-21 06:00:00,169.650390625
2017-06-21 07:00:00,328.7890625
2017-06-21 08:00:00,141.470703125
2017-06-21 09:00:00,482.03515625
2017-06-21 10:00:00,63.23046875
2017-06-21 11:00:00,143.09375
2017-06-21 12:00:00,67.05859375
2017-06-21 13:00:00,58.55078125
2017-06-21 14:00:00,270.12890625
2017-06-21 15:00:00,317.44140625
2017-06-21 16:00:00,98.28125
2017-06-21 17:00:00,380.4453125
2017-06-21 18:00:00,626.27734375
2017-06-21 19:00:00,276.15234375
2017-06-21 20:00:00,309.515625
2017-06-21 21:00:00,571.14453125
2017-06-21 22:00:00,755.75390625
2017-06-21 23:00:00,1286.04296875
2017-06-22 00:00:00,174.9296875
2017-06-22 01:00:00,645.03125
2017-06-22 02:00:00,95.5
2017-06-22 03:00:00,207.408203125
2017-06-22 04:00:00,484.0703125
2017-06-22 05:00:00,65.796875
2017-06-22 06:00:00,141.5078125
2017-06-22 07:00:00,246.404296875
2017-06-22 08:00:00,35.15234375
2017-06-22 09:00:00,443.67578125
2017-06-22 10:00:00,208.3828125
2017-06-22 11:00:00,190.5703125
2017-06-22 12:00:00,132.2578125
2017-06-22 13:00:00,127.94140625
2017-06-22 14:00:00,241.26953125
2017-06-22 15:00:00,234.81640625
2017-06-22 16:00:00,944.09765625
2017-06-22 17:00:00,227.9453125
2017-06-22 18:00:00,451.50390625
2017-06-22 19:00:00,97.62109375
2017-06-22 20:00:00,522.97265625
2017-06-22 21:00:00,1425.51953125
2017-06-22 22:00:00,1084.08984375
2017-06-22 23:00:00,102.24609375
2017-06-23 00:00:00,698.0703125
2017-06-23 01:00:00,16.3671875
2017-06-23 02:00:00,590.619140625
2017-06-23 03:00:00,6.421875
2017-06-23 04:00:00,145.923828125
2017-06-23 05:00:00,19.517578125
2017-06-23 06:00:00,9.916015625
2017-06-23 07:00:00,131.787109375
2017-06-23 08:00:00,208.921875
2017-06-23 09:00:00,526.53515625
2017-06-23 10:00:00,237.36328125
2017-06-23 11:00:00,270.59375
2017-06-23 12:00:00,57.5
2017-06-23 13:00:00,52.5390625
2017-06-23 14:00:00,92.12109375
2017-06-23 15:00:00,40.26953125
2017-06-23 16:00:00,183.69921875
2017-06-23 17:00:00,98.9375
2017-06-23 18:00:00,166.02734375
2017-06-23 19:00:00,409.78125
2017-06-23 20:00:00,112.640625
2017-06-23 21:00:00,525.0546875
2017-06-23 22:00:00,899.42578125
2017-06-23 23:00:00,593.53515625
2017-06-24 00:00:00,585.328125
2017-06-24 01:00:00,183.84765625
2017-06-24 02:00:00,18.9296875
2017-06-24 03:00:00,275.32421875
2017-06-24 04:00:00,540.388671875
2017-06-24 05:00:00,333.080078125
2017-06-24 06:00:00,786.05859375
2017-06-24 07:00:00,916.673828125
2017-06-24 08:00:00,168.86328125
2017-06-24 09:00:00,268.587890625
2017-06-24 10:00:00,101.6328125
2017-06-24 11:00:00,468.44921875
2017-06-24 12:00:00,581.78515625
2017-06-24 13:00:00,784.50390625
2017-06-24 14:00:00,584.12890625
2017-06-24 15:00:00,303.5078125
2017-06-24 16:00:00,250.609375
2017-06-24 17:00:00,197.20703125
2017-06-24 18:00:00,274.74609375
2017-06-24 19:00:00,475.48046875
2017-06-24 20:00:00,1017.453125
2017-06-24 21:00:00,373.3828125
2017-06-24 22:00:00,378.85546875
2017-06-24 23:00:00,1278.8046875
2017-06-25 00:00:00,35.40625
2017-06-25 01:00:00,861.3125
2017-06-25 02:00:00,327.923828125
2017-06-25 03:00:00,459.98046875
2017-06-25 04:00:00,582.029296875
2017-06-25 05:00:00,615.068359375
2017-06-25 06:00:00,813.421875
2017-06-25 07:00:00,387.869140625
2017-06-25 08:00:00,325.4765625
2017-06-25 09:00:00,17.927734375
2017-06-25 10:00:00,221.34765625
2017-06-25 11:00:00,374.056640625
2017-06-25 12:00:00,503.6484375
2017-06-25 13:00:00,539.10546875
2017-06-25 14:00:00,510.90625
2017-06-25 15:00:00,396.1171875
2017-06-25 16:00:00,387.8984375
2017-06-25 17:00:00,110.6484375
2017-06-25 18:00:00,294.578125
2017-06-25 19:00:00,372.99609375
2017-06-25 20:00:00,796.19921875
2017-06-25 21:00:00,329.88671875
2017-06-25 22:00:00,430.0
2017-06-25 23:00:00,1655.98828125
2017-06-26 00:00:00,5.142578125
2017-06-26 01:00:00,509.08984375
2017-06-26 02:00:00,43.322265625
2017-06-26 03:00:00,64.236328125
2017-06-26 04:00:00,104.138671875
2017-06-26 05:00:00,85.0546875
2017-06-26 06:00:00,201.455078125
2017-06-26 07:00:00,526.546875
2017-06-26 08:00:00,304.125
2017-06-26 09:00:00,382.25390625
2017-06-26 10:00:00,192.8515625
2017-06-26 11:00:00,265.3046875
2017-06-26 12:00:00,352.18359375
2017-06-26 13:00:00,229.62890625
2017-06-26 14:00:00,158.05078125
2017-06-26 15:00:00,219.90625
2017-06-26 16:00:00,190.59765625
2017-06-26 17:00:00,44.5078125
2017-06-26 18:00:00,50.9609375
2017-06-26 19:00:00,322.58203125
2017-06-26 20:00:00,431.578125
2017-06-26 21:00:00,75.2421875
2017-06-26 22:00:00,569.796875
2017-06-26 23:00:00,1350.0859375
2017-06-27 00:00:00,118.99609375
2017-06-27 01:00:00,321.419921875
2017-06-27 02:00:00,92.791015625
2017-06-27 03:00:00,131.6328125
2017-06-27 04:00:00,344.068359375
2017-06-27 05:00:00,31.056640625
2017-06-27 06:00:00,160.46875
2017-06-27 07:00:00,208.4453125
2017-06-27 08:00:00,270.8828125
2017-06-27 09:00:00,386.48046875
2017-06-27 10:00:00,369.85546875
2017-06-27 11:00:00,374.78125
2017-06-27 12:00:00,72.0078125
2017-06-27 13:00:00,451.02734375
2017-06-27 14:00:00,150.87109375
2017-06-27 15:00:00,459.5546875
2017-06-27 16:00:00,507.4453125
2017-06-27 17:00:00,97.078125
2017-06-27 18:00:00,358.96484375
2017-06-27 19:00:00,590.8046875
2017-06-27 20:00:00,605.3515625
2017-06-27 21:00:00,136.1328125
2017-06-27 22:00:00,366.16796875
2017-06-27 23:00:00,1476.10546875
2017-06-28 00:00:00,45.57421875
2017-06-28 01:00:00,477.857421875
2017-06-28 02:00:00,220.55078125
2017-06-28 03:00:00,247.439453125
2017-06-28 04:00:00,530.693359375
2017-06-28 05:00:00,234.177734375
2017-06-28 06:00:00,157.388671875
2017-06-28 07:00:00,284.6171875
2017-06-28 08:00:00,53.5234375
2017-06-28 09:00:00,559.359375
2017-06-28 10:00:00,186.734375
2017-06-28 11:00:00,184.5625
2017-06-28 12:00:00,165.296875
2017-06-28 13:00:00,384.11328125
2017-06-28 14:00:00,59.83203125
2017-06-28 15:00:00,389.3515625
2017-06-28 16:00:00,33.41796875
2017-06-28 17:00:00,42.02734375
2017-06-28 18:00:00,66.39453125
2017-06-28 19:00:00,573.67578125
2017-06-28 20:00:00,463.76171875
2017-06-28 21:00:00,377.8046875
2017-06-28 22:00:00,313.9453125
2017-06-28 23:00:00,1087.2890625
2017-06-29 00:00:00,77.748046875
2017-06-29 01:00:00,353.71484375
2017-06-29 02:00:00,254.578125
2017-06-29 03:00:00,123.865234375
2017-06-29 04:00:00,43.115234375
2017-06-29 05:00:00,90.58984375
2017-06-29 06:00:00,250.951171875
2017-06-29 07:00:00,371.125
2017-06-29 08:00:00,368.29296875
2017-06-29 09:00:00,10.892578125
2017-06-29 10:00:00,168.3203125
2017-06-29 11:00:00,279.65234375
2017-06-29 12:00:00,341.390625
2017-06-29 13:00:00,484.62890625
2017-06-29 14:00:00,812.69921875
2017-06-29 15:00:00,466.75
2017-06-29 16:00:00,694.0390625
2017-06-29 17:00:00,466.91796875
2017-06-29 18:00:00,598.8125
2017-06-29 19:00:00,33.27734375
2017-06-29 20:00:00,174.05859375
2017-06-29 21:00:00,1145.578125
2017-06-29 22:00:00,1218.73828125
2017-06-29 23:00:00,370.7734375
2017-06-30 00:00:00,603.33203125
2017-06-30 01:00:00,211.138671875
2017-06-30 02:00:00,333.734375
2017-06-30 03:00:00,4.40625
2017-06-30 04:00:00,54.458984375
2017-06-30 05:00:00,211.650390625
2017-06-30 06:00:00,175.890625
2017-06-30 07:00:00,181.859375
2017-06-30 08:00:00,547.123046875
2017-06-30 09:00:00,83.53125
2017-06-30 10:00:00,432.78515625
2017-06-30 11:00:00,472.01171875
2017-06-30 12:00:00,595.671875
2017-06-30 13:00:00,661.734375
2017-06-30 14:00:00,447.02734375
2017-06-30 15:00:00,677.859375
2017-06-30 16:00:00,350.72265625
2017-06-30 17:00:00,505.48046875
2017-06-30 18:00:00,255.2890625
2017-06-30 19:00:00,191.37109375
2017-06-30 20:00:00,231.671875
2017-06-30 21:00:00,846.8671875
2017-06-30 22:00:00,1433.8515625
2017-06-30 23:00:00,381.98046875
2017-07-01 00:00:00,722.5390625
2017-07-01 01:00:00,44.328125
2017-07-01 02:00:00,32.623046875
2017-07-01 03:00:00,42.75
2017-07-01 04:00:00,538.416015625
2017-07-01 05:00:00,508.3203125
2017-07-01 06:00:00,688.578125
2017-07-01 07:00:00,758.703125
2017-07-01 08:00:00,145.224609375
2017-07-01 09:00:00,413.1484375
2017-07-01 10:00:00,321.2265625
2017-07-01 11:00:00,189.19921875
2017-07-01 12:00:00,516.4609375
2017-07-01 13:00:00,368.30859375
2017-07-01 14:00:00,630.671875
2017-07-01 15:00:00,317.91015625
2017-07-01 16:00:00,459.5859375
2017-07-01 17:00:00,716.3984375
2017-07-01 18:00:00,166.66796875
2017-07-01 19:00:00,1052.43359375
2017-07-01 20:00:00,482.91015625
2017-07-01 21:00:00,134.1328125
2017-07-01 22:00:00,560.0546875
2017-07-01 23:00:00,1001.8984375
2017-07-02 00:00:00,5.716796875
2017-07-02 01:00:00,762.3671875
2017-07-02 02:00:00,212.93359375
2017-07-02 03:00:00,289.365234375
2017-07-02 04:00:00,441.3671875
2017-07-02 05:00:00,313.177734375
2017-07-02 06:00:00,785.408203125
2017-07-02 07:00:00,305.04296875
2017-07-02 08:00:00,778.38671875
2017-07-02 09:00:00,34.568359375
2017-07-02 10:00:00,173.5546875
2017-07-02 11:00:00,74.16796875
2017-07-02 12:00:00,106.22265625
2017-07-02 13:00:00,22.390625
2017-07-02 14:00:00,82.04296875
2017-07-02 15:00:00,80.21875
2017-07-02 16:00:00,468.75390625
2017-07-02 17:00:00,520.9921875
2017-07-02 18:00:00,355.08203125
2017-07-02 19:00:00,136.08203125
2017-07-02 20:00:00,223.6640625
2017-07-02 21:00:00,302.04296875
2017-07-02 22:00:00,1098.75
2017-07-02 23:00:00,642.23046875
2017-07-03 00:00:00,672.53515625
2017-07-03 01:00:00,402.3984375
2017-07-03 02:00:00,277.162109375
2017-07-03 03:00:00,151.322265625
2017-07-03 04:00:00,69.888671875
2017-07-03 05:00:00,106.412109375
2017-07-03 06:00:00,98.453125
2017-07-03 07:00:00,164.98828125
2017-07-03 08:00:00,615.671875
2017-07-03 09:00:00,29.09375
2017-07-03 10:00:00,461.21484375
2017-07-03 11:00:00,313.8828125
2017-07-03 12:00:00,269.08984375
2017-07-03 13:00:00,185.265625
2017-07-03 14:00:00,352.515625
2017-07-03 15:00:00,146.64453125
2017-07-03 16:00:00,217.3828125
2017-07-03 17:00:00,150.21875
2017-07-03 18:00:00,252.83203125
2017-07-03 19:00:00,230.40625
2017-07-03 20:00:00,58.8828125
2017-07-03 21:00:00,113.30859375
2017-07-03 22:00:00,1071.62109375
2017-07-03 23:00:00,750.6953125
2017-07-04 00:00:00,724.4765625
2017-07-04 01:00:00,585.86328125
2017-07-04 02:00:00,70.314453125
2017-07-04 03:00:00,489.861328125
2017-07-04 04:00:00,501.0390625
2017-07-04 05:00:00,521.26171875
2017-07-04 06:00:00,881.86328125
2017-07-04 07:00:00,787.80078125
2017-07-04 08:00:00,151.25
2017-07-04 09:00:00,342.720703125
2017-07-04 10:00:00,232.9765625
2017-07-04 11:00:00,551.92578125
2017-07-04 12:00:00,211.23828125
2017-07-04 13:00:00,392.9609375
2017-07-04 14:00:00,174.05859375
2017-07-04 15:00:00,310.75
2017-07-04 16:00:00,323.58203125
2017-07-04 17:00:00,306.04296875
2017-07-04 18:00:00,340.6953125
2017-07-04 19:00:00,903.51953125
2017-07-04 20:00:00,630.4453125
2017-07-04 21:00:00,87.55859375
2017-07-04 22:00:00,239.32421875
2017-07-04 23:00:00,200.390625
2017-07-05 00:00:00,344.603515625
2017-07-05 01:00:00,501.44140625
2017-07-05 02:00:00,122.798828125
2017-07-05 03:00:00,112.037109375
2017-07-05 04:00:00,7.927734375
2017-07-05 05:00:00,346.947265625
2017-07-05 06:00:00,346.24609375
2017-07-05 07:00:00,364.85546875
2017-07-05 08:00:00,87.955078125
2017-07-05 09:00:00,498.46484375
2017-07-05 10:00:00,103.796875
2017-07-05 11:00:00,6.73046875
2017-07-05 12:00:00,113.15234375
2017-07-05 13:00:00,147.96875
2017-07-05 14:00:00,188.13671875
2017-07-05 15:00:00,152.32421875
2017-07-05 16:00:00,41.296875
2017-07-05 17:00:00,65.49609375
2017-07-05 18:00:00,317.32421875
2017-07-05 19:00:00,427.5390625
2017-07-05 20:00:00,74.96875
2017-07-05 21:00:00,482.56640625
2017-07-05 22:00:00,632.54296875
2017-07-05 23:00:00,889.58984375
2017-07-06 00:00:00,215.919921875
2017-07-06 01:00:00,526.474609375
2017-07-06 02:00:00,57.58203125
2017-07-06 03:00:00,193.970703125
2017-07-06 04:00:00,323.767578125
2017-07-06 05:00:00,4.84375
2017-07-06 06:00:00,67.36328125
2017-07-06 07:00:00,40.71875
2017-07-06 08:00:00,496.828125
2017-07-06 09:00:00,810.3125
2017-07-06 10:00:00,560.66796875
2017-07-06 11:00:00,624.9375
2017-07-06 12:00:00,395.18359375
2017-07-06 13:00:00,668.046875
2017-07-06 14:00:00,426.87109375
2017-07-06 15:00:00,845.12890625
2017-07-06 16:00:00,663.26953125
2017-07-06 17:00:00,526.30078125
2017-07-06 18:00:00,400.03515625
2017-07-06 19:00:00,491.01953125
2017-07-06 20:00:00,171.0625
2017-07-06 21:00:00,543.41015625
2017-07-06 22:00:00,173.58203125
2017-07-06 23:00:00,895.53515625
2017-07-07 00:00:00,131.962890625
2017-07-07 01:00:00,417.18359375
2017-07-07 02:00:00,95.810546875
2017-07-07 03:00:00,81.951171875
2017-07-07 04:00:00,124.3046875
2017-07-07 05:00:00,45.6640625
2017-07-07 06:00:00,197.6796875
2017-07-07 07:00:00,17.078125
2017-07-07 08:00:00,85.326171875
2017-07-07 09:00:00,352.3515625
2017-07-07 10:00:00,195.5625
2017-07-07 11:00:00,223.875
2017-07-07 12:00:00,50.6953125
2017-07-07 13:00:00,200.30859375
2017-07-07 14:00:00,460.76953125
2017-07-07 15:00:00,430.39453125
2017-07-07 16:00:00,744.87890625
2017-07-07 17:00:00,747.2734375
2017-07-07 18:00:00,642.15234375
2017-07-07 19:00:00,182.3046875
2017-07-07 20:00:00,124.5859375
2017-07-07 21:00:00,204.359375
2017-07-07 22:00:00,720.0390625
2017-07-07 23:00:00,617.984375
2017-07-08 00:00:00,392.9296875
2017-07-08 01:00:00,607.833984375
2017-07-08 02:00:00,154.943359375
2017-07-08 03:00:00,477.748046875
2017-07-08 04:00:00,650.974609375
2017-07-08 05:00:00,474.80078125
2017-07-08 06:00:00,716.623046875
2017-07-08 07:00:00,430.2890625
2017-07-08 08:00:00,547.392578125
2017-07-08 09:00:00,53.525390625
2017-07-08 10:00:00,286.46484375
2017-07-08 11:00:00,18.6875
2017-07-08 12:00:00,263.51171875
2017-07-08 13:00:00,244.7734375
2017-07-08 14:00:00,323.72265625
2017-07-08 15:00:00,312.6484375
2017-07-08 16:00:00,213.5625
2017-07-08 17:00:00,133.2890625
2017-07-08 18:00:00,383.3203125
2017-07-08 19:00:00,658.0078125
2017-07-08 20:00:00,632.50390625
2017-07-08 21:00:00,278.984375
2017-07-08 22:00:00,775.09765625
2017-07-08 23:00:00,1103.8828125
2017-07-09 00:00:00,100.912109375
2017-07-09 01:00:00,699.90625
2017-07-09 02:00:00,169.974609375
2017-07-09 03:00:00,244.056640625
2017-07-09 04:00:00,434.07421875
2017-07-09 05:00:00,416.138671875
2017-07-09 06:00:00,708.6328125
2017-07-09 07:00:00,375.619140625
2017-07-09 08:00:00,504.583984375
2017-07-09 09:00:00,49.642578125
2017-07-09 10:00:00,446.765625
2017-07-09 11:00:00,355.51171875
2017-07-09 12:00:00,692.546875
2017-07-09 13:00:00,755.78515625
2017-07-09 14:00:00,503.703125
2017-07-09 15:00:00,395.03515625
2017-07-09 16:00:00,44.359375
2017-07-09 17:00:00,131.76953125
2017-07-09 18:00:00,62.62890625
2017-07-09 19:00:00,436.51953125
2017-07-09 20:00:00,654.984375
2017-07-09 21:00:00,558.359375
2017-07-09 22:00:00,451.87890625
2017-07-09 23:00:00,1419.13671875
2017-07-10 00:00:00,73.384765625
2017-07-10 01:00:00,297.416015625
2017-07-10 02:00:00,106.765625
2017-07-10 03:00:00,109.623046875
2017-07-10 04:00:00,2.06640625
2017-07-10 05:00:00,402.521484375
2017-07-10 06:00:00,426.1484375
2017-07-10 07:00:00,471.666015625
2017-07-10 08:00:00,836.701171875
2017-07-10 09:00:00,54.876953125
2017-07-10 10:00:00,616.09765625
2017-07-10 11:00:00,676.76171875
2017-07-10 12:00:00,382.33984375
2017-07-10 13:00:00,936.8125
2017-07-10 14:00:00,636.9453125
2017-07-10 15:00:00,417.28125
2017-07-10 16:00:00,624.80859375
2017-07-10 17:00:00,757.453125
2017-07-10 18:00:00,580.80078125
2017-07-10 19:00:00,292.171875
2017-07-10 20:00:00,403.54296875
2017-07-10 21:00:00,1251.359375
2017-07-10 22:00:00,1121.6953125
2017-07-10 23:00:00,102.65234375
2017-07-11 00:00:00,684.88671875
2017-07-11 01:00:00,172.669921875
2017-07-11 02:00:00,507.421875
2017-07-11 03:00:00,15.50390625
2017-07-11 04:00:00,168.806640625
2017-07-11 05:00:00,148.232421875
2017-07-11 06:00:00,149.966796875
2017-07-11 07:00:00,184.7109375
2017-07-11 08:00:00,261.0546875
2017-07-11 09:00:00,394.31640625
2017-07-11 10:00:00,502.25390625
2017-07-11 11:00:00,425.12109375
2017-07-11 12:00:00,588.26953125
2017-07-11 13:00:00,217.10546875
2017-07-11 14:00:00,287.0703125
2017-07-11 15:00:00,273.40625
2017-07-11 16:00:00,361.26171875
2017-07-11 17:00:00,448.73046875
2017-07-11 18:00:00,763.734375
2017-07-11 19:00:00,136.09375
2017-07-11 20:00:00,648.6171875
2017-07-11 21:00:00,910.1015625
2017-07-11 22:00:00,917.07421875
2017-07-11 23:00:00,495.890625
2017-07-12 00:00:00,728.6640625
2017-07-12 01:00:00,131.05859375
2017-07-12 02:00:00,564.978515625
2017-07-12 03:00:00,173.49609375
2017-07-12 04:00:00,253.115234375
2017-07-12 05:00:00,320.541015625
2017-07-12 06:00:00,166.92578125
2017-07-12 07:00:00,250.94140625
2017-07-12 08:00:00,200.22265625
2017-07-12 09:00:00,161.55859375
2017-07-12 10:00:00,597.73046875
2017-07-12 11:00:00,478.94140625
2017-07-12 12:00:00,526.00390625
2017-07-12 13:00:00,370.359375
2017-07-12 14:00:00,501.234375
2017-07-12 15:00:00,0.30078125
2017-07-12 16:00:00,161.375
2017-07-12 17:00:00,490.44921875
2017-07-12 18:00:00,873.03125
2017-07-12 19:00:00,505.47265625
2017-07-12 20:00:00,816.76171875
2017-07-12 21:00:00,1049.67578125
2017-07-12 22:00:00,1238.9296875
2017-07-12 23:00:00,517.06640625
2017-07-13 00:00:00,857.4453125
2017-07-13 01:00:00,0.51171875
2017-07-13 02:00:00,728.453125
2017-07-13 03:00:00,4.46875
2017-07-13 04:00:00,231.37109375
2017-07-13 05:00:00,189.359375
2017-07-13 06:00:00,203.38671875
2017-07-13 07:00:00,201.66015625
2017-07-13 08:00:00,766.44140625
2017-07-13 09:00:00,37.41015625
2017-07-13 10:00:00,902.453125
2017-07-13 11:00:00,893.75390625
2017-07-13 12:00:00,735.59375
2017-07-13 13:00:00,433.2265625
2017-07-13 14:00:00,214.41796875
2017-07-13 15:00:00,17.203125
2017-07-13 16:00:00,27.78515625
2017-07-13 17:00:00,205.23046875
2017-07-13 18:00:00,303.6171875
2017-07-13 19:00:00,424.71875
2017-07-13 20:00:00,361.84765625
2017-07-13 21:00:00,1243.875
2017-07-13 22:00:00,781.578125
2017-07-13 23:00:00,448.9140625
2017-07-14 00:00:00,429.41796875
2017-07-14 01:00:00,210.1953125
2017-07-14 02:00:00,247.06640625
2017-07-14 03:00:00,211.294921875
2017-07-14 04:00:00,539.876953125
2017-07-14 05:00:00,267.083984375
2017-07-14 06:00:00,351.990234375
2017-07-14 07:00:00,662.71875
2017-07-14 08:00:00,659.98828125
2017-07-14 09:00:00,872.6484375
2017-07-14 10:00:00,660.65625
2017-07-14 11:00:00,521.4765625
2017-07-14 12:00:00,426.515625
2017-07-14 13:00:00,392.88671875
2017-07-14 14:00:00,223.94140625
2017-07-14 15:00:00,867.63671875
2017-07-14 16:00:00,203.671875
2017-07-14 17:00:00,1021.12890625
2017-07-14 18:00:00,651.25390625
2017-07-14 19:00:00,643.47265625
2017-07-14 20:00:00,336.32421875
2017-07-14 21:00:00,482.02734375
2017-07-14 22:00:00,22.5
2017-07-14 23:00:00,906.1484375
2017-07-15 00:00:00,143.08203125
2017-07-15 01:00:00,762.02734375
2017-07-15 02:00:00,69.833984375
2017-07-15 03:00:00,562.427734375
2017-07-15 04:00:00,426.083984375
2017-07-15 05:00:00,512.595703125
2017-07-15 06:00:00,622.611328125
2017-07-15 07:00:00,845.2734375
2017-07-15 08:00:00,166.224609375
2017-07-15 09:00:00,116.669921875
2017-07-15 10:00:00,594.5078125
2017-07-15 11:00:00,124.29296875
2017-07-15 12:00:00,138.76171875
2017-07-15 13:00:00,155.453125
2017-07-15 14:00:00,202.78515625
2017-07-15 15:00:00,128.6015625
2017-07-15 16:00:00,117.41015625
2017-07-15 17:00:00,207.78515625
2017-07-15 18:00:00,24.96484375
2017-07-15 19:00:00,136.234375
2017-07-15 20:00:00,631.29296875
2017-07-15 21:00:00,75.6796875
2017-07-15 22:00:00,477.09375
2017-07-15 23:00:00,971.8359375
2017-07-16 00:00:00,19.6875
2017-07-16 01:00:00,572.62890625
2017-07-16 02:00:00,215.583984375
2017-07-16 03:00:00,365.642578125
2017-07-16 04:00:00,456.744140625
2017-07-16 05:00:00,500.771484375
2017-07-16 06:00:00,653.361328125
2017-07-16 07:00:00,598.298828125
2017-07-16 08:00:00,666.12890625
2017-07-16 09:00:00,15.830078125
2017-07-16 10:00:00,167.056640625
2017-07-16 11:00:00,346.515625
2017-07-16 12:00:00,283.4296875
2017-07-16 13:00:00,211.87109375
2017-07-16 14:00:00,32.4609375
2017-07-16 15:00:00,63.79296875
2017-07-16 16:00:00,281.76171875
2017-07-16 17:00:00,283.57421875
2017-07-16 18:00:00,368.6796875
2017-07-16 19:00:00,155.140625
2017-07-16 20:00:00,285.9375
2017-07-16 21:00:00,143.984375
2017-07-16 22:00:00,691.1953125
2017-07-16 23:00:00,751.90234375
2017-07-17 00:00:00,422.3359375
2017-07-17 01:00:00,54.037109375
2017-07-17 02:00:00,114.375
2017-07-17 03:00:00,319.92578125
2017-07-17 04:00:00,169.64453125
2017-07-17 05:00:00,444.904296875
2017-07-17 06:00:00,698.671875
2017-07-17 07:00:00,147.134765625
2017-07-17 08:00:00,1141.67578125
2017-07-17 09:00:00,415.86328125
2017-07-17 10:00:00,975.25
2017-07-17 11:00:00,1126.1875
2017-07-17 12:00:00,701.89453125
2017-07-17 13:00:00,649.45703125
2017-07-17 14:00:00,332.0703125
2017-07-17 15:00:00,100.140625
2017-07-17 16:00:00,125.00390625
2017-07-17 17:00:00,55.71484375
2017-07-17 18:00:00,12.38671875
2017-07-17 19:00:00,104.75
2017-07-17 20:00:00,415.68359375
2017-07-17 21:00:00,1010.15625
2017-07-17 22:00:00,872.97265625
2017-07-17 23:00:00,592.3359375
2017-07-18 00:00:00,536.28515625
2017-07-18 01:00:00,248.572265625
2017-07-18 02:00:00,7.17578125
2017-07-18 03:00:00,114.517578125
2017-07-18 04:00:00,569.962890625
2017-07-18 05:00:00,145.458984375
2017-07-18 06:00:00,155.876953125
2017-07-18 07:00:00,363.916015625
2017-07-18 08:00:00,265.15625
2017-07-18 09:00:00,560.24609375
2017-07-18 10:00:00,53.85546875
2017-07-18 11:00:00,492.21484375
2017-07-18 12:00:00,608.703125
2017-07-18 13:00:00,532.3203125
2017-07-18 14:00:00,688.8125
2017-07-18 15:00:00,402.77734375
2017-07-18 16:00:00,205.64453125
2017-07-18 17:00:00,681.421875
2017-07-18 18:00:00,458.1015625
2017-07-18 19:00:00,650.1015625
2017-07-18 20:00:00,396.5859375
2017-07-18 21:00:00,1250.921875
2017-07-18 22:00:00,1176.1171875
2017-07-18 23:00:00,371.0859375
2017-07-19 00:00:00,778.34765625
2017-07-19 01:00:00,51.79296875
2017-07-19 02:00:00,428.373046875
2017-07-19 03:00:00,97.59765625
2017-07-19 04:00:00,307.884765625
2017-07-19 05:00:00,293.251953125
2017-07-19 06:00:00,79.232421875
2017-07-19 07:00:00,332.171875
2017-07-19 08:00:00,218.47265625
2017-07-19 09:00:00,96.48828125
2017-07-19 10:00:00,547.1015625
2017-07-19 11:00:00,591.06640625
2017-07-19 12:00:00,470.88671875
2017-07-19 13:00:00,582.86328125
2017-07-19 14:00:00,724.05859375
2017-07-19 15:00:00,389.71484375
2017-07-19 16:00:00,600.93359375
2017-07-19 17:00:00,674.1640625
2017-07-19 18:00:00,899.015625
2017-07-19 19:00:00,508.6796875
2017-07-19 20:00:00,492.21875
2017-07-19 21:00:00,1264.71484375
2017-07-19 22:00:00,1149.69921875
2017-07-19 23:00:00,166.18359375
2017-07-20 00:00:00,1069.6015625
2017-07-20 01:00:00,48.2421875
2017-07-20 02:00:00,865.703125
2017-07-20 03:00:00,143.3125
2017-07-20 04:00:00,309.609375
2017-07-20 05:00:00,30.498046875
2017-07-20 06:00:00,187.9921875
2017-07-20 07:00:00,208.3984375
2017-07-20 08:00:00,482.95703125
2017-07-20 09:00:00,7.69921875
2017-07-20 10:00:00,826.44921875
2017-07-20 11:00:00,925.98828125
2017-07-20 12:00:00,795.33984375
2017-07-20 13:00:00,622.1640625
2017-07-20 14:00:00,560.8515625
2017-07-20 15:00:00,268.93359375
2017-07-20 16:00:00,680.32421875
2017-07-20 17:00:00,428.453125
2017-07-20 18:00:00,639.26953125
2017-07-20 19:00:00,587.18359375
2017-07-20 20:00:00,361.4765625
2017-07-20 21:00:00,1159.03515625
2017-07-20 22:00:00,483.32421875
2017-07-20 23:00:00,8.74609375
2017-07-21 00:00:00,782.8515625
2017-07-21 01:00:00,142.23828125
2017-07-21 02:00:00,563.08984375
2017-07-21 03:00:00,74.609375
2017-07-21 04:00:00,413.16015625
2017-07-21 05:00:00,278.15234375
2017-07-21 06:00:00,235.34765625
2017-07-21 07:00:00,402.578125
2017-07-21 08:00:00,344.0078125
2017-07-21 09:00:00,374.109375
2017-07-21 10:00:00,401.28125
2017-07-21 11:00:00,488.82421875
2017-07-21 12:00:00,321.19921875
2017-07-21 13:00:00,576.41796875
2017-07-21 14:00:00,53.85546875
2017-07-21 15:00:00,419.78125
2017-07-21 16:00:00,441.734375
2017-07-21 17:00:00,677.1640625
2017-07-21 18:00:00,953.9140625
2017-07-21 19:00:00,98.77734375
2017-07-21 20:00:00,559.13671875
2017-07-21 21:00:00,1226.87109375
2017-07-21 22:00:00,926.70703125
2017-07-21 23:00:00,210.52734375
2017-07-22 00:00:00,658.48828125
2017-07-22 01:00:00,55.7109375
2017-07-22 02:00:00,547.0
2017-07-22 03:00:00,24.078125
2017-07-22 04:00:00,329.15625
2017-07-22 05:00:00,488.611328125
2017-07-22 06:00:00,745.08203125
2017-07-22 07:00:00,917.865234375
2017-07-22 08:00:00,568.5078125
2017-07-22 09:00:00,113.265625
2017-07-22 10:00:00,43.0546875
2017-07-22 11:00:00,212.7734375
2017-07-22 12:00:00,3.390625
2017-07-22 13:00:00,99.43359375
2017-07-22 14:00:00,38.546875
2017-07-22 15:00:00,460.05078125
2017-07-22 16:00:00,672.11328125
2017-07-22 17:00:00,101.453125
2017-07-22 18:00:00,620.875
2017-07-22 19:00:00,636.71484375
2017-07-22 20:00:00,313.12109375
2017-07-22 21:00:00,655.12109375
2017-07-22 22:00:00,159.70703125
2017-07-22 23:00:00,359.89453125
2017-07-23 00:00:00,291.47265625
2017-07-23 01:00:00,294.80859375
2017-07-23 02:00:00,99.580078125
2017-07-23 03:00:00,321.345703125
2017-07-23 04:00:00,422.708984375
2017-07-23 05:00:00,511.611328125
2017-07-23 06:00:00,753.85546875
2017-07-23 07:00:00,1118.734375
2017-07-23 08:00:00,49.6640625
2017-07-23 09:00:00,214.50390625
2017-07-23 10:00:00,711.0390625
2017-07-23 11:00:00,264.5703125
2017-07-23 12:00:00,289.0390625
2017-07-23 13:00:00,339.66015625
2017-07-23 14:00:00,489.828125
2017-07-23 15:00:00,428.69921875
2017-07-23 16:00:00,46.8203125
2017-07-23 17:00:00,163.98828125
2017-07-23 18:00:00,458.12890625
2017-07-23 19:00:00,545.9296875
2017-07-23 20:00:00,377.9140625
2017-07-23 21:00:00,354.0625
2017-07-23 22:00:00,179.6640625
2017-07-23 23:00:00,430.46484375
2017-07-24 00:00:00,209.67578125
2017-07-24 01:00:00,277.921875
2017-07-24 02:00:00,106.134765625
2017-07-24 03:00:00,157.26953125
2017-07-24 04:00:00,96.697265625
2017-07-24 05:00:00,42.318359375
2017-07-24 06:00:00,530.037109375
2017-07-24 07:00:00,57.462890625
2017-07-24 08:00:00,10.3828125
2017-07-24 09:00:00,376.06640625
2017-07-24 10:00:00,43.48828125
2017-07-24 11:00:00,9.1171875
2017-07-24 12:00:00,43.80078125
2017-07-24 13:00:00,255.62109375
2017-07-24 14:00:00,207.109375
2017-07-24 15:00:00,123.5859375
2017-07-24 16:00:00,519.63671875
2017-07-24 17:00:00,419.78125
2017-07-24 18:00:00,463.77734375
2017-07-24 19:00:00,249.6953125
2017-07-24 20:00:00,83.35546875
2017-07-24 21:00:00,422.81640625
2017-07-24 22:00:00,222.42578125
2017-07-24 23:00:00,532.23046875
2017-07-25 00:00:00,127.58984375
2017-07-25 01:00:00,520.421875
2017-07-25 02:00:00,147.916015625
2017-07-25 03:00:00,709.271484375
2017-07-25 04:00:00,530.60546875
2017-07-25 05:00:00,488.515625
2017-07-25 06:00:00,100.396484375
2017-07-25 07:00:00,301.982421875
2017-07-25 08:00:00,508.55859375
2017-07-25 09:00:00,832.5
2017-07-25 10:00:00,864.16796875
2017-07-25 11:00:00,428.69140625
2017-07-25 12:00:00,502.76171875
2017-07-25 13:00:00,669.00390625
2017-07-25 14:00:00,584.234375
2017-07-25 15:00:00,874.98828125
2017-07-25 16:00:00,724.7421875
2017-07-25 17:00:00,501.15625
2017-07-25 18:00:00,626.77734375
2017-07-25 19:00:00,734.34375
2017-07-25 20:00:00,410.1953125
2017-07-25 21:00:00,479.21875
2017-07-25 22:00:00,545.703125
2017-07-25 23:00:00,957.69140625
2017-07-26 00:00:00,294.048828125
2017-07-26 01:00:00,521.2265625
2017-07-26 02:00:00,5.998046875
2017-07-26 03:00:00,233.787109375
2017-07-26 04:00:00,219.35546875
2017-07-26 05:00:00,57.087890625
2017-07-26 06:00:00,320.111328125
2017-07-26 07:00:00,248.736328125
2017-07-26 08:00:00,124.474609375
2017-07-26 09:00:00,706.015625
2017-07-26 10:00:00,129.03125
2017-07-26 11:00:00,279.265625
2017-07-26 12:00:00,190.1640625
2017-07-26 13:00:00,145.5859375
2017-07-26 14:00:00,118.0234375
2017-07-26 15:00:00,79.8359375
2017-07-26 16:00:00,116.3515625
2017-07-26 17:00:00,212.4453125
2017-07-26 18:00:00,119.5546875
2017-07-26 19:00:00,385.37890625
2017-07-26 20:00:00,257.66796875
2017-07-26 21:00:00,710.43359375
2017-07-26 22:00:00,23.13671875
2017-07-26 23:00:00,715.8359375
2017-07-27 00:00:00,51.193359375
2017-07-27 01:00:00,384.142578125
2017-07-27 02:00:00,156.478515625
2017-07-27 03:00:00,143.12890625
2017-07-27 04:00:00,117.48828125
2017-07-27 05:00:00,151.107421875
2017-07-27 06:00:00,259.66015625
2017-07-27 07:00:00,79.640625
2017-07-27 08:00:00,143.0859375
2017-07-27 09:00:00,424.01953125
2017-07-27 10:00:00,151.66796875
2017-07-27 11:00:00,69.74609375
2017-07-27 12:00:00,21.5859375
2017-07-27 13:00:00,150.80859375
2017-07-27 14:00:00,87.39453125
2017-07-27 15:00:00,341.62890625
2017-07-27 16:00:00,131.1953125
2017-07-27 17:00:00,155.52734375
2017-07-27 18:00:00,302.71875
2017-07-27 19:00:00,93.76171875
2017-07-27 20:00:00,528.35546875
2017-07-27 21:00:00,1025.84375
2017-07-27 22:00:00,363.6015625
2017-07-27 23:00:00,509.25
2017-07-28 00:00:00,163.5078125
2017-07-28 01:00:00,137.603515625
2017-07-28 02:00:00,204.583984375
2017-07-28 03:00:00,10.93359375
2017-07-28 04:00:00,139.203125
2017-07-28 05:00:00,93.873046875
2017-07-28 06:00:00,305.001953125
2017-07-28 07:00:00,299.810546875
2017-07-28 08:00:00,208.09765625
2017-07-28 09:00:00,199.265625
2017-07-28 10:00:00,0.5859375
2017-07-28 11:00:00,423.4375
2017-07-28 12:00:00,295.49609375
2017-07-28 13:00:00,197.8125
2017-07-28 14:00:00,35.2109375
2017-07-28 15:00:00,330.05078125
2017-07-28 16:00:00,494.8125
2017-07-28 17:00:00,318.69140625
2017-07-28 18:00:00,502.046875
2017-07-28 19:00:00,545.31640625
2017-07-28 20:00:00,42.9765625
2017-07-28 21:00:00,709.5234375
2017-07-28 22:00:00,219.1796875
2017-07-28 23:00:00,189.21484375
2017-07-29 00:00:00,268.0546875
2017-07-29 01:00:00,525.66015625
2017-07-29 02:00:00,91.404296875
2017-07-29 03:00:00,293.03125
2017-07-29 04:00:00,536.8203125
2017-07-29 05:00:00,403.708984375
2017-07-29 06:00:00,564.984375
2017-07-29 07:00:00,904.94140625
2017-07-29 08:00:00,349.0625
2017-07-29 09:00:00,144.021484375
2017-07-29 10:00:00,961.091796875
2017-07-29 11:00:00,664.6015625
2017-07-29 12:00:00,1146.021484375
2017-07-29 13:00:00,780.955078125
2017-07-29 14:00:00,640.97265625
2017-07-29 15:00:00,832.89453125
2017-07-29 16:00:00,414.951171875
2017-07-29 17:00:00,622.169921875
2017-07-29 18:00:00,437.142578125
2017-07-29 19:00:00,1323.673828125
2017-07-29 20:00:00,882.38671875
2017-07-29 21:00:00,143.080078125
2017-07-29 22:00:00,625.884765625
2017-07-29 23:00:00,1137.70703125
2017-07-30 00:00:00,263.876953125
2017-07-30 01:00:00,424.8125
2017-07-30 02:00:00,169.869140625
2017-07-30 03:00:00,360.8125
2017-07-30 04:00:00,562.90625
2017-07-30 05:00:00,686.341796875
2017-07-30 06:00:00,755.28515625
2017-07-30 07:00:00,1052.970703125
2017-07-30 08:00:00,185.6796875
2017-07-30 09:00:00,91.009765625
2017-07-30 10:00:00,266.734375
2017-07-30 11:00:00,32.294921875
2017-07-30 12:00:00,64.787109375
2017-07-30 13:00:00,236.615234375
2017-07-30 14:00:00,191.447265625
2017-07-30 15:00:00,169.5078125
2017-07-30 16:00:00,383.974609375
2017-07-30 17:00:00,543.2265625
2017-07-30 18:00:00,286.34765625
2017-07-30 19:00:00,116.34765625
2017-07-30 20:00:00,682.46484375
2017-07-30 21:00:00,114.30859375
2017-07-30 22:00:00,193.64453125
2017-07-30 23:00:00,936.513671875
2017-07-31 00:00:00,79.08984375
2017-07-31 01:00:00,57.716796875
2017-07-31 02:00:00,388.564453125
2017-07-31 03:00:00,168.3984375
2017-07-31 04:00:00,135.494140625
2017-07-31 05:00:00,164.48828125
2017-07-31 06:00:00,484.607421875
2017-07-31 07:00:00,179.34765625
2017-07-31 08:00:00,918.568359375
2017-07-31 09:00:00,604.984375
2017-07-31 10:00:00,722.951171875
2017-07-31 11:00:00,1080.8828125
2017-07-31 12:00:00,681.5703125
2017-07-31 13:00:00,1024.3984375
2017-07-31 14:00:00,925.39453125
2017-07-31 15:00:00,888.26171875
2017-07-31 16:00:00,872.98828125
2017-07-31 17:00:00,963.14453125
2017-07-31 18:00:00,948.05078125
2017-07-31 19:00:00,299.7265625
2017-07-31 20:00:00,236.5546875
2017-07-31 21:00:00,1045.34375
2017-07-31 22:00:00,638.8046875
2017-07-31 23:00:00,205.18359375
2017-08-01 00:00:00,527.76953125
2017-08-01 01:00:00,120.748046875
2017-08-01 02:00:00,356.224609375
2017-08-01 03:00:00,195.763671875
2017-08-01 04:00:00,163.42578125
2017-08-01 05:00:00,44.6953125
2017-08-01 06:00:00,315.7421875
2017-08-01 07:00:00,151.498046875
2017-08-01 08:00:00,556.70703125
2017-08-01 09:00:00,119.890625
2017-08-01 10:00:00,292.3046875
2017-08-01 11:00:00,727.21484375
2017-08-01 12:00:00,387.625
2017-08-01 13:00:00,566.109375
2017-08-01 14:00:00,330.94140625
2017-08-01 15:00:00,222.63671875
2017-08-01 16:00:00,205.77734375
2017-08-01 17:00:00,271.078125
2017-08-01 18:00:00,178.52734375
2017-08-01 19:00:00,299.953125
2017-08-01 20:00:00,156.44921875
2017-08-01 21:00:00,1401.7421875
2017-08-01 22:00:00,345.6953125
2017-08-01 23:00:00,168.06640625
2017-08-02 00:00:00,280.97265625
2017-08-02 01:00:00,73.33203125
2017-08-02 02:00:00,230.498046875
2017-08-02 03:00:00,304.595703125
2017-08-02 04:00:00,384.083984375
2017-08-02 05:00:00,149.17578125
2017-08-02 06:00:00,65.427734375
2017-08-02 07:00:00,387.4609375
2017-08-02 08:00:00,273.7421875
2017-08-02 09:00:00,400.90625
2017-08-02 10:00:00,239.3203125
2017-08-02 11:00:00,512.1484375
2017-08-02 12:00:00,436.42578125
2017-08-02 13:00:00,93.23828125
2017-08-02 14:00:00,725.8515625
2017-08-02 15:00:00,1118.67578125
2017-08-02 16:00:00,849.140625
2017-08-02 17:00:00,351.703125
2017-08-02 18:00:00,523.64453125
2017-08-02 19:00:00,227.90234375
2017-08-02 20:00:00,213.97265625
2017-08-02 21:00:00,859.9765625
2017-08-02 22:00:00,320.625
2017-08-02 23:00:00,665.38671875
2017-08-03 00:00:00,302.46875
2017-08-03 01:00:00,573.248046875
2017-08-03 02:00:00,38.619140625
2017-08-03 03:00:00,446.978515625
2017-08-03 04:00:00,417.01171875
2017-08-03 05:00:00,297.291015625
2017-08-03 06:00:00,41.73828125
2017-08-03 07:00:00,517.330078125
2017-08-03 08:00:00,258.84375
2017-08-03 09:00:00,932.10546875
2017-08-03 10:00:00,189.64453125
2017-08-03 11:00:00,188.3125
2017-08-03 12:00:00,431.05859375
2017-08-03 13:00:00,563.25390625
2017-08-03 14:00:00,805.05859375
2017-08-03 15:00:00,504.6875
2017-08-03 16:00:00,349.8984375
2017-08-03 17:00:00,214.44921875
2017-08-03 18:00:00,407.11328125
2017-08-03 19:00:00,271.48046875
2017-08-03 20:00:00,34.71484375
2017-08-03 21:00:00,1447.8671875
2017-08-03 22:00:00,298.33203125
2017-08-03 23:00:00,2.37890625
2017-08-04 00:00:00,208.36328125
2017-08-04 01:00:00,550.51171875
2017-08-04 02:00:00,295.666015625
2017-08-04 03:00:00,438.36328125
2017-08-04 04:00:00,293.8359375
2017-08-04 05:00:00,109.30078125
2017-08-04 06:00:00,50.16796875
2017-08-04 07:00:00,214.451171875
2017-08-04 08:00:00,28.4375
2017-08-04 09:00:00,328.22265625
2017-08-04 10:00:00,38.140625
2017-08-04 11:00:00,490.3828125
2017-08-04 12:00:00,370.14453125
2017-08-04 13:00:00,238.8046875
2017-08-04 14:00:00,390.60546875
2017-08-04 15:00:00,187.03515625
2017-08-04 16:00:00,359.4375
2017-08-04 17:00:00,312.05859375
2017-08-04 18:00:00,340.0859375
2017-08-04 19:00:00,322.1328125
2017-08-04 20:00:00,195.03515625
2017-08-04 21:00:00,956.40234375
2017-08-04 22:00:00,385.671875
2017-08-04 23:00:00,200.1875
2017-08-05 00:00:00,261.0625
2017-08-05 01:00:00,280.453125
2017-08-05 02:00:00,125.494140625
2017-08-05 03:00:00,535.919921875
2017-08-05 04:00:00,669.66796875
2017-08-05 05:00:00,504.99609375
2017-08-05 06:00:00,680.912109375
2017-08-05 07:00:00,810.080078125
2017-08-05 08:00:00,411.23828125
2017-08-05 09:00:00,89.681640625
2017-08-05 10:00:00,976.90234375
2017-08-05 11:00:00,995.12109375
2017-08-05 12:00:00,1178.25390625
2017-08-05 13:00:00,910.07421875
2017-08-05 14:00:00,1134.05859375
2017-08-05 15:00:00,289.28125
2017-08-05 16:00:00,402.703125
2017-08-05 17:00:00,608.41796875
2017-08-05 18:00:00,802.73828125
2017-08-05 19:00:00,1302.76953125
2017-08-05 20:00:00,1283.6796875
2017-08-05 21:00:00,100.201171875
2017-08-05 22:00:00,828.60546875
2017-08-05 23:00:00,971.140625
2017-08-06 00:00:00,561.5859375
2017-08-06 01:00:00,550.525390625
2017-08-06 02:00:00,463.822265625
2017-08-06 03:00:00,446.771484375
2017-08-06 04:00:00,671.23828125
2017-08-06 05:00:00,576.302734375
2017-08-06 06:00:00,697.537109375
2017-08-06 07:00:00,996.12890625
2017-08-06 08:00:00,240.853515625
2017-08-06 09:00:00,35.44140625
2017-08-06 10:00:00,269.650390625
2017-08-06 11:00:00,233.79296875
2017-08-06 12:00:00,36.890625
2017-08-06 13:00:00,209.640625
2017-08-06 14:00:00,241.888671875
2017-08-06 15:00:00,267.36328125
2017-08-06 16:00:00,505.271484375
2017-08-06 17:00:00,134.578125
2017-08-06 18:00:00,491.83203125
2017-08-06 19:00:00,613.5390625
2017-08-06 20:00:00,738.90625
2017-08-06 21:00:00,712.236328125
2017-08-06 22:00:00,756.53125
2017-08-06 23:00:00,443.671875
2017-08-07 00:00:00,104.783203125
2017-08-07 01:00:00,183.783203125
2017-08-07 02:00:00,525.73828125
2017-08-07 03:00:00,439.572265625
2017-08-07 04:00:00,388.84765625
2017-08-07 05:00:00,397.20703125
2017-08-07 06:00:00,824.99609375
2017-08-07 07:00:00,611.673828125
2017-08-07 08:00:00,472.54296875
2017-08-07 09:00:00,497.083984375
2017-08-07 10:00:00,288.908203125
2017-08-07 11:00:00,320.86328125
2017-08-07 12:00:00,278.578125
2017-08-07 13:00:00,91.05078125
2017-08-07 14:00:00,351.51953125
2017-08-07 15:00:00,460.90625
2017-08-07 16:00:00,455.20703125
2017-08-07 17:00:00,388.3125
2017-08-07 18:00:00,86.87890625
2017-08-07 19:00:00,643.80078125
2017-08-07 20:00:00,9.546875
2017-08-07 21:00:00,344.5234375
2017-08-07 22:00:00,716.8984375
2017-08-07 23:00:00,507.328125
2017-08-08 00:00:00,28.58984375
2017-08-08 01:00:00,139.44921875
2017-08-08 02:00:00,309.810546875
2017-08-08 03:00:00,55.857421875
2017-08-08 04:00:00,3.337890625
2017-08-08 05:00:00,32.40625
2017-08-08 06:00:00,404.33984375
2017-08-08 07:00:00,187.0703125
2017-08-08 08:00:00,414.21875
2017-08-08 09:00:00,207.25390625
2017-08-08 10:00:00,426.1171875
2017-08-08 11:00:00,31.2265625
2017-08-08 12:00:00,391.6640625
2017-08-08 13:00:00,99.19921875
2017-08-08 14:00:00,128.87890625
2017-08-08 15:00:00,27.6640625
2017-08-08 16:00:00,79.1015625
2017-08-08 17:00:00,412.46875
2017-08-08 18:00:00,354.9609375
2017-08-08 19:00:00,22.328125
2017-08-08 20:00:00,465.33984375
2017-08-08 21:00:00,829.9375
2017-08-08 22:00:00,568.7578125
2017-08-08 23:00:00,547.142578125
2017-08-09 00:00:00,243.64453125
2017-08-09 01:00:00,208.6640625
2017-08-09 02:00:00,66.990234375
2017-08-09 03:00:00,285.6484375
2017-08-09 04:00:00,344.318359375
2017-08-09 05:00:00,84.26171875
2017-08-09 06:00:00,279.9453125
2017-08-09 07:00:00,213.0625
2017-08-09 08:00:00,253.31640625
2017-08-09 09:00:00,289.97265625
2017-08-09 10:00:00,34.224609375
2017-08-09 11:00:00,108.5390625
2017-08-09 12:00:00,79.98828125
2017-08-09 13:00:00,2.6953125
2017-08-09 14:00:00,355.91796875
2017-08-09 15:00:00,190.13671875
2017-08-09 16:00:00,346.03125
2017-08-09 17:00:00,333.7421875
2017-08-09 18:00:00,365.94140625
2017-08-09 19:00:00,465.79296875
2017-08-09 20:00:00,318.15625
2017-08-09 21:00:00,954.71484375
2017-08-09 22:00:00,314.546875
2017-08-09 23:00:00,216.38671875
2017-08-10 00:00:00,134.82421875
2017-08-10 01:00:00,351.94140625
2017-08-10 02:00:00,69.642578125
2017-08-10 03:00:00,230.189453125
2017-08-10 04:00:00,258.787109375
2017-08-10 05:00:00,8.185546875
2017-08-10 06:00:00,277.134765625
2017-08-10 07:00:00,117.560546875
2017-08-10 08:00:00,201.8671875
2017-08-10 09:00:00,101.177734375
2017-08-10 10:00:00,106.42578125
2017-08-10 11:00:00,124.73046875
2017-08-10 12:00:00,28.640625
2017-08-10 13:00:00,22.36328125
2017-08-10 14:00:00,64.82421875
2017-08-10 15:00:00,207.6171875
2017-08-10 16:00:00,158.74609375
2017-08-10 17:00:00,162.17578125
2017-08-10 18:00:00,332.50390625
2017-08-10 19:00:00,519.96484375
2017-08-10 20:00:00,183.22265625
2017-08-10 21:00:00,1190.59375
2017-08-10 22:00:00,424.80078125
2017-08-10 23:00:00,159.05078125
2017-08-11 00:00:00,336.76171875
2017-08-11 01:00:00,263.24609375
2017-08-11 02:00:00,146.470703125
2017-08-11 03:00:00,136.76171875
2017-08-11 04:00:00,135.78515625
2017-08-11 05:00:00,25.712890625
2017-08-11 06:00:00,302.587890625
2017-08-11 07:00:00,222.966796875
2017-08-11 08:00:00,47.06640625
2017-08-11 09:00:00,277.078125
2017-08-11 10:00:00,381.953125
2017-08-11 11:00:00,138.73046875
2017-08-11 12:00:00,13.34375
2017-08-11 13:00:00,216.19921875
2017-08-11 14:00:00,21.078125
2017-08-11 15:00:00,534.6171875
2017-08-11 16:00:00,287.46875
2017-08-11 17:00:00,217.4296875
2017-08-11 18:00:00,293.046875
2017-08-11 19:00:00,684.9375
2017-08-11 20:00:00,235.96484375
2017-08-11 21:00:00,631.1953125
2017-08-11 22:00:00,355.3125
2017-08-11 23:00:00,27.171875
2017-08-12 00:00:00,297.24609375
2017-08-12 01:00:00,287.634765625
2017-08-12 02:00:00,7.55078125
2017-08-12 03:00:00,132.53515625
2017-08-12 04:00:00,188.638671875
2017-08-12 05:00:00,190.171875
2017-08-12 06:00:00,242.318359375
2017-08-12 07:00:00,584.40234375
2017-08-12 08:00:00,32.4375
2017-08-12 09:00:00,241.447265625
2017-08-12 10:00:00,475.123046875
2017-08-12 11:00:00,556.0546875
2017-08-12 12:00:00,792.31640625
2017-08-12 13:00:00,605.19921875
2017-08-12 14:00:00,440.7109375
2017-08-12 15:00:00,170.9921875
2017-08-12 16:00:00,247.09375
2017-08-12 17:00:00,232.609375
2017-08-12 18:00:00,244.01953125
2017-08-12 19:00:00,643.9296875
2017-08-12 20:00:00,189.47265625
2017-08-12 21:00:00,230.3515625
2017-08-12 22:00:00,407.51171875
2017-08-12 23:00:00,343.02734375
2017-08-13 00:00:00,282.64453125
2017-08-13 01:00:00,248.765625
2017-08-13 02:00:00,195.171875
2017-08-13 03:00:00,106.041015625
2017-08-13 04:00:00,58.103515625
2017-08-13 05:00:00,215.73046875
2017-08-13 06:00:00,58.84765625
2017-08-13 07:00:00,634.205078125
2017-08-13 08:00:00,659.359375
2017-08-13 09:00:00,457.439453125
2017-08-13 10:00:00,151.005859375
2017-08-13 11:00:00,6.3046875
2017-08-13 12:00:00,377.3671875
2017-08-13 13:00:00,288.64453125
2017-08-13 14:00:00,172.64453125
2017-08-13 15:00:00,123.22265625
2017-08-13 16:00:00,177.609375
2017-08-13 17:00:00,273.08984375
2017-08-13 18:00:00,56.2265625
2017-08-13 19:00:00,475.69921875
2017-08-13 20:00:00,762.16015625
2017-08-13 21:00:00,665.98046875
2017-08-13 22:00:00,1052.30078125
2017-08-13 23:00:00,208.2421875
2017-08-14 00:00:00,622.05859375
2017-08-14 01:00:00,300.736328125
2017-08-14 02:00:00,71.83984375
2017-08-14 03:00:00,22.265625
2017-08-14 04:00:00,48.630859375
2017-08-14 05:00:00,281.13671875
2017-08-14 06:00:00,627.333984375
2017-08-14 07:00:00,120.2109375
2017-08-14 08:00:00,274.884765625
2017-08-14 09:00:00,88.1015625
2017-08-14 10:00:00,91.91015625
2017-08-14 11:00:00,55.19140625
2017-08-14 12:00:00,98.75
2017-08-14 13:00:00,28.26953125
2017-08-14 14:00:00,28.2578125
2017-08-14 15:00:00,490.8828125
2017-08-14 16:00:00,380.42578125
2017-08-14 17:00:00,323.39453125
2017-08-14 18:00:00,93.484375
2017-08-14 19:00:00,311.9453125
2017-08-14 20:00:00,490.19921875
2017-08-14 21:00:00,1028.12109375
2017-08-14 22:00:00,499.0078125
2017-08-14 23:00:00,290.34375
2017-08-15 00:00:00,212.8828125
2017-08-15 01:00:00,36.685546875
2017-08-15 02:00:00,240.009765625
2017-08-15 03:00:00,141.224609375
2017-08-15 04:00:00,85.318359375
2017-08-15 05:00:00,194.46484375
2017-08-15 06:00:00,478.7578125
2017-08-15 07:00:00,154.541015625
2017-08-15 08:00:00,450.28125
2017-08-15 09:00:00,243.89453125
2017-08-15 10:00:00,505.734375
2017-08-15 11:00:00,109.88671875
2017-08-15 12:00:00,295.296875
2017-08-15 13:00:00,407.34765625
2017-08-15 14:00:00,305.41015625
2017-08-15 15:00:00,567.21484375
2017-08-15 16:00:00,353.58203125
2017-08-15 17:00:00,49.828125
2017-08-15 18:00:00,1.48828125
2017-08-15 19:00:00,65.76953125
2017-08-15 20:00:00,61.41015625
2017-08-15 21:00:00,1077.73046875
2017-08-15 22:00:00,796.60546875
2017-08-15 23:00:00,113.2265625
2017-08-16 00:00:00,498.126953125
2017-08-16 01:00:00,55.310546875
2017-08-16 02:00:00,36.927734375
2017-08-16 03:00:00,143.80078125
2017-08-16 04:00:00,172.40234375
2017-08-16 05:00:00,40.556640625
2017-08-16 06:00:00,214.150390625
2017-08-16 07:00:00,2.37890625
2017-08-16 08:00:00,416.140625
2017-08-16 09:00:00,127.5703125
2017-08-16 10:00:00,307.7109375
2017-08-16 11:00:00,661.62890625
2017-08-16 12:00:00,842.05859375
2017-08-16 13:00:00,647.2734375
2017-08-16 14:00:00,953.91015625
2017-08-16 15:00:00,249.30859375
2017-08-16 16:00:00,797.5
2017-08-16 17:00:00,239.9375
2017-08-16 18:00:00,647.22265625
2017-08-16 19:00:00,233.83203125
2017-08-16 20:00:00,251.015625
2017-08-16 21:00:00,1352.359375
2017-08-16 22:00:00,104.3203125
2017-08-16 23:00:00,328.66015625
2017-08-17 00:00:00,171.9375
2017-08-17 01:00:00,2.888671875
2017-08-17 02:00:00,89.720703125
2017-08-17 03:00:00,330.349609375
2017-08-17 04:00:00,485.826171875
2017-08-17 05:00:00,208.3359375
2017-08-17 06:00:00,125.51953125
2017-08-17 07:00:00,427.3515625
2017-08-17 08:00:00,333.267578125
2017-08-17 09:00:00,545.54296875
2017-08-17 10:00:00,346.65625
2017-08-17 11:00:00,255.64453125
2017-08-17 12:00:00,89.5
2017-08-17 13:00:00,382.1328125
2017-08-17 14:00:00,295.671875
2017-08-17 15:00:00,139.23828125
2017-08-17 16:00:00,257.8046875
2017-08-17 17:00:00,7.828125
2017-08-17 18:00:00,242.37890625
2017-08-17 19:00:00,355.6171875
2017-08-17 20:00:00,330.33984375
2017-08-17 21:00:00,1569.89453125
2017-08-17 22:00:00,140.16015625
2017-08-17 23:00:00,543.1171875
2017-08-18 00:00:00,19.7578125
2017-08-18 01:00:00,246.115234375
2017-08-18 02:00:00,301.1484375
2017-08-18 03:00:00,103.158203125
2017-08-18 04:00:00,147.978515625
2017-08-18 05:00:00,107.1171875
2017-08-18 06:00:00,342.6171875
2017-08-18 07:00:00,47.66796875
2017-08-18 08:00:00,473.5703125
2017-08-18 09:00:00,99.62109375
2017-08-18 10:00:00,113.10546875
2017-08-18 11:00:00,198.80859375
2017-08-18 12:00:00,55.2734375
2017-08-18 13:00:00,306.6484375
2017-08-18 14:00:00,351.1796875
2017-08-18 15:00:00,322.94140625
2017-08-18 16:00:00,519.62109375
2017-08-18 17:00:00,103.5859375
2017-08-18 18:00:00,303.13671875
2017-08-18 19:00:00,869.09375
2017-08-18 20:00:00,50.203125
2017-08-18 21:00:00,994.12109375
2017-08-18 22:00:00,126.640625
2017-08-18 23:00:00,247.23046875
2017-08-19 00:00:00,175.25390625
2017-08-19 01:00:00,331.58203125
2017-08-19 02:00:00,14.94921875
2017-08-19 03:00:00,967.939453125
2017-08-19 04:00:00,157.490234375
2017-08-19 05:00:00,878.853515625
2017-08-19 06:00:00,543.30078125
2017-08-19 07:00:00,939.328125
2017-08-19 08:00:00,8.87109375
2017-08-19 09:00:00,458.18359375
2017-08-19 10:00:00,618.01171875
2017-08-19 11:00:00,188.48046875
2017-08-19 12:00:00,332.41015625
2017-08-19 13:00:00,460.26171875
2017-08-19 14:00:00,376.8828125
2017-08-19 15:00:00,138.9375
2017-08-19 16:00:00,126.0
2017-08-19 17:00:00,333.046875
2017-08-19 18:00:00,71.06640625
2017-08-19 19:00:00,467.04296875
2017-08-19 20:00:00,548.39453125
2017-08-19 21:00:00,645.58203125
2017-08-19 22:00:00,677.7265625
2017-08-19 23:00:00,24.4296875
2017-08-20 00:00:00,190.02734375
2017-08-20 01:00:00,578.8203125
2017-08-20 02:00:00,264.416015625
2017-08-20 03:00:00,609.484375
2017-08-20 04:00:00,574.9140625
2017-08-20 05:00:00,674.546875
2017-08-20 06:00:00,557.349609375
2017-08-20 07:00:00,1049.072265625
2017-08-20 08:00:00,125.3984375
2017-08-20 09:00:00,246.107421875
2017-08-20 10:00:00,521.98046875
2017-08-20 11:00:00,536.8671875
2017-08-20 12:00:00,525.5546875
2017-08-20 13:00:00,715.23046875
2017-08-20 14:00:00,365.38671875
2017-08-20 15:00:00,299.40234375
2017-08-20 16:00:00,103.01171875
2017-08-20 17:00:00,64.98828125
2017-08-20 18:00:00,22.63671875
2017-08-20 19:00:00,720.44921875
2017-08-20 20:00:00,858.28515625
2017-08-20 21:00:00,701.75390625
2017-08-20 22:00:00,1112.17578125
2017-08-20 23:00:00,60.23828125
2017-08-21 00:00:00,393.236328125
2017-08-21 01:00:00,272.4140625
2017-08-21 02:00:00,241.142578125
2017-08-21 03:00:00,59.8515625
2017-08-21 04:00:00,73.810546875
2017-08-21 05:00:00,389.421875
2017-08-21 06:00:00,878.83203125
2017-08-21 07:00:00,149.916015625
2017-08-21 08:00:00,351.005859375
2017-08-21 09:00:00,595.64453125
2017-08-21 10:00:00,647.46875
2017-08-21 11:00:00,843.3359375
2017-08-21 12:00:00,978.12109375
2017-08-21 13:00:00,1051.6875
2017-08-21 14:00:00,924.55078125
2017-08-21 15:00:00,767.703125
2017-08-21 16:00:00,331.5234375
2017-08-21 17:00:00,1341.5390625
2017-08-21 18:00:00,17.82421875
2017-08-21 19:00:00,594.52734375
2017-08-21 20:00:00,549.671875
2017-08-21 21:00:00,1651.37109375
2017-08-21 22:00:00,81.62109375
2017-08-21 23:00:00,440.40234375
2017-08-22 00:00:00,136.125
2017-08-22 01:00:00,326.388671875
2017-08-22 02:00:00,336.28125
2017-08-22 03:00:00,129.4921875
2017-08-22 04:00:00,192.61328125
2017-08-22 05:00:00,129.59375
2017-08-22 06:00:00,379.515625
2017-08-22 07:00:00,177.9140625
2017-08-22 08:00:00,417.13671875
2017-08-22 09:00:00,73.03125
2017-08-22 10:00:00,225.3828125
2017-08-22 11:00:00,756.02734375
2017-08-22 12:00:00,825.703125
2017-08-22 13:00:00,1035.48046875
2017-08-22 14:00:00,961.3515625
2017-08-22 15:00:00,493.33984375
2017-08-22 16:00:00,706.34765625
2017-08-22 17:00:00,398.484375
2017-08-22 18:00:00,782.2421875
2017-08-22 19:00:00,60.67578125
2017-08-22 20:00:00,997.35546875
2017-08-22 21:00:00,1599.359375
2017-08-22 22:00:00,129.203125
2017-08-22 23:00:00,516.953125
2017-08-23 00:00:00,260.3046875
2017-08-23 01:00:00,695.4296875
2017-08-23 02:00:00,257.328125
2017-08-23 03:00:00,80.232421875
2017-08-23 04:00:00,452.216796875
2017-08-23 05:00:00,386.58203125
2017-08-23 06:00:00,51.263671875
2017-08-23 07:00:00,442.32421875
2017-08-23 08:00:00,1112.953125
2017-08-23 09:00:00,457.18359375
2017-08-23 10:00:00,776.3046875
2017-08-23 11:00:00,469.984375
2017-08-23 12:00:00,614.58203125
2017-08-23 13:00:00,489.53515625
2017-08-23 14:00:00,649.078125
2017-08-23 15:00:00,605.78515625
2017-08-23 16:00:00,602.09765625
2017-08-23 17:00:00,243.1015625
2017-08-23 18:00:00,378.12109375
2017-08-23 19:00:00,892.421875
2017-08-23 20:00:00,659.2109375
2017-08-23 21:00:00,761.75390625
2017-08-23 22:00:00,1264.01171875
2017-08-23 23:00:00,236.77734375
2017-08-24 00:00:00,778.060546875
2017-08-24 01:00:00,577.92578125
2017-08-24 02:00:00,653.935546875
2017-08-24 03:00:00,775.75390625
2017-08-24 04:00:00,858.421875
2017-08-24 05:00:00,512.71484375
2017-08-24 06:00:00,30.783203125
2017-08-24 07:00:00,551.07421875
2017-08-24 08:00:00,803.552734375
2017-08-24 09:00:00,494.318359375
2017-08-24 10:00:00,609.203125
2017-08-24 11:00:00,303.79296875
2017-08-24 12:00:00,410.73828125
2017-08-24 13:00:00,481.5390625
2017-08-24 14:00:00,229.51171875
2017-08-24 15:00:00,473.3828125
2017-08-24 16:00:00,360.59375
2017-08-24 17:00:00,172.79296875
2017-08-24 18:00:00,476.79296875
2017-08-24 19:00:00,720.30078125
2017-08-24 20:00:00,502.1953125
2017-08-24 21:00:00,1082.78515625
2017-08-24 22:00:00,1301.66015625
2017-08-24 23:00:00,32.0546875
2017-08-25 00:00:00,580.1640625
2017-08-25 01:00:00,295.09765625
2017-08-25 02:00:00,23.0546875
2017-08-25 03:00:00,294.666015625
2017-08-25 04:00:00,295.275390625
2017-08-25 05:00:00,34.03125
2017-08-25 06:00:00,168.390625
2017-08-25 07:00:00,120.166015625
2017-08-25 08:00:00,441.4765625
2017-08-25 09:00:00,75.181640625
2017-08-25 10:00:00,343.7890625
2017-08-25 11:00:00,169.9453125
2017-08-25 12:00:00,480.38671875
2017-08-25 13:00:00,225.1796875
2017-08-25 14:00:00,395.86328125
2017-08-25 15:00:00,529.8125
2017-08-25 16:00:00,469.04296875
2017-08-25 17:00:00,498.890625
2017-08-25 18:00:00,625.73828125
2017-08-25 19:00:00,877.82421875
2017-08-25 20:00:00,14.99609375
2017-08-25 21:00:00,658.28515625
2017-08-25 22:00:00,1003.3671875
2017-08-25 23:00:00,120.1796875
2017-08-26 00:00:00,607.60546875
2017-08-26 01:00:00,123.064453125
2017-08-26 02:00:00,26.796875
2017-08-26 03:00:00,380.677734375
2017-08-26 04:00:00,285.23828125
2017-08-26 05:00:00,419.533203125
2017-08-26 06:00:00,404.3984375
2017-08-26 07:00:00,505.0
2017-08-26 08:00:00,234.263671875
2017-08-26 09:00:00,430.515625
2017-08-26 10:00:00,321.8984375
2017-08-26 11:00:00,227.921875
2017-08-26 12:00:00,480.57421875
2017-08-26 13:00:00,356.931640625
2017-08-26 14:00:00,319.3125
2017-08-26 15:00:00,384.91796875
2017-08-26 16:00:00,517.08984375
2017-08-26 17:00:00,649.73828125
2017-08-26 18:00:00,650.98828125
2017-08-26 19:00:00,1088.16015625
2017-08-26 20:00:00,776.40625
2017-08-26 21:00:00,432.2734375
2017-08-26 22:00:00,1325.671875
2017-08-26 23:00:00,75.216796875
2017-08-27 00:00:00,9.33984375
2017-08-27 01:00:00,473.66796875
2017-08-27 02:00:00,445.796875
2017-08-27 03:00:00,508.779296875
2017-08-27 04:00:00,511.97265625
2017-08-27 05:00:00,542.71875
2017-08-27 06:00:00,602.333984375
2017-08-27 07:00:00,761.431640625
2017-08-27 08:00:00,214.8515625
2017-08-27 09:00:00,373.294921875
2017-08-27 10:00:00,357.841796875
2017-08-27 11:00:00,39.21484375
2017-08-27 12:00:00,18.40234375
2017-08-27 13:00:00,110.52734375
2017-08-27 14:00:00,76.73046875
2017-08-27 15:00:00,74.75
2017-08-27 16:00:00,58.333984375
2017-08-27 17:00:00,144.681640625
2017-08-27 18:00:00,413.904296875
2017-08-27 19:00:00,841.041015625
2017-08-27 20:00:00,16.087890625
2017-08-27 21:00:00,427.279296875
2017-08-27 22:00:00,1329.84765625
2017-08-27 23:00:00,87.56640625
2017-08-28 00:00:00,110.1328125
2017-08-28 01:00:00,126.416015625
2017-08-28 02:00:00,265.193359375
2017-08-28 03:00:00,136.099609375
2017-08-28 04:00:00,142.072265625
2017-08-28 05:00:00,31.744140625
2017-08-28 06:00:00,550.05078125
2017-08-28 07:00:00,230.0859375
2017-08-28 08:00:00,149.716796875
2017-08-28 09:00:00,589.677734375
2017-08-28 10:00:00,229.390625
2017-08-28 11:00:00,328.82421875
2017-08-28 12:00:00,66.71484375
2017-08-28 13:00:00,43.18359375
2017-08-28 14:00:00,59.99609375
2017-08-28 15:00:00,491.9453125
2017-08-28 16:00:00,259.14453125
2017-08-28 17:00:00,381.50390625
2017-08-28 18:00:00,394.5234375
2017-08-28 19:00:00,792.07421875
2017-08-28 20:00:00,530.287109375
2017-08-28 21:00:00,442.35546875
2017-08-28 22:00:00,1091.75
2017-08-28 23:00:00,85.16015625
2017-08-29 00:00:00,159.896484375
2017-08-29 01:00:00,0.3828125
2017-08-29 02:00:00,189.955078125
2017-08-29 03:00:00,179.076171875
2017-08-29 04:00:00,253.029296875
2017-08-29 05:00:00,89.0390625
2017-08-29 06:00:00,347.81640625
2017-08-29 07:00:00,642.96484375
2017-08-29 08:00:00,703.041015625
2017-08-29 09:00:00,45.638671875
2017-08-29 10:00:00,184.7109375
2017-08-29 11:00:00,195.71484375
2017-08-29 12:00:00,260.169921875
2017-08-29 13:00:00,390.365234375
2017-08-29 14:00:00,278.8671875
2017-08-29 15:00:00,868.02734375
2017-08-29 16:00:00,489.650390625
2017-08-29 17:00:00,636.984375
2017-08-29 18:00:00,548.26171875
2017-08-29 19:00:00,623.40234375
2017-08-29 20:00:00,188.359375
2017-08-29 21:00:00,38.63671875
2017-08-29 22:00:00,854.970703125
2017-08-29 23:00:00,102.638671875
2017-08-30 00:00:00,31.44921875
2017-08-30 01:00:00,7.900390625
2017-08-30 02:00:00,8.435546875
2017-08-30 03:00:00,301.798828125
2017-08-30 04:00:00,473.68359375
2017-08-30 05:00:00,258.94140625
2017-08-30 06:00:00,204.439453125
2017-08-30 07:00:00,235.779296875
2017-08-30 08:00:00,805.517578125
2017-08-30 09:00:00,0.01171875
2017-08-30 10:00:00,135.37109375
2017-08-30 11:00:00,72.138671875
2017-08-30 12:00:00,300.173828125
2017-08-30 13:00:00,106.115234375
2017-08-30 14:00:00,130.09765625
2017-08-30 15:00:00,345.3984375
2017-08-30 16:00:00,28.84375
2017-08-30 17:00:00,30.234375
2017-08-30 18:00:00,138.91015625
2017-08-30 19:00:00,571.8359375
2017-08-30 20:00:00,270.34375
2017-08-30 21:00:00,687.51171875
2017-08-30 22:00:00,921.421875
2017-08-30 23:00:00,37.4296875
2017-08-31 00:00:00,121.482421875
2017-08-31 01:00:00,237.509765625
2017-08-31 02:00:00,40.17578125
2017-08-31 03:00:00,100.66796875
2017-08-31 04:00:00,219.1875
2017-08-31 05:00:00,6.853515625
2017-08-31 06:00:00,530.08203125
2017-08-31 07:00:00,383.626953125
2017-08-31 08:00:00,420.59765625
2017-08-31 09:00:00,339.94140625
2017-08-31 10:00:00,113.1796875
2017-08-31 11:00:00,300.02734375
2017-08-31 12:00:00,160.18359375
2017-08-31 13:00:00,313.0703125
2017-08-31 14:00:00,346.87890625
2017-08-31 15:00:00,14.65625
2017-08-31 16:00:00,144.75
2017-08-31 17:00:00,76.80859375
2017-08-31 18:00:00,62.92578125
2017-08-31 19:00:00,661.30859375
2017-08-31 20:00:00,802.30078125
2017-08-31 21:00:00,374.671875
2017-08-31 22:00:00,732.04296875
2017-08-31 23:00:00,143.1328125
2017-09-01 00:00:00,513.927734375
2017-09-01 01:00:00,259.09375
2017-09-01 02:00:00,144.796875
2017-09-01 03:00:00,408.50390625
2017-09-01 04:00:00,398.486328125
2017-09-01 05:00:00,394.376953125
2017-09-01 06:00:00,88.37890625
2017-09-01 07:00:00,20.046875
2017-09-01 08:00:00,839.240234375
2017-09-01 09:00:00,414.119140625
2017-09-01 10:00:00,626.150390625
2017-09-01 11:00:00,284.02734375
2017-09-01 12:00:00,382.181640625
2017-09-01 13:00:00,367.3046875
2017-09-01 14:00:00,425.294921875
2017-09-01 15:00:00,831.8984375
2017-09-01 16:00:00,824.681640625
2017-09-01 17:00:00,833.146484375
2017-09-01 18:00:00,763.197265625
2017-09-01 19:00:00,934.576171875
2017-09-01 20:00:00,404.494140625
2017-09-01 21:00:00,340.552734375
2017-09-01 22:00:00,758.45703125
2017-09-01 23:00:00,183.205078125
2017-09-02 00:00:00,286.3515625
2017-09-02 01:00:00,78.728515625
2017-09-02 02:00:00,388.974609375
2017-09-02 03:00:00,507.875
2017-09-02 04:00:00,756.052734375
2017-09-02 05:00:00,806.2109375
2017-09-02 06:00:00,723.76953125
2017-09-02 07:00:00,733.986328125
2017-09-02 08:00:00,652.90234375
2017-09-02 09:00:00,355.197265625
2017-09-02 10:00:00,456.05859375
2017-09-02 11:00:00,327.666015625
2017-09-02 12:00:00,255.908203125
2017-09-02 13:00:00,94.19140625
2017-09-02 14:00:00,69.98828125
2017-09-02 15:00:00,4.82421875
2017-09-02 16:00:00,21.9375
2017-09-02 17:00:00,106.345703125
2017-09-02 18:00:00,65.294921875
2017-09-02 19:00:00,28.29296875
2017-09-02 20:00:00,522.703125
2017-09-02 21:00:00,363.98828125
2017-09-02 22:00:00,254.896484375
2017-09-02 23:00:00,67.66015625
2017-09-03 00:00:00,52.529296875
2017-09-03 01:00:00,156.837890625
2017-09-03 02:00:00,139.546875
2017-09-03 03:00:00,404.259765625
2017-09-03 04:00:00,557.1015625
2017-09-03 05:00:00,646.509765625
2017-09-03 06:00:00,619.439453125
2017-09-03 07:00:00,603.361328125
2017-09-03 08:00:00,514.802734375
2017-09-03 09:00:00,372.5859375
2017-09-03 10:00:00,456.24609375
2017-09-03 11:00:00,87.1328125
2017-09-03 12:00:00,144.884765625
2017-09-03 13:00:00,141.9296875
2017-09-03 14:00:00,280.0546875
2017-09-03 15:00:00,280.884765625
2017-09-03 16:00:00,189.361328125
2017-09-03 17:00:00,424.34765625
2017-09-03 18:00:00,341.296875
2017-09-03 19:00:00,173.5078125
2017-09-03 20:00:00,396.3359375
2017-09-03 21:00:00,473.466796875
2017-09-03 22:00:00,692.001953125
2017-09-03 23:00:00,283.85546875
2017-09-04 00:00:00,128.685546875
2017-09-04 01:00:00,104.642578125
2017-09-04 02:00:00,48.05078125
2017-09-04 03:00:00,544.181640625
2017-09-04 04:00:00,408.21875
2017-09-04 05:00:00,680.7890625
2017-09-04 06:00:00,439.86328125
2017-09-04 07:00:00,842.400390625
2017-09-04 08:00:00,488.3515625
2017-09-04 09:00:00,515.126953125
2017-09-04 10:00:00,122.62890625
2017-09-04 11:00:00,85.765625
2017-09-04 12:00:00,327.306640625
2017-09-04 13:00:00,257.1875
2017-09-04 14:00:00,442.20703125
2017-09-04 15:00:00,334.783203125
2017-09-04 16:00:00,486.513671875
2017-09-04 17:00:00,518.6015625
2017-09-04 18:00:00,383.92578125
2017-09-04 19:00:00,316.41015625
2017-09-04 20:00:00,509.154296875
2017-09-04 21:00:00,669.2890625
2017-09-04 22:00:00,894.537109375
2017-09-04 23:00:00,145.4140625
2017-09-05 00:00:00,66.421875
2017-09-05 01:00:00,339.748046875
2017-09-05 02:00:00,643.9375
2017-09-05 03:00:00,99.98828125
2017-09-05 04:00:00,72.111328125
2017-09-05 05:00:00,262.34375
2017-09-05 06:00:00,914.927734375
2017-09-05 07:00:00,983.171875
2017-09-05 08:00:00,304.751953125
2017-09-05 09:00:00,857.4453125
2017-09-05 10:00:00,842.82421875
2017-09-05 11:00:00,1025.11328125
2017-09-05 12:00:00,826.0546875
2017-09-05 13:00:00,1136.96484375
2017-09-05 14:00:00,1030.48828125
2017-09-05 15:00:00,880.70703125
2017-09-05 16:00:00,771.15234375
2017-09-05 17:00:00,549.26171875
2017-09-05 18:00:00,30.38671875
2017-09-05 19:00:00,358.8984375
2017-09-05 20:00:00,1072.9765625
2017-09-05 21:00:00,108.76171875
2017-09-05 22:00:00,415.6171875
2017-09-05 23:00:00,342.1171875
2017-09-06 00:00:00,8.9453125
2017-09-06 01:00:00,189.607421875
2017-09-06 02:00:00,4.83203125
2017-09-06 03:00:00,54.162109375
2017-09-06 04:00:00,378.6875
2017-09-06 05:00:00,70.193359375
2017-09-06 06:00:00,550.79296875
2017-09-06 07:00:00,713.12109375
2017-09-06 08:00:00,1141.9453125
2017-09-06 09:00:00,646.005859375
2017-09-06 10:00:00,551.9765625
2017-09-06 11:00:00,875.56640625
2017-09-06 12:00:00,383.1796875
2017-09-06 13:00:00,686.5625
2017-09-06 14:00:00,653.8046875
2017-09-06 15:00:00,997.98046875
2017-09-06 16:00:00,902.5
2017-09-06 17:00:00,699.517578125
2017-09-06 18:00:00,722.509765625
2017-09-06 19:00:00,847.78515625
2017-09-06 20:00:00,37.623046875
2017-09-06 21:00:00,808.13671875
2017-09-06 22:00:00,851.212890625
2017-09-06 23:00:00,495.162109375
2017-09-07 00:00:00,234.994140625
2017-09-07 01:00:00,211.91796875
2017-09-07 02:00:00,238.9375
2017-09-07 03:00:00,465.28515625
2017-09-07 04:00:00,590.982421875
2017-09-07 05:00:00,441.755859375
2017-09-07 06:00:00,190.447265625
2017-09-07 07:00:00,545.03125
2017-09-07 08:00:00,1363.3359375
2017-09-07 09:00:00,104.9609375
2017-09-07 10:00:00,133.384765625
2017-09-07 11:00:00,68.13671875
2017-09-07 12:00:00,229.248046875
2017-09-07 13:00:00,71.64453125
2017-09-07 14:00:00,7.3984375
2017-09-07 15:00:00,521.0859375
2017-09-07 16:00:00,355.83984375
2017-09-07 17:00:00,305.720703125
2017-09-07 18:00:00,474.724609375
2017-09-07 19:00:00,763.240234375
2017-09-07 20:00:00,561.486328125
2017-09-07 21:00:00,218.435546875
2017-09-07 22:00:00,1093.16015625
2017-09-07 23:00:00,29.212890625
2017-09-08 00:00:00,89.224609375
2017-09-08 01:00:00,110.4921875
2017-09-08 02:00:00,84.35546875
2017-09-08 03:00:00,465.67578125
2017-09-08 04:00:00,607.919921875
2017-09-08 05:00:00,447.681640625
2017-09-08 06:00:00,129.5546875
2017-09-08 07:00:00,436.0390625
2017-09-08 08:00:00,1178.953125
2017-09-08 09:00:00,101.599609375
2017-09-08 10:00:00,61.884765625
2017-09-08 11:00:00,205.712890625
2017-09-08 12:00:00,113.2109375
2017-09-08 13:00:00,94.822265625
2017-09-08 14:00:00,56.521484375
2017-09-08 15:00:00,467.634765625
2017-09-08 16:00:00,383.83984375
2017-09-08 17:00:00,338.548828125
2017-09-08 18:00:00,471.69140625
2017-09-08 19:00:00,751.55859375
2017-09-08 20:00:00,627.3203125
2017-09-08 21:00:00,111.748046875
2017-09-08 22:00:00,512.40625
2017-09-08 23:00:00,135.171875
2017-09-09 00:00:00,172.029296875
2017-09-09 01:00:00,4.6484375
2017-09-09 02:00:00,274.455078125
2017-09-09 03:00:00,574.3671875
2017-09-09 04:00:00,718.10546875
2017-09-09 05:00:00,814.845703125
2017-09-09 06:00:00,647.017578125
2017-09-09 07:00:00,712.923828125
2017-09-09 08:00:00,470.640625
2017-09-09 09:00:00,49.80859375
2017-09-09 10:00:00,630.005859375
2017-09-09 11:00:00,110.63671875
2017-09-09 12:00:00,200.0859375
2017-09-09 13:00:00,27.11328125
2017-09-09 14:00:00,81.38671875
2017-09-09 15:00:00,80.80078125
2017-09-09 16:00:00,17.453125
2017-09-09 17:00:00,57.287109375
2017-09-09 18:00:00,72.27734375
2017-09-09 19:00:00,346.71484375
2017-09-09 20:00:00,584.0
2017-09-09 21:00:00,82.966796875
2017-09-09 22:00:00,595.759765625
2017-09-09 23:00:00,90.0234375
2017-09-10 00:00:00,87.39453125
2017-09-10 01:00:00,344.958984375
2017-09-10 02:00:00,271.015625
2017-09-10 03:00:00,603.1875
2017-09-10 04:00:00,748.111328125
2017-09-10 05:00:00,840.388671875
2017-09-10 06:00:00,740.51171875
2017-09-10 07:00:00,898.35546875
2017-09-10 08:00:00,604.96875
2017-09-10 09:00:00,64.28515625
2017-09-10 10:00:00,623.876953125
2017-09-10 11:00:00,243.669921875
2017-09-10 12:00:00,80.3828125
2017-09-10 13:00:00,22.6640625
2017-09-10 14:00:00,32.552734375
2017-09-10 15:00:00,149.30859375
2017-09-10 16:00:00,220.154296875
2017-09-10 17:00:00,412.212890625
2017-09-10 18:00:00,120.1015625
2017-09-10 19:00:00,119.302734375
2017-09-10 20:00:00,936.615234375
2017-09-10 21:00:00,82.345703125
2017-09-10 22:00:00,825.748046875
2017-09-10 23:00:00,109.572265625
2017-09-11 00:00:00,39.10546875
2017-09-11 01:00:00,100.2578125
2017-09-11 02:00:00,164.716796875
2017-09-11 03:00:00,378.791015625
2017-09-11 04:00:00,569.84765625
2017-09-11 05:00:00,297.07421875
2017-09-11 06:00:00,488.296875
2017-09-11 07:00:00,497.046875
2017-09-11 08:00:00,672.33203125
2017-09-11 09:00:00,0.080078125
2017-09-11 10:00:00,614.49609375
2017-09-11 11:00:00,576.693359375
2017-09-11 12:00:00,709.171875
2017-09-11 13:00:00,459.2578125
2017-09-11 14:00:00,607.1484375
2017-09-11 15:00:00,20.591796875
2017-09-11 16:00:00,65.5625
2017-09-11 17:00:00,7.5078125
2017-09-11 18:00:00,276.943359375
2017-09-11 19:00:00,74.470703125
2017-09-11 20:00:00,1108.427734375
2017-09-11 21:00:00,40.46484375
2017-09-11 22:00:00,472.365234375
2017-09-11 23:00:00,37.341796875
2017-09-12 00:00:00,88.177734375
2017-09-12 01:00:00,102.228515625
2017-09-12 02:00:00,84.525390625
2017-09-12 03:00:00,349.041015625
2017-09-12 04:00:00,653.158203125
2017-09-12 05:00:00,323.365234375
2017-09-12 06:00:00,253.255859375
2017-09-12 07:00:00,578.08203125
2017-09-12 08:00:00,1050.880859375
2017-09-12 09:00:00,123.46484375
2017-09-12 10:00:00,55.0703125
2017-09-12 11:00:00,366.2421875
2017-09-12 12:00:00,315.736328125
2017-09-12 13:00:00,244.8203125
2017-09-12 14:00:00,20.65234375
2017-09-12 15:00:00,362.646484375
2017-09-12 16:00:00,291.03125
2017-09-12 17:00:00,285.21484375
2017-09-12 18:00:00,418.0625
2017-09-12 19:00:00,529.04296875
2017-09-12 20:00:00,932.548828125
2017-09-12 21:00:00,74.25
2017-09-12 22:00:00,636.734375
2017-09-12 23:00:00,185.015625
2017-09-13 00:00:00,100.62109375
2017-09-13 01:00:00,28.19140625
2017-09-13 02:00:00,119.734375
2017-09-13 03:00:00,244.87890625
2017-09-13 04:00:00,444.138671875
2017-09-13 05:00:00,205.91796875
2017-09-13 06:00:00,396.30078125
2017-09-13 07:00:00,691.0625
2017-09-13 08:00:00,730.91796875
2017-09-13 09:00:00,46.763671875
2017-09-13 10:00:00,89.33984375
2017-09-13 11:00:00,235.92578125
2017-09-13 12:00:00,186.845703125
2017-09-13 13:00:00,97.421875
2017-09-13 14:00:00,205.546875
2017-09-13 15:00:00,690.390625
2017-09-13 16:00:00,540.45703125
2017-09-13 17:00:00,138.26953125
2017-09-13 18:00:00,19.359375
2017-09-13 19:00:00,353.5859375
2017-09-13 20:00:00,1053.234375
2017-09-13 21:00:00,179.6015625
2017-09-13 22:00:00,443.71484375
2017-09-13 23:00:00,427.08203125
2017-09-14 00:00:00,13.421875
2017-09-14 01:00:00,191.185546875
2017-09-14 02:00:00,277.998046875
2017-09-14 03:00:00,14.80859375
2017-09-14 04:00:00,88.859375
2017-09-14 05:00:00,29.05078125
2017-09-14 06:00:00,755.44140625
2017-09-14 07:00:00,1002.51171875
2017-09-14 08:00:00,580.857421875
2017-09-14 09:00:00,137.529296875
2017-09-14 10:00:00,166.44921875
2017-09-14 11:00:00,129.953125
2017-09-14 12:00:00,158.828125
2017-09-14 13:00:00,133.1171875
2017-09-14 14:00:00,346.4375
2017-09-14 15:00:00,267.7890625
2017-09-14 16:00:00,73.06640625
2017-09-14 17:00:00,112.58203125
2017-09-14 18:00:00,148.7734375
2017-09-14 19:00:00,306.90234375
2017-09-14 20:00:00,1228.76171875
2017-09-14 21:00:00,125.49609375
2017-09-14 22:00:00,402.4296875
2017-09-14 23:00:00,455.220703125
2017-09-15 00:00:00,442.638671875
2017-09-15 01:00:00,6.423828125
2017-09-15 02:00:00,88.939453125
2017-09-15 03:00:00,166.310546875
2017-09-15 04:00:00,354.7109375
2017-09-15 05:00:00,135.68359375
2017-09-15 06:00:00,552.7421875
2017-09-15 07:00:00,522.392578125
2017-09-15 08:00:00,1224.037109375
2017-09-15 09:00:00,185.60546875
2017-09-15 10:00:00,259.20703125
2017-09-15 11:00:00,43.390625
2017-09-15 12:00:00,24.6328125
2017-09-15 13:00:00,47.26171875
2017-09-15 14:00:00,149.296875
2017-09-15 15:00:00,357.11328125
2017-09-15 16:00:00,40.85546875
2017-09-15 17:00:00,57.09765625
2017-09-15 18:00:00,279.60546875
2017-09-15 19:00:00,756.0703125
2017-09-15 20:00:00,723.54296875
2017-09-15 21:00:00,135.92578125
2017-09-15 22:00:00,90.55859375
2017-09-15 23:00:00,213.21484375
2017-09-16 00:00:00,462.12890625
2017-09-16 01:00:00,153.59375
2017-09-16 02:00:00,128.884765625
2017-09-16 03:00:00,269.79296875
2017-09-16 04:00:00,359.625
2017-09-16 05:00:00,388.001953125
2017-09-16 06:00:00,148.306640625
2017-09-16 07:00:00,478.8828125
2017-09-16 08:00:00,268.8671875
2017-09-16 09:00:00,751.65234375
2017-09-16 10:00:00,224.734375
2017-09-16 11:00:00,40.01953125
2017-09-16 12:00:00,345.28125
2017-09-16 13:00:00,512.125
2017-09-16 14:00:00,379.234375
2017-09-16 15:00:00,336.30859375
2017-09-16 16:00:00,296.80859375
2017-09-16 17:00:00,226.36328125
2017-09-16 18:00:00,608.42578125
2017-09-16 19:00:00,676.2421875
2017-09-16 20:00:00,440.66796875
2017-09-16 21:00:00,430.6484375
2017-09-16 22:00:00,386.3671875
2017-09-16 23:00:00,418.341796875
2017-09-17 00:00:00,359.5390625
2017-09-17 01:00:00,38.60546875
2017-09-17 02:00:00,112.818359375
2017-09-17 03:00:00,42.439453125
2017-09-17 04:00:00,55.72265625
2017-09-17 05:00:00,176.40625
2017-09-17 06:00:00,58.68359375
2017-09-17 07:00:00,266.16015625
2017-09-17 08:00:00,207.537109375
2017-09-17 09:00:00,690.552734375
2017-09-17 10:00:00,307.26953125
2017-09-17 11:00:00,169.857421875
2017-09-17 12:00:00,377.98828125
2017-09-17 13:00:00,103.814453125
2017-09-17 14:00:00,473.80859375
2017-09-17 15:00:00,253.52734375
2017-09-17 16:00:00,245.54296875
2017-09-17 17:00:00,13.90234375
2017-09-17 18:00:00,247.05078125
2017-09-17 19:00:00,616.9765625
2017-09-17 20:00:00,601.2890625
2017-09-17 21:00:00,559.20703125
2017-09-17 22:00:00,741.36328125
2017-09-17 23:00:00,590.724609375
2017-09-18 00:00:00,348.06640625
2017-09-18 01:00:00,139.58984375
2017-09-18 02:00:00,130.0
2017-09-18 03:00:00,137.16796875
2017-09-18 04:00:00,257.826171875
2017-09-18 05:00:00,283.8125
2017-09-18 06:00:00,995.283203125
2017-09-18 07:00:00,1263.61328125
2017-09-18 08:00:00,329.748046875
2017-09-18 09:00:00,83.314453125
2017-09-18 10:00:00,119.35546875
2017-09-18 11:00:00,162.03515625
2017-09-18 12:00:00,50.68359375
2017-09-18 13:00:00,176.16796875
2017-09-18 14:00:00,232.60546875
2017-09-18 15:00:00,508.359375
2017-09-18 16:00:00,445.13671875
2017-09-18 17:00:00,135.484375
2017-09-18 18:00:00,164.01171875
2017-09-18 19:00:00,414.30078125
2017-09-18 20:00:00,1119.9375
2017-09-18 21:00:00,485.65234375
2017-09-18 22:00:00,371.58203125
2017-09-18 23:00:00,610.498046875
2017-09-19 00:00:00,197.666015625
2017-09-19 01:00:00,14.228515625
2017-09-19 02:00:00,11.599609375
2017-09-19 03:00:00,94.513671875
2017-09-19 04:00:00,287.40234375
2017-09-19 05:00:00,26.515625
2017-09-19 06:00:00,483.9453125
2017-09-19 07:00:00,919.5546875
2017-09-19 08:00:00,858.84375
2017-09-19 09:00:00,415.2734375
2017-09-19 10:00:00,336.01953125
2017-09-19 11:00:00,11.78125
2017-09-19 12:00:00,20.328125
2017-09-19 13:00:00,102.73828125
2017-09-19 14:00:00,85.37890625
2017-09-19 15:00:00,330.33203125
2017-09-19 16:00:00,213.109375
2017-09-19 17:00:00,109.76171875
2017-09-19 18:00:00,168.734375
2017-09-19 19:00:00,287.2578125
2017-09-19 20:00:00,1184.75390625
2017-09-19 21:00:00,383.98828125
2017-09-19 22:00:00,221.30078125
2017-09-19 23:00:00,540.599609375
2017-09-20 00:00:00,287.541015625
2017-09-20 01:00:00,24.65625
2017-09-20 02:00:00,28.181640625
2017-09-20 03:00:00,102.072265625
2017-09-20 04:00:00,280.890625
2017-09-20 05:00:00,5.662109375
2017-09-20 06:00:00,434.056640625
2017-09-20 07:00:00,922.255859375
2017-09-20 08:00:00,1165.671875
2017-09-20 09:00:00,267.9140625
2017-09-20 10:00:00,169.25
2017-09-20 11:00:00,80.07421875
2017-09-20 12:00:00,166.19140625
2017-09-20 13:00:00,239.6015625
2017-09-20 14:00:00,299.859375
2017-09-20 15:00:00,138.6796875
2017-09-20 16:00:00,202.82421875
2017-09-20 17:00:00,291.1328125
2017-09-20 18:00:00,37.1328125
2017-09-20 19:00:00,518.65625
2017-09-20 20:00:00,1300.9453125
2017-09-20 21:00:00,336.05859375
2017-09-20 22:00:00,127.05859375
2017-09-20 23:00:00,292.73046875
2017-09-21 00:00:00,408.978515625
2017-09-21 01:00:00,23.275390625
2017-09-21 02:00:00,232.564453125
2017-09-21 03:00:00,281.23046875
2017-09-21 04:00:00,469.4375
2017-09-21 05:00:00,46.216796875
2017-09-21 06:00:00,293.509765625
2017-09-21 07:00:00,646.98046875
2017-09-21 08:00:00,1319.5
2017-09-21 09:00:00,170.046875
2017-09-21 10:00:00,336.67578125
2017-09-21 11:00:00,35.6484375
2017-09-21 12:00:00,85.52734375
2017-09-21 13:00:00,44.90625
2017-09-21 14:00:00,132.98046875
2017-09-21 15:00:00,354.1328125
2017-09-21 16:00:00,23.44140625
2017-09-21 17:00:00,30.1796875
2017-09-21 18:00:00,157.77734375
2017-09-21 19:00:00,755.86328125
2017-09-21 20:00:00,1325.0
2017-09-21 21:00:00,310.6875
2017-09-21 22:00:00,52.2734375
2017-09-21 23:00:00,381.37109375
2017-09-22 00:00:00,242.751953125
2017-09-22 01:00:00,166.4765625
2017-09-22 02:00:00,51.7578125
2017-09-22 03:00:00,320.16796875
2017-09-22 04:00:00,320.513671875
2017-09-22 05:00:00,96.79296875
2017-09-22 06:00:00,271.625
2017-09-22 07:00:00,657.765625
2017-09-22 08:00:00,1578.017578125
2017-09-22 09:00:00,21.033203125
2017-09-22 10:00:00,674.55078125
2017-09-22 11:00:00,284.46875
2017-09-22 12:00:00,177.5234375
2017-09-22 13:00:00,264.49609375
2017-09-22 14:00:00,292.8125
2017-09-22 15:00:00,475.421875
2017-09-22 16:00:00,344.375
2017-09-22 17:00:00,458.3515625
2017-09-22 18:00:00,653.90625
2017-09-22 19:00:00,1018.5625
2017-09-22 20:00:00,885.2890625
2017-09-22 21:00:00,940.3828125
2017-09-22 22:00:00,237.22265625
2017-09-22 23:00:00,628.771484375
2017-09-23 00:00:00,480.576171875
2017-09-23 01:00:00,358.82421875
2017-09-23 02:00:00,331.208984375
2017-09-23 03:00:00,474.166015625
2017-09-23 04:00:00,620.333984375
2017-09-23 05:00:00,505.28515625
2017-09-23 06:00:00,403.7109375
2017-09-23 07:00:00,393.26171875
2017-09-23 08:00:00,302.810546875
2017-09-23 09:00:00,633.998046875
2017-09-23 10:00:00,294.6875
2017-09-23 11:00:00,77.72265625
2017-09-23 12:00:00,87.5859375
2017-09-23 13:00:00,310.11328125
2017-09-23 14:00:00,127.83984375
2017-09-23 15:00:00,63.14453125
2017-09-23 16:00:00,152.0078125
2017-09-23 17:00:00,110.1328125
2017-09-23 18:00:00,265.9765625
2017-09-23 19:00:00,1002.97265625
2017-09-23 20:00:00,345.82421875
2017-09-23 21:00:00,733.48828125
2017-09-23 22:00:00,99.25390625
2017-09-23 23:00:00,300.919921875
2017-09-24 00:00:00,395.130859375
2017-09-24 01:00:00,91.513671875
2017-09-24 02:00:00,17.26171875
2017-09-24 03:00:00,198.490234375
2017-09-24 04:00:00,188.125
2017-09-24 05:00:00,469.478515625
2017-09-24 06:00:00,173.626953125
2017-09-24 07:00:00,445.66796875
2017-09-24 08:00:00,146.580078125
2017-09-24 09:00:00,1102.634765625
2017-09-24 10:00:00,189.07421875
2017-09-24 11:00:00,351.8671875
2017-09-24 12:00:00,309.7578125
2017-09-24 13:00:00,314.21484375
2017-09-24 14:00:00,393.48046875
2017-09-24 15:00:00,420.4609375
2017-09-24 16:00:00,429.58984375
2017-09-24 17:00:00,347.44140625
2017-09-24 18:00:00,282.7265625
2017-09-24 19:00:00,649.03125
2017-09-24 20:00:00,1226.953125
2017-09-24 21:00:00,603.5078125
2017-09-24 22:00:00,149.46484375
2017-09-24 23:00:00,337.6015625
2017-09-25 00:00:00,76.701171875
2017-09-25 01:00:00,203.19921875
2017-09-25 02:00:00,175.740234375
2017-09-25 03:00:00,308.6484375
2017-09-25 04:00:00,24.828125
2017-09-25 05:00:00,532.046875
2017-09-25 06:00:00,995.404296875
2017-09-25 07:00:00,923.95703125
2017-09-25 08:00:00,358.951171875
2017-09-25 09:00:00,366.1484375
2017-09-25 10:00:00,238.96484375
2017-09-25 11:00:00,466.9921875
2017-09-25 12:00:00,645.70703125
2017-09-25 13:00:00,654.36328125
2017-09-25 14:00:00,637.75
2017-09-25 15:00:00,211.80078125
2017-09-25 16:00:00,425.34375
2017-09-25 17:00:00,142.37109375
2017-09-25 18:00:00,47.68359375
2017-09-25 19:00:00,387.73046875
2017-09-25 20:00:00,1778.53125
2017-09-25 21:00:00,657.98046875
2017-09-25 22:00:00,813.12109375
2017-09-25 23:00:00,510.89453125
2017-09-26 00:00:00,90.8984375
2017-09-26 01:00:00,30.07421875
2017-09-26 02:00:00,383.990234375
2017-09-26 03:00:00,357.29296875
2017-09-26 04:00:00,602.9609375
2017-09-26 05:00:00,266.53125
2017-09-26 06:00:00,211.671875
2017-09-26 07:00:00,644.529296875
2017-09-26 08:00:00,1692.08203125
2017-09-26 09:00:00,400.765625
2017-09-26 10:00:00,568.73046875
2017-09-26 11:00:00,201.21484375
2017-09-26 12:00:00,93.0234375
2017-09-26 13:00:00,150.08203125
2017-09-26 14:00:00,67.78515625
2017-09-26 15:00:00,374.90234375
2017-09-26 16:00:00,166.8828125
2017-09-26 17:00:00,19.1953125
2017-09-26 18:00:00,281.68359375
2017-09-26 19:00:00,566.6875
2017-09-26 20:00:00,1483.7890625
2017-09-26 21:00:00,659.1875
2017-09-26 22:00:00,242.0
2017-09-26 23:00:00,515.95703125
2017-09-27 00:00:00,31.521484375
2017-09-27 01:00:00,248.228515625
2017-09-27 02:00:00,91.71875
2017-09-27 03:00:00,271.173828125
2017-09-27 04:00:00,562.111328125
2017-09-27 05:00:00,30.05859375
2017-09-27 06:00:00,375.705078125
2017-09-27 07:00:00,893.6640625
2017-09-27 08:00:00,1306.1796875
2017-09-27 09:00:00,64.859375
2017-09-27 10:00:00,16.3984375
2017-09-27 11:00:00,160.57421875
2017-09-27 12:00:00,679.5078125
2017-09-27 13:00:00,136.48828125
2017-09-27 14:00:00,514.83203125
2017-09-27 15:00:00,133.390625
2017-09-27 16:00:00,222.7578125
2017-09-27 17:00:00,493.23046875
2017-09-27 18:00:00,53.84375
2017-09-27 19:00:00,122.6015625
2017-09-27 20:00:00,1629.00390625
2017-09-27 21:00:00,307.31640625
2017-09-27 22:00:00,626.9453125
2017-09-27 23:00:00,396.4296875
2017-09-28 00:00:00,259.26953125
2017-09-28 01:00:00,55.837890625
2017-09-28 02:00:00,22.8671875
2017-09-28 03:00:00,285.013671875
2017-09-28 04:00:00,602.634765625
2017-09-28 05:00:00,259.46875
2017-09-28 06:00:00,243.107421875
2017-09-28 07:00:00,394.6953125
2017-09-28 08:00:00,1889.51953125
2017-09-28 09:00:00,453.796875
2017-09-28 10:00:00,795.90625
2017-09-28 11:00:00,372.73828125
2017-09-28 12:00:00,543.9921875
2017-09-28 13:00:00,546.0546875
2017-09-28 14:00:00,766.453125
2017-09-28 15:00:00,848.1484375
2017-09-28 16:00:00,994.61328125
2017-09-28 17:00:00,849.31640625
2017-09-28 18:00:00,1320.35546875
2017-09-28 19:00:00,1426.59765625
2017-09-28 20:00:00,1127.4921875
2017-09-28 21:00:00,1721.0234375
2017-09-28 22:00:00,412.34765625
2017-09-28 23:00:00,1012.544921875
2017-09-29 00:00:00,734.744140625
2017-09-29 01:00:00,697.77734375
2017-09-29 02:00:00,742.751953125
2017-09-29 03:00:00,804.345703125
2017-09-29 04:00:00,964.048828125
2017-09-29 05:00:00,649.662109375
2017-09-29 06:00:00,39.794921875
2017-09-29 07:00:00,463.052734375
2017-09-29 08:00:00,1624.263671875
2017-09-29 09:00:00,404.005859375
2017-09-29 10:00:00,294.58203125
2017-09-29 11:00:00,241.484375
2017-09-29 12:00:00,81.310546875
2017-09-29 13:00:00,323.322265625
2017-09-29 14:00:00,325.515625
2017-09-29 15:00:00,784.88671875
2017-09-29 16:00:00,580.42578125
2017-09-29 17:00:00,380.5390625
2017-09-29 18:00:00,822.123046875
2017-09-29 19:00:00,733.330078125
2017-09-29 20:00:00,767.8359375
2017-09-29 21:00:00,1101.1953125
2017-09-29 22:00:00,211.466796875
2017-09-29 23:00:00,192.85546875
2017-09-30 00:00:00,45.35546875
2017-09-30 01:00:00,42.115234375
2017-09-30 02:00:00,331.416015625
2017-09-30 03:00:00,551.201171875
2017-09-30 04:00:00,817.794921875
2017-09-30 05:00:00,743.322265625
2017-09-30 06:00:00,659.37109375
2017-09-30 07:00:00,502.771484375
2017-09-30 08:00:00,723.974609375
2017-09-30 09:00:00,251.41796875
2017-09-30 10:00:00,652.669921875
2017-09-30 11:00:00,206.419921875
2017-09-30 12:00:00,91.37890625
2017-09-30 13:00:00,220.6796875
2017-09-30 14:00:00,219.7578125
2017-09-30 15:00:00,4.8125
2017-09-30 16:00:00,71.40625
2017-09-30 17:00:00,95.4609375
2017-09-30 18:00:00,104.296875
2017-09-30 19:00:00,65.119140625
2017-09-30 20:00:00,538.875
2017-09-30 21:00:00,1132.48828125
2017-09-30 22:00:00,53.818359375
2017-09-30 23:00:00,225.607421875
2017-10-01 00:00:00,258.88671875
2017-10-01 01:00:00,256.8828125
2017-10-01 02:00:00,420.779296875
2017-10-01 03:00:00,645.041015625
2017-10-01 04:00:00,811.73046875
2017-10-01 05:00:00,917.85546875
2017-10-01 06:00:00,765.107421875
2017-10-01 07:00:00,672.232421875
2017-10-01 08:00:00,791.580078125
2017-10-01 09:00:00,3.880859375
2017-10-01 10:00:00,733.455078125
2017-10-01 11:00:00,278.171875
2017-10-01 12:00:00,138.4296875
2017-10-01 13:00:00,12.041015625
2017-10-01 14:00:00,48.515625
2017-10-01 15:00:00,84.6171875
2017-10-01 16:00:00,110.76953125
2017-10-01 17:00:00,221.96875
2017-10-01 18:00:00,6.03125
2017-10-01 19:00:00,103.802734375
2017-10-01 20:00:00,1016.5078125
2017-10-01 21:00:00,1001.859375
2017-10-01 22:00:00,41.283203125
2017-10-01 23:00:00,45.587890625
2017-10-02 00:00:00,43.15234375
2017-10-02 01:00:00,97.16015625
2017-10-02 02:00:00,296.408203125
2017-10-02 03:00:00,372.91796875
2017-10-02 04:00:00,635.927734375
2017-10-02 05:00:00,266.404296875
2017-10-02 06:00:00,416.83203125
2017-10-02 07:00:00,827.55078125
2017-10-02 08:00:00,780.103515625
2017-10-02 09:00:00,42.68359375
2017-10-02 10:00:00,537.453125
2017-10-02 11:00:00,678.83984375
2017-10-02 12:00:00,747.71484375
2017-10-02 13:00:00,574.998046875
2017-10-02 14:00:00,635.765625
2017-10-02 15:00:00,134.201171875
2017-10-02 16:00:00,266.037109375
2017-10-02 17:00:00,26.427734375
2017-10-02 18:00:00,165.55859375
2017-10-02 19:00:00,16.736328125
2017-10-02 20:00:00,1235.18359375
2017-10-02 21:00:00,825.361328125
2017-10-02 22:00:00,392.86328125
2017-10-02 23:00:00,282.142578125
2017-10-03 00:00:00,289.619140625
2017-10-03 01:00:00,86.92578125
2017-10-03 02:00:00,147.24609375
2017-10-03 03:00:00,564.58984375
2017-10-03 04:00:00,675.068359375
2017-10-03 05:00:00,480.056640625
2017-10-03 06:00:00,225.458984375
2017-10-03 07:00:00,698.65625
2017-10-03 08:00:00,1120.19140625
2017-10-03 09:00:00,326.44921875
2017-10-03 10:00:00,378.87109375
2017-10-03 11:00:00,417.349609375
2017-10-03 12:00:00,175.8984375
2017-10-03 13:00:00,229.7890625
2017-10-03 14:00:00,168.72265625
2017-10-03 15:00:00,296.81640625
2017-10-03 16:00:00,200.904296875
2017-10-03 17:00:00,106.8125
2017-10-03 18:00:00,385.73828125
2017-10-03 19:00:00,198.78515625
2017-10-03 20:00:00,1057.658203125
2017-10-03 21:00:00,968.36328125
2017-10-03 22:00:00,272.6640625
2017-10-03 23:00:00,398.056640625
2017-10-04 00:00:00,54.3359375
2017-10-04 01:00:00,137.046875
2017-10-04 02:00:00,375.794921875
2017-10-04 03:00:00,435.03125
2017-10-04 04:00:00,723.2421875
2017-10-04 05:00:00,515.931640625
2017-10-04 06:00:00,294.15234375
2017-10-04 07:00:00,578.009765625
2017-10-04 08:00:00,1109.095703125
2017-10-04 09:00:00,276.236328125
2017-10-04 10:00:00,261.736328125
2017-10-04 11:00:00,385.35546875
2017-10-04 12:00:00,243.427734375
2017-10-04 13:00:00,307.23828125
2017-10-04 14:00:00,294.3671875
2017-10-04 15:00:00,296.12890625
2017-10-04 16:00:00,167.654296875
2017-10-04 17:00:00,212.349609375
2017-10-04 18:00:00,292.283203125
2017-10-04 19:00:00,265.982421875
2017-10-04 20:00:00,975.419921875
2017-10-04 21:00:00,777.859375
2017-10-04 22:00:00,150.865234375
2017-10-04 23:00:00,329.671875
2017-10-05 00:00:00,93.486328125
2017-10-05 01:00:00,136.96875
2017-10-05 02:00:00,71.6328125
2017-10-05 03:00:00,383.20703125
2017-10-05 04:00:00,510.712890625
2017-10-05 05:00:00,415.798828125
2017-10-05 06:00:00,384.4296875
2017-10-05 07:00:00,778.884765625
2017-10-05 08:00:00,944.216796875
2017-10-05 09:00:00,30.8671875
2017-10-05 10:00:00,391.935546875
2017-10-05 11:00:00,275.3125
2017-10-05 12:00:00,574.427734375
2017-10-05 13:00:00,94.0625
2017-10-05 14:00:00,82.08203125
2017-10-05 15:00:00,392.171875
2017-10-05 16:00:00,468.90625
2017-10-05 17:00:00,311.1015625
2017-10-05 18:00:00,278.9375
2017-10-05 19:00:00,285.546875
2017-10-05 20:00:00,796.26953125
2017-10-05 21:00:00,384.41015625
2017-10-05 22:00:00,128.08203125
2017-10-05 23:00:00,483.35546875
2017-10-06 00:00:00,77.521484375
2017-10-06 01:00:00,195.166015625
2017-10-06 02:00:00,165.220703125
2017-10-06 03:00:00,36.7890625
2017-10-06 04:00:00,266.62109375
2017-10-06 05:00:00,7.642578125
2017-10-06 06:00:00,425.412109375
2017-10-06 07:00:00,986.828125
2017-10-06 08:00:00,863.92578125
2017-10-06 09:00:00,61.783203125
2017-10-06 10:00:00,233.96875
2017-10-06 11:00:00,15.359375
2017-10-06 12:00:00,176.46484375
2017-10-06 13:00:00,216.859375
2017-10-06 14:00:00,28.734375
2017-10-06 15:00:00,382.59765625
2017-10-06 16:00:00,330.44140625
2017-10-06 17:00:00,414.35546875
2017-10-06 18:00:00,434.3203125
2017-10-06 19:00:00,326.34375
2017-10-06 20:00:00,389.9140625
2017-10-06 21:00:00,878.9609375
2017-10-06 22:00:00,123.650390625
2017-10-06 23:00:00,328.611328125
2017-10-07 00:00:00,155.48828125
2017-10-07 01:00:00,110.826171875
2017-10-07 02:00:00,210.05859375
2017-10-07 03:00:00,248.86328125
2017-10-07 04:00:00,358.0546875
2017-10-07 05:00:00,435.517578125
2017-10-07 06:00:00,249.0625
2017-10-07 07:00:00,248.619140625
2017-10-07 08:00:00,531.27734375
2017-10-07 09:00:00,681.607421875
2017-10-07 10:00:00,298.00390625
2017-10-07 11:00:00,46.9140625
2017-10-07 12:00:00,100.67578125
2017-10-07 13:00:00,358.0078125
2017-10-07 14:00:00,589.06640625
2017-10-07 15:00:00,586.72265625
2017-10-07 16:00:00,562.921875
2017-10-07 17:00:00,392.4296875
2017-10-07 18:00:00,582.0859375
2017-10-07 19:00:00,453.25
2017-10-07 20:00:00,505.8984375
2017-10-07 21:00:00,933.765625
2017-10-07 22:00:00,96.314453125
2017-10-07 23:00:00,522.677734375
2017-10-08 00:00:00,137.7265625
2017-10-08 01:00:00,241.431640625
2017-10-08 02:00:00,508.806640625
2017-10-08 03:00:00,427.841796875
2017-10-08 04:00:00,270.236328125
2017-10-08 05:00:00,249.208984375
2017-10-08 06:00:00,241.373046875
2017-10-08 07:00:00,330.23828125
2017-10-08 08:00:00,7.318359375
2017-10-08 09:00:00,695.693359375
2017-10-08 10:00:00,185.896484375
2017-10-08 11:00:00,62.625
2017-10-08 12:00:00,279.7421875
2017-10-08 13:00:00,405.98046875
2017-10-08 14:00:00,461.5078125
2017-10-08 15:00:00,610.49609375
2017-10-08 16:00:00,230.515625
2017-10-08 17:00:00,244.76171875
2017-10-08 18:00:00,31.3984375
2017-10-08 19:00:00,425.046875
2017-10-08 20:00:00,300.640625
2017-10-08 21:00:00,525.3046875
2017-10-08 22:00:00,370.04296875
2017-10-08 23:00:00,697.330078125
2017-10-09 00:00:00,37.33984375
2017-10-09 01:00:00,44.279296875
2017-10-09 02:00:00,464.611328125
2017-10-09 03:00:00,261.07421875
2017-10-09 04:00:00,261.388671875
2017-10-09 05:00:00,359.431640625
2017-10-09 06:00:00,907.689453125
2017-10-09 07:00:00,1029.447265625
2017-10-09 08:00:00,192.203125
2017-10-09 09:00:00,151.1015625
2017-10-09 10:00:00,193.37109375
2017-10-09 11:00:00,65.5234375
2017-10-09 12:00:00,3.85546875
2017-10-09 13:00:00,26.7578125
2017-10-09 14:00:00,141.6328125
2017-10-09 15:00:00,33.55078125
2017-10-09 16:00:00,27.19140625
2017-10-09 17:00:00,337.640625
2017-10-09 18:00:00,173.81640625
2017-10-09 19:00:00,808.94921875
2017-10-09 20:00:00,913.609375
2017-10-09 21:00:00,158.76171875
2017-10-09 22:00:00,54.015625
2017-10-09 23:00:00,661.75
2017-10-10 00:00:00,40.23828125
2017-10-10 01:00:00,176.03515625
2017-10-10 02:00:00,53.06640625
2017-10-10 03:00:00,370.880859375
2017-10-10 04:00:00,514.314453125
2017-10-10 05:00:00,270.345703125
2017-10-10 06:00:00,437.837890625
2017-10-10 07:00:00,633.150390625
2017-10-10 08:00:00,1506.203125
2017-10-10 09:00:00,148.328125
2017-10-10 10:00:00,476.84375
2017-10-10 11:00:00,16.6796875
2017-10-10 12:00:00,85.32421875
2017-10-10 13:00:00,158.2109375
2017-10-10 14:00:00,49.0703125
2017-10-10 15:00:00,372.20703125
2017-10-10 16:00:00,59.7109375
2017-10-10 17:00:00,258.78125
2017-10-10 18:00:00,543.42578125
2017-10-10 19:00:00,282.0
2017-10-10 20:00:00,766.9140625
2017-10-10 21:00:00,1007.34765625
2017-10-10 22:00:00,274.71484375
2017-10-10 23:00:00,887.015625
2017-10-11 00:00:00,192.40625
2017-10-11 01:00:00,345.251953125
2017-10-11 02:00:00,237.7734375
2017-10-11 03:00:00,479.65625
2017-10-11 04:00:00,407.78515625
2017-10-11 05:00:00,265.328125
2017-10-11 06:00:00,469.427734375
2017-10-11 07:00:00,823.53515625
2017-10-11 08:00:00,1072.384765625
2017-10-11 09:00:00,1101.759765625
2017-10-11 10:00:00,239.83203125
2017-10-11 11:00:00,628.69140625
2017-10-11 12:00:00,74.0546875
2017-10-11 13:00:00,589.69140625
2017-10-11 14:00:00,354.10546875
2017-10-11 15:00:00,1007.24609375
2017-10-11 16:00:00,916.75
2017-10-11 17:00:00,747.42578125
2017-10-11 18:00:00,599.6875
2017-10-11 19:00:00,100.24609375
2017-10-11 20:00:00,361.19140625
2017-10-11 21:00:00,815.390625
2017-10-11 22:00:00,560.759765625
2017-10-11 23:00:00,789.5390625
2017-10-12 00:00:00,73.43359375
2017-10-12 01:00:00,143.26171875
2017-10-12 02:00:00,250.9140625
2017-10-12 03:00:00,270.63671875
2017-10-12 04:00:00,579.4609375
2017-10-12 05:00:00,378.4921875
2017-10-12 06:00:00,338.619140625
2017-10-12 07:00:00,781.326171875
2017-10-12 08:00:00,914.6015625
2017-10-12 09:00:00,797.78515625
2017-10-12 10:00:00,36.19140625
2017-10-12 11:00:00,408.0546875
2017-10-12 12:00:00,71.951171875
2017-10-12 13:00:00,272.150390625
2017-10-12 14:00:00,403.96875
2017-10-12 15:00:00,643.056640625
2017-10-12 16:00:00,607.263671875
2017-10-12 17:00:00,504.34375
2017-10-12 18:00:00,375.365234375
2017-10-12 19:00:00,184.619140625
2017-10-12 20:00:00,267.984375
2017-10-12 21:00:00,904.685546875
2017-10-12 22:00:00,257.7890625
2017-10-12 23:00:00,325.7734375
2017-10-13 00:00:00,66.212890625
2017-10-13 01:00:00,42.693359375
2017-10-13 02:00:00,320.658203125
2017-10-13 03:00:00,522.775390625
2017-10-13 04:00:00,724.96484375
2017-10-13 05:00:00,515.412109375
2017-10-13 06:00:00,39.94140625
2017-10-13 07:00:00,674.796875
2017-10-13 08:00:00,972.5703125
2017-10-13 09:00:00,525.412109375
2017-10-13 10:00:00,172.123046875
2017-10-13 11:00:00,32.44140625
2017-10-13 12:00:00,195.634765625
2017-10-13 13:00:00,56.111328125
2017-10-13 14:00:00,139.591796875
2017-10-13 15:00:00,406.154296875
2017-10-13 16:00:00,191.76171875
2017-10-13 17:00:00,216.94921875
2017-10-13 18:00:00,71.994140625
2017-10-13 19:00:00,324.431640625
2017-10-13 20:00:00,235.5625
2017-10-13 21:00:00,276.162109375
2017-10-13 22:00:00,109.923828125
2017-10-13 23:00:00,42.94140625
2017-10-14 00:00:00,187.240234375
2017-10-14 01:00:00,93.349609375
2017-10-14 02:00:00,90.62109375
2017-10-14 03:00:00,568.37109375
2017-10-14 04:00:00,691.310546875
2017-10-14 05:00:00,702.3359375
2017-10-14 06:00:00,678.380859375
2017-10-14 07:00:00,231.34375
2017-10-14 08:00:00,606.06640625
2017-10-14 09:00:00,3.806640625
2017-10-14 10:00:00,174.69921875
2017-10-14 11:00:00,145.953125
2017-10-14 12:00:00,29.873046875
2017-10-14 13:00:00,45.427734375
2017-10-14 14:00:00,54.193359375
2017-10-14 15:00:00,63.619140625
2017-10-14 16:00:00,48.560546875
2017-10-14 17:00:00,157.349609375
2017-10-14 18:00:00,61.173828125
2017-10-14 19:00:00,462.01953125
2017-10-14 20:00:00,119.31640625
2017-10-14 21:00:00,543.140625
2017-10-14 22:00:00,218.9609375
2017-10-14 23:00:00,99.34375
2017-10-15 00:00:00,360.783203125
2017-10-15 01:00:00,6.26171875
2017-10-15 02:00:00,138.54296875
2017-10-15 03:00:00,332.65625
2017-10-15 04:00:00,574.544921875
2017-10-15 05:00:00,587.8515625
2017-10-15 06:00:00,605.853515625
2017-10-15 07:00:00,393.091796875
2017-10-15 08:00:00,497.271484375
2017-10-15 09:00:00,117.46875
2017-10-15 10:00:00,78.9765625
2017-10-15 11:00:00,152.033203125
2017-10-15 12:00:00,94.65234375
2017-10-15 13:00:00,166.646484375
2017-10-15 14:00:00,239.958984375
2017-10-15 15:00:00,83.455078125
2017-10-15 16:00:00,467.791015625
2017-10-15 17:00:00,321.44140625
2017-10-15 18:00:00,206.251953125
2017-10-15 19:00:00,611.498046875
2017-10-15 20:00:00,311.1015625
2017-10-15 21:00:00,565.76171875
2017-10-15 22:00:00,115.1875
2017-10-15 23:00:00,197.3828125
2017-10-16 00:00:00,395.853515625
2017-10-16 01:00:00,413.376953125
2017-10-16 02:00:00,33.021484375
2017-10-16 03:00:00,194.625
2017-10-16 04:00:00,340.619140625
2017-10-16 05:00:00,192.099609375
2017-10-16 06:00:00,696.736328125
2017-10-16 07:00:00,785.94140625
2017-10-16 08:00:00,587.134765625
2017-10-16 09:00:00,161.85546875
2017-10-16 10:00:00,342.830078125
2017-10-16 11:00:00,225.091796875
2017-10-16 12:00:00,387.0390625
2017-10-16 13:00:00,70.603515625
2017-10-16 14:00:00,254.443359375
2017-10-16 15:00:00,330.060546875
2017-10-16 16:00:00,31.5078125
2017-10-16 17:00:00,39.208984375
2017-10-16 18:00:00,81.083984375
2017-10-16 19:00:00,686.51171875
2017-10-16 20:00:00,10.009765625
2017-10-16 21:00:00,813.0546875
2017-10-16 22:00:00,50.19921875
2017-10-16 23:00:00,429.33984375
2017-10-17 00:00:00,124.953125
2017-10-17 01:00:00,76.12890625
2017-10-17 02:00:00,222.9140625
2017-10-17 03:00:00,425.0234375
2017-10-17 04:00:00,581.0625
2017-10-17 05:00:00,428.31640625
2017-10-17 06:00:00,361.541015625
2017-10-17 07:00:00,893.46875
2017-10-17 08:00:00,780.96484375
2017-10-17 09:00:00,760.033203125
2017-10-17 10:00:00,16.7265625
2017-10-17 11:00:00,24.384765625
2017-10-17 12:00:00,420.275390625
2017-10-17 13:00:00,299.224609375
2017-10-17 14:00:00,407.359375
2017-10-17 15:00:00,319.900390625
2017-10-17 16:00:00,24.35546875
2017-10-17 17:00:00,43.072265625
2017-10-17 18:00:00,13.966796875
2017-10-17 19:00:00,656.796875
2017-10-17 20:00:00,245.5703125
2017-10-17 21:00:00,419.19921875
2017-10-17 22:00:00,9.439453125
2017-10-17 23:00:00,214.537109375
2017-10-18 00:00:00,254.13671875
2017-10-18 01:00:00,155.1796875
2017-10-18 02:00:00,13.259765625
2017-10-18 03:00:00,305.9140625
2017-10-18 04:00:00,511.09375
2017-10-18 05:00:00,293.94921875
2017-10-18 06:00:00,492.28515625
2017-10-18 07:00:00,924.953125
2017-10-18 08:00:00,625.828125
2017-10-18 09:00:00,711.138671875
2017-10-18 10:00:00,50.96875
2017-10-18 11:00:00,444.0234375
2017-10-18 12:00:00,344.828125
2017-10-18 13:00:00,602.546875
2017-10-18 14:00:00,186.083984375
2017-10-18 15:00:00,52.677734375
2017-10-18 16:00:00,182.546875
2017-10-18 17:00:00,64.353515625
2017-10-18 18:00:00,239.724609375
2017-10-18 19:00:00,620.646484375
2017-10-18 20:00:00,7.322265625
2017-10-18 21:00:00,549.01171875
2017-10-18 22:00:00,29.552734375
2017-10-18 23:00:00,341.6015625
2017-10-19 00:00:00,119.0234375
2017-10-19 01:00:00,71.33984375
2017-10-19 02:00:00,362.08203125
2017-10-19 03:00:00,372.208984375
2017-10-19 04:00:00,670.732421875
2017-10-19 05:00:00,499.8828125
2017-10-19 06:00:00,484.759765625
2017-10-19 07:00:00,585.900390625
2017-10-19 08:00:00,763.564453125
2017-10-19 09:00:00,641.556640625
2017-10-19 10:00:00,72.41796875
2017-10-19 11:00:00,318.09765625
2017-10-19 12:00:00,266.353515625
2017-10-19 13:00:00,426.83203125
2017-10-19 14:00:00,227.62890625
2017-10-19 15:00:00,175.673828125
2017-10-19 16:00:00,137.23828125
2017-10-19 17:00:00,178.759765625
2017-10-19 18:00:00,209.455078125
2017-10-19 19:00:00,533.08984375
2017-10-19 20:00:00,72.146484375
2017-10-19 21:00:00,499.884765625
2017-10-19 22:00:00,35.193359375
2017-10-19 23:00:00,272.685546875
2017-10-20 00:00:00,187.20703125
2017-10-20 01:00:00,4.220703125
2017-10-20 02:00:00,278.94140625
2017-10-20 03:00:00,472.8671875
2017-10-20 04:00:00,673.306640625
2017-10-20 05:00:00,503.015625
2017-10-20 06:00:00,242.345703125
2017-10-20 07:00:00,604.970703125
2017-10-20 08:00:00,940.66796875
2017-10-20 09:00:00,369.337890625
2017-10-20 10:00:00,106.353515625
2017-10-20 11:00:00,331.76953125
2017-10-20 12:00:00,240.1015625
2017-10-20 13:00:00,206.330078125
2017-10-20 14:00:00,373.26953125
2017-10-20 15:00:00,321.814453125
2017-10-20 16:00:00,70.2265625
2017-10-20 17:00:00,218.4375
2017-10-20 18:00:00,259.791015625
2017-10-20 19:00:00,193.685546875
2017-10-20 20:00:00,173.2265625
2017-10-20 21:00:00,355.404296875
2017-10-20 22:00:00,263.85546875
2017-10-20 23:00:00,48.29296875
2017-10-21 00:00:00,141.552734375
2017-10-21 01:00:00,275.63671875
2017-10-21 02:00:00,398.09375
2017-10-21 03:00:00,570.23046875
2017-10-21 04:00:00,833.369140625
2017-10-21 05:00:00,803.271484375
2017-10-21 06:00:00,573.720703125
2017-10-21 07:00:00,373.013671875
2017-10-21 08:00:00,692.611328125
2017-10-21 09:00:00,132.75
2017-10-21 10:00:00,532.046875
2017-10-21 11:00:00,93.328125
2017-10-21 12:00:00,70.23828125
2017-10-21 13:00:00,169.15625
2017-10-21 14:00:00,71.58984375
2017-10-21 15:00:00,122.2578125
2017-10-21 16:00:00,23.361328125
2017-10-21 17:00:00,38.541015625
2017-10-21 18:00:00,177.80078125
2017-10-21 19:00:00,796.396484375
2017-10-21 20:00:00,553.646484375
2017-10-21 21:00:00,211.890625
2017-10-21 22:00:00,214.662109375
2017-10-21 23:00:00,94.208984375
2017-10-22 00:00:00,41.982421875
2017-10-22 01:00:00,345.68359375
2017-10-22 02:00:00,385.685546875
2017-10-22 03:00:00,646.615234375
2017-10-22 04:00:00,833.166015625
2017-10-22 05:00:00,842.26171875
2017-10-22 06:00:00,756.990234375
2017-10-22 07:00:00,491.578125
2017-10-22 08:00:00,742.58984375
2017-10-22 09:00:00,147.2109375
2017-10-22 10:00:00,465.8828125
2017-10-22 11:00:00,254.212890625
2017-10-22 12:00:00,22.16796875
2017-10-22 13:00:00,129.166015625
2017-10-22 14:00:00,27.21875
2017-10-22 15:00:00,54.7890625
2017-10-22 16:00:00,156.435546875
2017-10-22 17:00:00,185.068359375
2017-10-22 18:00:00,24.658203125
2017-10-22 19:00:00,905.625
2017-10-22 20:00:00,246.3984375
2017-10-22 21:00:00,343.458984375
2017-10-22 22:00:00,138.322265625
2017-10-22 23:00:00,117.36328125
2017-10-23 00:00:00,62.2890625
2017-10-23 01:00:00,47.345703125
2017-10-23 02:00:00,223.458984375
2017-10-23 03:00:00,458.841796875
2017-10-23 04:00:00,566.212890625
2017-10-23 05:00:00,178.404296875
2017-10-23 06:00:00,490.12890625
2017-10-23 07:00:00,946.40625
2017-10-23 08:00:00,260.9296875
2017-10-23 09:00:00,58.9921875
2017-10-23 10:00:00,820.482421875
2017-10-23 11:00:00,658.986328125
2017-10-23 12:00:00,624.537109375
2017-10-23 13:00:00,526.46875
2017-10-23 14:00:00,336.890625
2017-10-23 15:00:00,32.513671875
2017-10-23 16:00:00,236.802734375
2017-10-23 17:00:00,102.83984375
2017-10-23 18:00:00,208.7734375
2017-10-23 19:00:00,1259.5078125
2017-10-23 20:00:00,0.583984375
2017-10-23 21:00:00,268.935546875
2017-10-23 22:00:00,143.017578125
2017-10-23 23:00:00,64.080078125
2017-10-24 00:00:00,412.13671875
2017-10-24 01:00:00,291.470703125
2017-10-24 02:00:00,249.845703125
2017-10-24 03:00:00,83.21875
2017-10-24 04:00:00,247.28125
2017-10-24 05:00:00,255.689453125
2017-10-24 06:00:00,601.033203125
2017-10-24 07:00:00,991.0625
2017-10-24 08:00:00,320.404296875
2017-10-24 09:00:00,508.951171875
2017-10-24 10:00:00,208.576171875
2017-10-24 11:00:00,47.130859375
2017-10-24 12:00:00,245.79296875
2017-10-24 13:00:00,143.39453125
2017-10-24 14:00:00,238.357421875
2017-10-24 15:00:00,569.46484375
2017-10-24 16:00:00,469.017578125
2017-10-24 17:00:00,471.001953125
2017-10-24 18:00:00,458.015625
2017-10-24 19:00:00,361.189453125
2017-10-24 20:00:00,256.06640625
2017-10-24 21:00:00,529.572265625
2017-10-24 22:00:00,300.5625
2017-10-24 23:00:00,406.421875
2017-10-25 00:00:00,17.953125
2017-10-25 01:00:00,103.96484375
2017-10-25 02:00:00,250.85546875
2017-10-25 03:00:00,473.26953125
2017-10-25 04:00:00,799.466796875
2017-10-25 05:00:00,549.6875
2017-10-25 06:00:00,239.197265625
2017-10-25 07:00:00,573.0
2017-10-25 08:00:00,920.2421875
2017-10-25 09:00:00,1099.314453125
2017-10-25 10:00:00,201.720703125
2017-10-25 11:00:00,272.37109375
2017-10-25 12:00:00,412.109375
2017-10-25 13:00:00,191.5078125
2017-10-25 14:00:00,148.810546875
2017-10-25 15:00:00,349.1171875
2017-10-25 16:00:00,538.5703125
2017-10-25 17:00:00,312.677734375
2017-10-25 18:00:00,238.7109375
2017-10-25 19:00:00,636.51953125
2017-10-25 20:00:00,447.08984375
2017-10-25 21:00:00,353.41015625
2017-10-25 22:00:00,112.96484375
2017-10-25 23:00:00,421.767578125
2017-10-26 00:00:00,185.244140625
2017-10-26 01:00:00,85.126953125
2017-10-26 02:00:00,290.0
2017-10-26 03:00:00,360.73046875
2017-10-26 04:00:00,590.376953125
2017-10-26 05:00:00,439.794921875
2017-10-26 06:00:00,478.185546875
2017-10-26 07:00:00,740.3671875
2017-10-26 08:00:00,522.478515625
2017-10-26 09:00:00,798.607421875
2017-10-26 10:00:00,390.041015625
2017-10-26 11:00:00,9.650390625
2017-10-26 12:00:00,356.712890625
2017-10-26 13:00:00,344.26171875
2017-10-26 14:00:00,152.3984375
2017-10-26 15:00:00,388.55859375
2017-10-26 16:00:00,209.8046875
2017-10-26 17:00:00,59.15234375
2017-10-26 18:00:00,48.4921875
2017-10-26 19:00:00,911.123046875
2017-10-26 20:00:00,265.75390625
2017-10-26 21:00:00,34.443359375
2017-10-26 22:00:00,235.66796875
2017-10-26 23:00:00,120.84765625
2017-10-27 00:00:00,585.6171875
2017-10-27 01:00:00,65.583984375
2017-10-27 02:00:00,343.943359375
2017-10-27 03:00:00,214.880859375
2017-10-27 04:00:00,197.728515625
2017-10-27 05:00:00,154.1953125
2017-10-27 06:00:00,543.869140625
2017-10-27 07:00:00,1061.3984375
2017-10-27 08:00:00,359.3359375
2017-10-27 09:00:00,712.1953125
2017-10-27 10:00:00,306.21875
2017-10-27 11:00:00,128.080078125
2017-10-27 12:00:00,302.703125
2017-10-27 13:00:00,314.5625
2017-10-27 14:00:00,241.859375
2017-10-27 15:00:00,187.330078125
2017-10-27 16:00:00,161.650390625
2017-10-27 17:00:00,176.04296875
2017-10-27 18:00:00,114.359375
2017-10-27 19:00:00,488.89453125
2017-10-27 20:00:00,667.564453125
2017-10-27 21:00:00,35.982421875
2017-10-27 22:00:00,68.810546875
2017-10-27 23:00:00,126.888671875
2017-10-28 00:00:00,156.298828125
2017-10-28 01:00:00,83.0546875
2017-10-28 02:00:00,231.322265625
2017-10-28 03:00:00,485.474609375
2017-10-28 04:00:00,671.666015625
2017-10-28 05:00:00,742.0234375
2017-10-28 06:00:00,474.37890625
2017-10-28 07:00:00,300.798828125
2017-10-28 08:00:00,553.69140625
2017-10-28 09:00:00,207.4375
2017-10-28 10:00:00,534.724609375
2017-10-28 11:00:00,27.400390625
2017-10-28 12:00:00,18.392578125
2017-10-28 13:00:00,112.611328125
2017-10-28 14:00:00,119.865234375
2017-10-28 15:00:00,99.8359375
2017-10-28 16:00:00,22.8671875
2017-10-28 17:00:00,9.978515625
2017-10-28 18:00:00,38.93359375
2017-10-28 19:00:00,612.712890625
2017-10-28 20:00:00,889.908203125
2017-10-28 21:00:00,83.84765625
2017-10-28 22:00:00,66.4296875
2017-10-28 23:00:00,37.703125
2017-10-29 00:00:00,133.625
2017-10-29 01:00:00,288.453125
2017-10-29 02:00:00,280.3984375
2017-10-29 03:00:00,485.55078125
2017-10-29 04:00:00,786.533203125
2017-10-29 05:00:00,806.1015625
2017-10-29 06:00:00,670.009765625
2017-10-29 07:00:00,529.072265625
2017-10-29 08:00:00,329.53515625
2017-10-29 09:00:00,123.15625
2017-10-29 10:00:00,24.91796875
2017-10-29 11:00:00,108.45703125
2017-10-29 12:00:00,143.255859375
2017-10-29 13:00:00,181.78515625
2017-10-29 14:00:00,220.73828125
2017-10-29 15:00:00,301.46875
2017-10-29 16:00:00,318.33203125
2017-10-29 17:00:00,589.810546875
2017-10-29 18:00:00,507.0
2017-10-29 19:00:00,322.6484375
2017-10-29 20:00:00,415.984375
2017-10-29 21:00:00,30.0234375
2017-10-29 22:00:00,256.767578125
2017-10-29 23:00:00,252.587890625
2017-10-30 00:00:00,132.201171875
2017-10-30 01:00:00,22.13671875
2017-10-30 02:00:00,99.990234375
2017-10-30 03:00:00,307.32421875
2017-10-30 04:00:00,350.068359375
2017-10-30 05:00:00,73.53515625
2017-10-30 06:00:00,521.193359375
2017-10-30 07:00:00,1157.203125
2017-10-30 08:00:00,51.74609375
2017-10-30 09:00:00,422.533203125
2017-10-30 10:00:00,473.8671875
2017-10-30 11:00:00,31.921875
2017-10-30 12:00:00,52.5
2017-10-30 13:00:00,429.451171875
2017-10-30 14:00:00,313.60546875
2017-10-30 15:00:00,219.61328125
2017-10-30 16:00:00,178.15625
2017-10-30 17:00:00,109.13671875
2017-10-30 18:00:00,453.484375
2017-10-30 19:00:00,1069.791015625
2017-10-30 20:00:00,157.751953125
2017-10-30 21:00:00,121.8203125
2017-10-30 22:00:00,284.765625
2017-10-30 23:00:00,46.90625
2017-10-31 00:00:00,452.822265625
2017-10-31 01:00:00,181.48046875
2017-10-31 02:00:00,168.375
2017-10-31 03:00:00,153.318359375
2017-10-31 04:00:00,442.16796875
2017-10-31 05:00:00,110.412109375
2017-10-31 06:00:00,434.595703125
2017-10-31 07:00:00,1119.02734375
2017-10-31 08:00:00,400.78515625
2017-10-31 09:00:00,837.947265625
2017-10-31 10:00:00,187.26171875
2017-10-31 11:00:00,38.28125
2017-10-31 12:00:00,165.265625
2017-10-31 13:00:00,359.125
2017-10-31 14:00:00,198.771484375
2017-10-31 15:00:00,187.642578125
2017-10-31 16:00:00,142.62890625
2017-10-31 17:00:00,10.869140625
2017-10-31 18:00:00,141.87109375
2017-10-31 19:00:00,483.080078125
2017-10-31 20:00:00,508.787109375
2017-10-31 21:00:00,573.92578125
2017-10-31 22:00:00,345.283203125
2017-10-31 23:00:00,340.44921875
2017-11-01 00:00:00,561.244140625
2017-11-01 01:00:00,187.634765625
2017-11-01 02:00:00,384.640625
2017-11-01 03:00:00,95.740234375
2017-11-01 04:00:00,164.95703125
2017-11-01 05:00:00,24.611328125
2017-11-01 06:00:00,699.71484375
2017-11-01 07:00:00,1210.806640625
2017-11-01 08:00:00,85.923828125
2017-11-01 09:00:00,606.22265625
2017-11-01 10:00:00,198.28125
2017-11-01 11:00:00,0.57421875
2017-11-01 12:00:00,282.9765625
2017-11-01 13:00:00,323.80859375
2017-11-01 14:00:00,42.47265625
2017-11-01 15:00:00,98.564453125
2017-11-01 16:00:00,252.318359375
2017-11-01 17:00:00,45.87109375
2017-11-01 18:00:00,195.990234375
2017-11-01 19:00:00,758.9765625
2017-11-01 20:00:00,632.15234375
2017-11-01 21:00:00,45.5703125
2017-11-01 22:00:00,589.625
2017-11-01 23:00:00,159.26171875
2017-11-02 00:00:00,192.337890625
2017-11-02 01:00:00,155.87890625
2017-11-02 02:00:00,37.09765625
2017-11-02 03:00:00,361.568359375
2017-11-02 04:00:00,586.775390625
2017-11-02 05:00:00,311.162109375
2017-11-02 06:00:00,348.07421875
2017-11-02 07:00:00,805.23828125
2017-11-02 08:00:00,495.181640625
2017-11-02 09:00:00,1076.521484375
2017-11-02 10:00:00,163.0
2017-11-02 11:00:00,41.25
2017-11-02 12:00:00,58.037109375
2017-11-02 13:00:00,430.791015625
2017-11-02 14:00:00,212.265625
2017-11-02 15:00:00,605.37109375
2017-11-02 16:00:00,176.15234375
2017-11-02 17:00:00,457.138671875
2017-11-02 18:00:00,104.162109375
2017-11-02 19:00:00,649.185546875
2017-11-02 20:00:00,649.609375
2017-11-02 21:00:00,8.0
2017-11-02 22:00:00,411.326171875
2017-11-02 23:00:00,166.99609375
2017-11-03 00:00:00,64.49609375
2017-11-03 01:00:00,90.890625
2017-11-03 02:00:00,126.4453125
2017-11-03 03:00:00,509.287109375
2017-11-03 04:00:00,614.650390625
2017-11-03 05:00:00,520.685546875
2017-11-03 06:00:00,239.30078125
2017-11-03 07:00:00,724.30859375
2017-11-03 08:00:00,626.751953125
2017-11-03 09:00:00,841.27734375
2017-11-03 10:00:00,288.556640625
2017-11-03 11:00:00,224.482421875
2017-11-03 12:00:00,398.130859375
2017-11-03 13:00:00,8.349609375
2017-11-03 14:00:00,474.814453125
2017-11-03 15:00:00,840.0234375
2017-11-03 16:00:00,175.6796875
2017-11-03 17:00:00,414.08203125
2017-11-03 18:00:00,51.544921875
2017-11-03 19:00:00,391.623046875
2017-11-03 20:00:00,982.140625
2017-11-03 21:00:00,253.720703125
2017-11-03 22:00:00,162.95703125
2017-11-03 23:00:00,43.626953125
2017-11-04 00:00:00,80.568359375
2017-11-04 01:00:00,178.923828125
2017-11-04 02:00:00,320.669921875
2017-11-04 03:00:00,525.763671875
2017-11-04 04:00:00,751.22265625
2017-11-04 05:00:00,806.603515625
2017-11-04 06:00:00,387.298828125
2017-11-04 07:00:00,366.6484375
2017-11-04 08:00:00,254.220703125
2017-11-04 09:00:00,444.912109375
2017-11-04 10:00:00,293.736328125
2017-11-04 11:00:00,241.37890625
2017-11-04 12:00:00,253.771484375
2017-11-04 13:00:00,10.328125
2017-11-04 14:00:00,98.7421875
2017-11-04 15:00:00,45.9765625
2017-11-04 16:00:00,78.98828125
2017-11-04 17:00:00,72.646484375
2017-11-04 18:00:00,261.75
2017-11-04 19:00:00,490.107421875
2017-11-04 20:00:00,972.177734375
2017-11-04 21:00:00,190.37109375
2017-11-04 22:00:00,23.291015625
2017-11-04 23:00:00,138.712890625
2017-11-05 00:00:00,285.046875
2017-11-05 01:00:00,108.599609375
2017-11-05 02:00:00,462.646484375
2017-11-05 03:00:00,268.12890625
2017-11-05 04:00:00,639.484375
2017-11-05 05:00:00,675.296875
2017-11-05 06:00:00,496.4140625
2017-11-05 07:00:00,485.6875
2017-11-05 08:00:00,338.017578125
2017-11-05 09:00:00,96.3828125
2017-11-05 10:00:00,404.1015625
2017-11-05 11:00:00,106.18359375
2017-11-05 12:00:00,295.595703125
2017-11-05 13:00:00,243.06640625
2017-11-05 14:00:00,305.923828125
2017-11-05 15:00:00,308.037109375
2017-11-05 16:00:00,397.51171875
2017-11-05 17:00:00,916.248046875
2017-11-05 18:00:00,769.966796875
2017-11-05 19:00:00,908.224609375
2017-11-05 20:00:00,51.74609375
2017-11-05 21:00:00,182.96875
2017-11-05 22:00:00,154.447265625
2017-11-05 23:00:00,245.140625
2017-11-06 00:00:00,30.244140625
2017-11-06 01:00:00,22.603515625
2017-11-06 02:00:00,310.6171875
2017-11-06 03:00:00,447.755859375
2017-11-06 04:00:00,513.017578125
2017-11-06 05:00:00,241.451171875
2017-11-06 06:00:00,610.888671875
2017-11-06 07:00:00,951.23828125
2017-11-06 08:00:00,502.935546875
2017-11-06 09:00:00,243.181640625
2017-11-06 10:00:00,282.90234375
2017-11-06 11:00:00,209.671875
2017-11-06 12:00:00,321.888671875
2017-11-06 13:00:00,623.376953125
2017-11-06 14:00:00,107.716796875
2017-11-06 15:00:00,145.3125
2017-11-06 16:00:00,33.296875
2017-11-06 17:00:00,516.421875
2017-11-06 18:00:00,1084.673828125
2017-11-06 19:00:00,748.87109375
2017-11-06 20:00:00,368.294921875
2017-11-06 21:00:00,249.55859375
2017-11-06 22:00:00,101.19140625
2017-11-06 23:00:00,176.068359375
2017-11-07 00:00:00,277.873046875
2017-11-07 01:00:00,81.4140625
2017-11-07 02:00:00,69.603515625
2017-11-07 03:00:00,424.537109375
2017-11-07 04:00:00,347.919921875
2017-11-07 05:00:00,198.8671875
2017-11-07 06:00:00,630.705078125
2017-11-07 07:00:00,760.408203125
2017-11-07 08:00:00,830.80078125
2017-11-07 09:00:00,28.751953125
2017-11-07 10:00:00,10.93359375
2017-11-07 11:00:00,410.318359375
2017-11-07 12:00:00,232.015625
2017-11-07 13:00:00,170.79296875
2017-11-07 14:00:00,48.25
2017-11-07 15:00:00,569.466796875
2017-11-07 16:00:00,148.484375
2017-11-07 17:00:00,502.236328125
2017-11-07 18:00:00,635.97265625
2017-11-07 19:00:00,370.23828125
2017-11-07 20:00:00,316.51953125
2017-11-07 21:00:00,254.41796875
2017-11-07 22:00:00,64.48828125
2017-11-07 23:00:00,56.853515625
2017-11-08 00:00:00,415.1171875
2017-11-08 01:00:00,369.291015625
2017-11-08 02:00:00,300.181640625
2017-11-08 03:00:00,182.23828125
2017-11-08 04:00:00,4.0078125
2017-11-08 05:00:00,241.8359375
2017-11-08 06:00:00,974.4296875
2017-11-08 07:00:00,1158.015625
2017-11-08 08:00:00,698.544921875
2017-11-08 09:00:00,300.349609375
2017-11-08 10:00:00,513.853515625
2017-11-08 11:00:00,300.60546875
2017-11-08 12:00:00,47.873046875
2017-11-08 13:00:00,299.599609375
2017-11-08 14:00:00,133.56640625
2017-11-08 15:00:00,564.056640625
2017-11-08 16:00:00,355.2890625
2017-11-08 17:00:00,162.021484375
2017-11-08 18:00:00,804.763671875
2017-11-08 19:00:00,1048.65234375
2017-11-08 20:00:00,183.7890625
2017-11-08 21:00:00,604.1875
2017-11-08 22:00:00,298.138671875
2017-11-08 23:00:00,78.658203125
2017-11-09 00:00:00,187.779296875
2017-11-09 01:00:00,230.763671875
2017-11-09 02:00:00,196.9453125
2017-11-09 03:00:00,9.373046875
2017-11-09 04:00:00,149.92578125
2017-11-09 05:00:00,70.255859375
2017-11-09 06:00:00,750.5703125
2017-11-09 07:00:00,839.724609375
2017-11-09 08:00:00,740.36328125
2017-11-09 09:00:00,384.140625
2017-11-09 10:00:00,380.5390625
2017-11-09 11:00:00,16.927734375
2017-11-09 12:00:00,20.916015625
2017-11-09 13:00:00,94.353515625
2017-11-09 14:00:00,4.37890625
2017-11-09 15:00:00,676.427734375
2017-11-09 16:00:00,121.66796875
2017-11-09 17:00:00,3.330078125
2017-11-09 18:00:00,442.001953125
2017-11-09 19:00:00,1108.4296875
2017-11-09 20:00:00,14.044921875
2017-11-09 21:00:00,437.51953125
2017-11-09 22:00:00,337.5078125
2017-11-09 23:00:00,147.748046875
2017-11-10 00:00:00,142.65625
2017-11-10 01:00:00,28.388671875
2017-11-10 02:00:00,22.568359375
2017-11-10 03:00:00,97.4140625
2017-11-10 04:00:00,282.005859375
2017-11-10 05:00:00,21.435546875
2017-11-10 06:00:00,481.8671875
2017-11-10 07:00:00,817.42578125
2017-11-10 08:00:00,536.73828125
2017-11-10 09:00:00,406.345703125
2017-11-10 10:00:00,118.271484375
2017-11-10 11:00:00,141.421875
2017-11-10 12:00:00,131.25390625
2017-11-10 13:00:00,106.05078125
2017-11-10 14:00:00,216.337890625
2017-11-10 15:00:00,143.501953125
2017-11-10 16:00:00,32.5859375
2017-11-10 17:00:00,619.48828125
2017-11-10 18:00:00,1342.69140625
2017-11-10 19:00:00,838.80859375
2017-11-10 20:00:00,614.640625
2017-11-10 21:00:00,145.73046875
2017-11-10 22:00:00,144.78125
2017-11-10 23:00:00,133.341796875
2017-11-11 00:00:00,480.42578125
2017-11-11 01:00:00,410.2734375
2017-11-11 02:00:00,637.404296875
2017-11-11 03:00:00,282.3203125
2017-11-11 04:00:00,45.3671875
2017-11-11 05:00:00,207.173828125
2017-11-11 06:00:00,249.6875
2017-11-11 07:00:00,172.81640625
2017-11-11 08:00:00,86.23828125
2017-11-11 09:00:00,417.20703125
2017-11-11 10:00:00,498.0625
2017-11-11 11:00:00,453.2734375
2017-11-11 12:00:00,304.03515625
2017-11-11 13:00:00,357.521484375
2017-11-11 14:00:00,238.44140625
2017-11-11 15:00:00,176.849609375
2017-11-11 16:00:00,41.306640625
2017-11-11 17:00:00,120.142578125
2017-11-11 18:00:00,450.625
2017-11-11 19:00:00,1440.08203125
2017-11-11 20:00:00,78.44921875
2017-11-11 21:00:00,802.65625
2017-11-11 22:00:00,366.802734375
2017-11-11 23:00:00,355.3359375
2017-11-12 00:00:00,99.18359375
2017-11-12 01:00:00,137.828125
2017-11-12 02:00:00,133.99609375
2017-11-12 03:00:00,294.830078125
2017-11-12 04:00:00,271.6015625
2017-11-12 05:00:00,269.84375
2017-11-12 06:00:00,32.986328125
2017-11-12 07:00:00,11.2421875
2017-11-12 08:00:00,229.01171875
2017-11-12 09:00:00,196.27734375
2017-11-12 10:00:00,663.587890625
2017-11-12 11:00:00,124.36328125
2017-11-12 12:00:00,227.67578125
2017-11-12 13:00:00,159.41796875
2017-11-12 14:00:00,28.458984375
2017-11-12 15:00:00,20.59765625
2017-11-12 16:00:00,144.59765625
2017-11-12 17:00:00,630.177734375
2017-11-12 18:00:00,695.63671875
2017-11-12 19:00:00,1394.546875
2017-11-12 20:00:00,91.794921875
2017-11-12 21:00:00,1056.5703125
2017-11-12 22:00:00,564.888671875
2017-11-12 23:00:00,316.646484375
2017-11-13 00:00:00,76.607421875
2017-11-13 01:00:00,186.22265625
2017-11-13 02:00:00,187.96484375
2017-11-13 03:00:00,124.5859375
2017-11-13 04:00:00,39.98046875
2017-11-13 05:00:00,173.927734375
2017-11-13 06:00:00,1043.828125
2017-11-13 07:00:00,1502.1015625
2017-11-13 08:00:00,9.57421875
2017-11-13 09:00:00,49.17578125
2017-11-13 10:00:00,81.59375
2017-11-13 11:00:00,252.03515625
2017-11-13 12:00:00,156.90625
2017-11-13 13:00:00,81.54296875
2017-11-13 14:00:00,88.921875
2017-11-13 15:00:00,442.3828125
2017-11-13 16:00:00,301.0625
2017-11-13 17:00:00,496.478515625
2017-11-13 18:00:00,828.27734375
2017-11-13 19:00:00,788.546875
2017-11-13 20:00:00,178.86328125
2017-11-13 21:00:00,500.125
2017-11-13 22:00:00,363.2890625
2017-11-13 23:00:00,121.046875
2017-11-14 00:00:00,80.603515625
2017-11-14 01:00:00,293.99609375
2017-11-14 02:00:00,235.30078125
2017-11-14 03:00:00,59.59375
2017-11-14 04:00:00,183.2421875
2017-11-14 05:00:00,14.615234375
2017-11-14 06:00:00,844.67578125
2017-11-14 07:00:00,921.09375
2017-11-14 08:00:00,968.12109375
2017-11-14 09:00:00,723.67578125
2017-11-14 10:00:00,491.1875
2017-11-14 11:00:00,295.6328125
2017-11-14 12:00:00,82.63671875
2017-11-14 13:00:00,36.123046875
2017-11-14 14:00:00,58.7265625
2017-11-14 15:00:00,703.666015625
2017-11-14 16:00:00,334.357421875
2017-11-14 17:00:00,128.2265625
2017-11-14 18:00:00,560.03125
2017-11-14 19:00:00,1122.8359375
2017-11-14 20:00:00,129.54296875
2017-11-14 21:00:00,695.80859375
2017-11-14 22:00:00,472.013671875
2017-11-14 23:00:00,228.34765625
2017-11-15 00:00:00,181.279296875
2017-11-15 01:00:00,411.705078125
2017-11-15 02:00:00,30.21875
2017-11-15 03:00:00,81.380859375
2017-11-15 04:00:00,283.40234375
2017-11-15 05:00:00,154.109375
2017-11-15 06:00:00,738.220703125
2017-11-15 07:00:00,1287.77734375
2017-11-15 08:00:00,886.8046875
2017-11-15 09:00:00,1104.14453125
2017-11-15 10:00:00,563.873046875
2017-11-15 11:00:00,3.6796875
2017-11-15 12:00:00,73.94140625
2017-11-15 13:00:00,4.65234375
2017-11-15 14:00:00,0.63671875
2017-11-15 15:00:00,713.05078125
2017-11-15 16:00:00,292.291015625
2017-11-15 17:00:00,35.458984375
2017-11-15 18:00:00,411.98828125
2017-11-15 19:00:00,1077.80078125
2017-11-15 20:00:00,8.7421875
2017-11-15 21:00:00,660.1640625
2017-11-15 22:00:00,370.626953125
2017-11-15 23:00:00,361.158203125
2017-11-16 00:00:00,65.98046875
2017-11-16 01:00:00,97.0078125
2017-11-16 02:00:00,191.884765625
2017-11-16 03:00:00,338.998046875
2017-11-16 04:00:00,383.951171875
2017-11-16 05:00:00,124.396484375
2017-11-16 06:00:00,612.759765625
2017-11-16 07:00:00,1059.552734375
2017-11-16 08:00:00,871.64453125
2017-11-16 09:00:00,637.896484375
2017-11-16 10:00:00,263.267578125
2017-11-16 11:00:00,72.875
2017-11-16 12:00:00,296.642578125
2017-11-16 13:00:00,93.830078125
2017-11-16 14:00:00,152.677734375
2017-11-16 15:00:00,415.271484375
2017-11-16 16:00:00,457.666015625
2017-11-16 17:00:00,507.7421875
2017-11-16 18:00:00,642.732421875
2017-11-16 19:00:00,890.6484375
2017-11-16 20:00:00,135.11328125
2017-11-16 21:00:00,383.677734375
2017-11-16 22:00:00,337.10546875
2017-11-16 23:00:00,108.5703125
2017-11-17 00:00:00,183.57421875
2017-11-17 01:00:00,295.10546875
2017-11-17 02:00:00,311.822265625
2017-11-17 03:00:00,115.0625
2017-11-17 04:00:00,16.22265625
2017-11-17 05:00:00,282.16015625
2017-11-17 06:00:00,932.4296875
2017-11-17 07:00:00,1273.716796875
2017-11-17 08:00:00,513.3828125
2017-11-17 09:00:00,664.306640625
2017-11-17 10:00:00,327.208984375
2017-11-17 11:00:00,13.86328125
2017-11-17 12:00:00,287.431640625
2017-11-17 13:00:00,173.49609375
2017-11-17 14:00:00,79.681640625
2017-11-17 15:00:00,398.185546875
2017-11-17 16:00:00,83.873046875
2017-11-17 17:00:00,159.208984375
2017-11-17 18:00:00,755.35546875
2017-11-17 19:00:00,1118.8984375
2017-11-17 20:00:00,225.833984375
2017-11-17 21:00:00,337.53515625
2017-11-17 22:00:00,19.390625
2017-11-17 23:00:00,51.337890625
2017-11-18 00:00:00,217.373046875
2017-11-18 01:00:00,262.880859375
2017-11-18 02:00:00,263.568359375
2017-11-18 03:00:00,112.6796875
2017-11-18 04:00:00,137.3359375
2017-11-18 05:00:00,127.224609375
2017-11-18 06:00:00,128.19921875
2017-11-18 07:00:00,54.787109375
2017-11-18 08:00:00,115.236328125
2017-11-18 09:00:00,284.9140625
2017-11-18 10:00:00,324.740234375
2017-11-18 11:00:00,261.001953125
2017-11-18 12:00:00,130.80859375
2017-11-18 13:00:00,22.015625
2017-11-18 14:00:00,425.46875
2017-11-18 15:00:00,129.85546875
2017-11-18 16:00:00,282.51953125
2017-11-18 17:00:00,346.21875
2017-11-18 18:00:00,424.48828125
2017-11-18 19:00:00,1215.77734375
2017-11-18 20:00:00,341.25390625
2017-11-18 21:00:00,327.7578125
2017-11-18 22:00:00,274.111328125
2017-11-18 23:00:00,103.228515625
2017-11-19 00:00:00,214.76953125
2017-11-19 01:00:00,220.66796875
2017-11-19 02:00:00,325.05859375
2017-11-19 03:00:00,392.669921875
2017-11-19 04:00:00,701.884765625
2017-11-19 05:00:00,587.3359375
2017-11-19 06:00:00,429.126953125
2017-11-19 07:00:00,207.69921875
2017-11-19 08:00:00,489.955078125
2017-11-19 09:00:00,126.662109375
2017-11-19 10:00:00,148.912109375
2017-11-19 11:00:00,168.2265625
2017-11-19 12:00:00,80.90625
2017-11-19 13:00:00,53.28515625
2017-11-19 14:00:00,95.037109375
2017-11-19 15:00:00,156.44921875
2017-11-19 16:00:00,404.53125
2017-11-19 17:00:00,887.703125
2017-11-19 18:00:00,813.09765625
2017-11-19 19:00:00,812.265625
2017-11-19 20:00:00,203.734375
2017-11-19 21:00:00,449.064453125
2017-11-19 22:00:00,90.314453125
2017-11-19 23:00:00,205.662109375
2017-11-20 00:00:00,434.578125
2017-11-20 01:00:00,620.302734375
2017-11-20 02:00:00,751.5625
2017-11-20 03:00:00,499.97265625
2017-11-20 04:00:00,356.896484375
2017-11-20 05:00:00,632.80859375
2017-11-20 06:00:00,1532.8046875
2017-11-20 07:00:00,2074.2421875
2017-11-20 08:00:00,259.78125
2017-11-20 09:00:00,58.609375
2017-11-20 10:00:00,51.326171875
2017-11-20 11:00:00,155.75
2017-11-20 12:00:00,238.85546875
2017-11-20 13:00:00,260.587890625
2017-11-20 14:00:00,165.685546875
2017-11-20 15:00:00,264.17578125
2017-11-20 16:00:00,59.037109375
2017-11-20 17:00:00,474.603515625
2017-11-20 18:00:00,1248.0546875
2017-11-20 19:00:00,808.01171875
2017-11-20 20:00:00,502.78515625
2017-11-20 21:00:00,429.92578125
2017-11-20 22:00:00,225.791015625
2017-11-20 23:00:00,332.81640625
2017-11-21 00:00:00,101.845703125
2017-11-21 01:00:00,268.076171875
2017-11-21 02:00:00,169.1640625
2017-11-21 03:00:00,98.6015625
2017-11-21 04:00:00,286.763671875
2017-11-21 05:00:00,191.912109375
2017-11-21 06:00:00,702.109375
2017-11-21 07:00:00,1164.998046875
2017-11-21 08:00:00,735.6875
2017-11-21 09:00:00,1036.0234375
2017-11-21 10:00:00,516.18359375
2017-11-21 11:00:00,106.818359375
2017-11-21 12:00:00,21.68359375
2017-11-21 13:00:00,243.349609375
2017-11-21 14:00:00,288.1015625
2017-11-21 15:00:00,565.607421875
2017-11-21 16:00:00,535.72265625
2017-11-21 17:00:00,124.240234375
2017-11-21 18:00:00,474.806640625
2017-11-21 19:00:00,1215.99609375
2017-11-21 20:00:00,64.62109375
2017-11-21 21:00:00,590.220703125
2017-11-21 22:00:00,427.9765625
2017-11-21 23:00:00,341.412109375
2017-11-22 00:00:00,92.4765625
2017-11-22 01:00:00,138.017578125
2017-11-22 02:00:00,114.083984375
2017-11-22 03:00:00,400.01171875
2017-11-22 04:00:00,259.19921875
2017-11-22 05:00:00,160.94921875
2017-11-22 06:00:00,383.5703125
2017-11-22 07:00:00,730.244140625
2017-11-22 08:00:00,298.314453125
2017-11-22 09:00:00,267.95703125
2017-11-22 10:00:00,448.21484375
2017-11-22 11:00:00,15.28125
2017-11-22 12:00:00,74.044921875
2017-11-22 13:00:00,107.73046875
2017-11-22 14:00:00,249.318359375
2017-11-22 15:00:00,474.505859375
2017-11-22 16:00:00,104.421875
2017-11-22 17:00:00,328.400390625
2017-11-22 18:00:00,563.125
2017-11-22 19:00:00,904.48828125
2017-11-22 20:00:00,128.25390625
2017-11-22 21:00:00,371.82421875
2017-11-22 22:00:00,44.91015625
2017-11-22 23:00:00,50.4765625
2017-11-23 00:00:00,170.40625
2017-11-23 01:00:00,378.146484375
2017-11-23 02:00:00,435.021484375
2017-11-23 03:00:00,223.666015625
2017-11-23 04:00:00,150.603515625
2017-11-23 05:00:00,3.48828125
2017-11-23 06:00:00,262.7265625
2017-11-23 07:00:00,84.703125
2017-11-23 08:00:00,290.703125
2017-11-23 09:00:00,18.95703125
2017-11-23 10:00:00,360.83203125
2017-11-23 11:00:00,24.935546875
2017-11-23 12:00:00,315.94921875
2017-11-23 13:00:00,583.658203125
2017-11-23 14:00:00,437.85546875
2017-11-23 15:00:00,208.228515625
2017-11-23 16:00:00,288.037109375
2017-11-23 17:00:00,322.23046875
2017-11-23 18:00:00,120.1171875
2017-11-23 19:00:00,1260.162109375
2017-11-23 20:00:00,228.966796875
2017-11-23 21:00:00,162.54296875
2017-11-23 22:00:00,74.380859375
2017-11-23 23:00:00,7.041015625
2017-11-24 00:00:00,91.732421875
2017-11-24 01:00:00,209.373046875
2017-11-24 02:00:00,468.169921875
2017-11-24 03:00:00,153.009765625
2017-11-24 04:00:00,285.392578125
2017-11-24 05:00:00,279.109375
2017-11-24 06:00:00,575.818359375
2017-11-24 07:00:00,315.5234375
2017-11-24 08:00:00,533.18359375
2017-11-24 09:00:00,476.935546875
2017-11-24 10:00:00,626.474609375
2017-11-24 11:00:00,80.763671875
2017-11-24 12:00:00,172.306640625
2017-11-24 13:00:00,221.392578125
2017-11-24 14:00:00,224.970703125
2017-11-24 15:00:00,152.568359375
2017-11-24 16:00:00,259.1875
2017-11-24 17:00:00,831.515625
2017-11-24 18:00:00,897.998046875
2017-11-24 19:00:00,1254.48828125
2017-11-24 20:00:00,451.001953125
2017-11-24 21:00:00,425.26171875
2017-11-24 22:00:00,26.2734375
2017-11-24 23:00:00,9.892578125
2017-11-25 00:00:00,10.71875
2017-11-25 01:00:00,207.734375
2017-11-25 02:00:00,118.25390625
2017-11-25 03:00:00,0.41796875
2017-11-25 04:00:00,192.28125
2017-11-25 05:00:00,33.05078125
2017-11-25 06:00:00,98.302734375
2017-11-25 07:00:00,318.98046875
2017-11-25 08:00:00,236.00390625
2017-11-25 09:00:00,62.015625
2017-11-25 10:00:00,472.19140625
2017-11-25 11:00:00,131.310546875
2017-11-25 12:00:00,67.3125
2017-11-25 13:00:00,207.353515625
2017-11-25 14:00:00,147.779296875
2017-11-25 15:00:00,164.5078125
2017-11-25 16:00:00,74.8203125
2017-11-25 17:00:00,606.3828125
2017-11-25 18:00:00,268.431640625
2017-11-25 19:00:00,1264.251953125
2017-11-25 20:00:00,221.853515625
2017-11-25 21:00:00,311.806640625
2017-11-25 22:00:00,17.39453125
2017-11-25 23:00:00,20.080078125
2017-11-26 00:00:00,11.486328125
2017-11-26 01:00:00,6.92578125
2017-11-26 02:00:00,19.888671875
2017-11-26 03:00:00,213.470703125
2017-11-26 04:00:00,407.814453125
2017-11-26 05:00:00,377.31640625
2017-11-26 06:00:00,211.20703125
2017-11-26 07:00:00,234.478515625
2017-11-26 08:00:00,332.5078125
2017-11-26 09:00:00,127.875
2017-11-26 10:00:00,147.431640625
2017-11-26 11:00:00,87.234375
2017-11-26 12:00:00,171.400390625
2017-11-26 13:00:00,499.435546875
2017-11-26 14:00:00,228.765625
2017-11-26 15:00:00,100.31640625
2017-11-26 16:00:00,310.525390625
2017-11-26 17:00:00,1229.083984375
2017-11-26 18:00:00,1296.203125
2017-11-26 19:00:00,734.048828125
2017-11-26 20:00:00,496.76171875
2017-11-26 21:00:00,275.447265625
2017-11-26 22:00:00,256.052734375
2017-11-26 23:00:00,126.783203125
2017-11-27 00:00:00,292.19140625
2017-11-27 01:00:00,662.234375
2017-11-27 02:00:00,569.095703125
2017-11-27 03:00:00,486.650390625
2017-11-27 04:00:00,283.859375
2017-11-27 05:00:00,524.083984375
2017-11-27 06:00:00,1215.734375
2017-11-27 07:00:00,1728.83984375
2017-11-27 08:00:00,157.162109375
2017-11-27 09:00:00,252.603515625
2017-11-27 10:00:00,27.96875
2017-11-27 11:00:00,412.412109375
2017-11-27 12:00:00,424.228515625
2017-11-27 13:00:00,231.380859375
2017-11-27 14:00:00,331.478515625
2017-11-27 15:00:00,211.9921875
2017-11-27 16:00:00,59.638671875
2017-11-27 17:00:00,550.623046875
2017-11-27 18:00:00,1155.486328125
2017-11-27 19:00:00,902.6484375
2017-11-27 20:00:00,301.3359375
2017-11-27 21:00:00,572.17578125
2017-11-27 22:00:00,326.384765625
2017-11-27 23:00:00,181.162109375
2017-11-28 00:00:00,98.82421875
2017-11-28 01:00:00,372.552734375
2017-11-28 02:00:00,257.177734375
2017-11-28 03:00:00,24.189453125
2017-11-28 04:00:00,60.345703125
2017-11-28 05:00:00,145.189453125
2017-11-28 06:00:00,919.40234375
2017-11-28 07:00:00,1432.583984375
2017-11-28 08:00:00,331.26171875
2017-11-28 09:00:00,881.9375
2017-11-28 10:00:00,490.521484375
2017-11-28 11:00:00,40.53515625
2017-11-28 12:00:00,236.2578125
2017-11-28 13:00:00,113.513671875
2017-11-28 14:00:00,95.853515625
2017-11-28 15:00:00,557.970703125
2017-11-28 16:00:00,309.560546875
2017-11-28 17:00:00,443.3125
2017-11-28 18:00:00,860.974609375
2017-11-28 19:00:00,1125.76953125
2017-11-28 20:00:00,206.5
2017-11-28 21:00:00,594.31640625
2017-11-28 22:00:00,568.96484375
2017-11-28 23:00:00,170.595703125
2017-11-29 00:00:00,104.982421875
2017-11-29 01:00:00,17.91015625
2017-11-29 02:00:00,52.41796875
2017-11-29 03:00:00,137.333984375
2017-11-29 04:00:00,463.8046875
2017-11-29 05:00:00,20.447265625
2017-11-29 06:00:00,708.857421875
2017-11-29 07:00:00,1062.826171875
2017-11-29 08:00:00,789.07421875
2017-11-29 09:00:00,805.875
2017-11-29 10:00:00,299.005859375
2017-11-29 11:00:00,50.33984375
2017-11-29 12:00:00,509.50390625
2017-11-29 13:00:00,12.326171875
2017-11-29 14:00:00,72.96484375
2017-11-29 15:00:00,425.34765625
2017-11-29 16:00:00,399.396484375
2017-11-29 17:00:00,492.046875
2017-11-29 18:00:00,867.1015625
2017-11-29 19:00:00,1056.29296875
2017-11-29 20:00:00,221.77734375
2017-11-29 21:00:00,371.28125
2017-11-29 22:00:00,369.76953125
2017-11-29 23:00:00,99.05859375
2017-11-30 00:00:00,207.46875
2017-11-30 01:00:00,264.310546875
2017-11-30 02:00:00,345.1640625
2017-11-30 03:00:00,70.208984375
2017-11-30 04:00:00,44.4765625
2017-11-30 05:00:00,169.419921875
2017-11-30 06:00:00,990.38671875
2017-11-30 07:00:00,1450.37109375
2017-11-30 08:00:00,237.6640625
2017-11-30 09:00:00,284.57421875
2017-11-30 10:00:00,452.794921875
2017-11-30 11:00:00,179.626953125
2017-11-30 12:00:00,54.560546875
2017-11-30 13:00:00,148.3515625
2017-11-30 14:00:00,104.66015625
2017-11-30 15:00:00,445.912109375
2017-11-30 16:00:00,166.84765625
2017-11-30 17:00:00,729.42578125
2017-11-30 18:00:00,699.328125
2017-11-30 19:00:00,1020.47265625
2017-11-30 20:00:00,252.22265625
2017-11-30 21:00:00,680.58203125
2017-11-30 22:00:00,331.01171875
2017-11-30 23:00:00,173.62890625
2017-12-01 00:00:00,119.263671875
2017-12-01 01:00:00,19.986328125
2017-12-01 02:00:00,68.830078125
2017-12-01 03:00:00,108.12890625
2017-12-01 04:00:00,383.052734375
2017-12-01 05:00:00,79.251953125
2017-12-01 06:00:00,613.0859375
2017-12-01 07:00:00,1073.53515625
2017-12-01 08:00:00,593.36328125
2017-12-01 09:00:00,1092.12109375
2017-12-01 10:00:00,215.173828125
2017-12-01 11:00:00,200.330078125
2017-12-01 12:00:00,104.70703125
2017-12-01 13:00:00,80.326171875
2017-12-01 14:00:00,51.482421875
2017-12-01 15:00:00,490.107421875
2017-12-01 16:00:00,191.2578125
2017-12-01 17:00:00,389.544921875
2017-12-01 18:00:00,910.51171875
2017-12-01 19:00:00,1362.5703125
2017-12-01 20:00:00,460.177734375
2017-12-01 21:00:00,338.7109375
2017-12-01 22:00:00,75.263671875
2017-12-01 23:00:00,51.921875
2017-12-02 00:00:00,100.466796875
2017-12-02 01:00:00,373.572265625
2017-12-02 02:00:00,526.521484375
2017-12-02 03:00:00,24.365234375
2017-12-02 04:00:00,87.18359375
2017-12-02 05:00:00,90.189453125
2017-12-02 06:00:00,344.9765625
2017-12-02 07:00:00,204.916015625
2017-12-02 08:00:00,79.765625
2017-12-02 09:00:00,297.689453125
2017-12-02 10:00:00,758.9765625
2017-12-02 11:00:00,158.044921875
2017-12-02 12:00:00,101.4140625
2017-12-02 13:00:00,250.96875
2017-12-02 14:00:00,88.15234375
2017-12-02 15:00:00,121.693359375
2017-12-02 16:00:00,115.078125
2017-12-02 17:00:00,759.333984375
2017-12-02 18:00:00,296.275390625
2017-12-02 19:00:00,1154.12890625
2017-12-02 20:00:00,85.119140625
2017-12-02 21:00:00,419.6171875
2017-12-02 22:00:00,128.81640625
2017-12-02 23:00:00,183.759765625
2017-12-03 00:00:00,93.671875
2017-12-03 01:00:00,231.060546875
2017-12-03 02:00:00,144.2109375
2017-12-03 03:00:00,53.87890625
2017-12-03 04:00:00,160.87109375
2017-12-03 05:00:00,123.41015625
2017-12-03 06:00:00,24.625
2017-12-03 07:00:00,184.728515625
2017-12-03 08:00:00,63.87109375
2017-12-03 09:00:00,291.865234375
2017-12-03 10:00:00,278.712890625
2017-12-03 11:00:00,85.91015625
2017-12-03 12:00:00,75.130859375
2017-12-03 13:00:00,7.43359375
2017-12-03 14:00:00,56.7890625
2017-12-03 15:00:00,32.62890625
2017-12-03 16:00:00,78.8515625
2017-12-03 17:00:00,1230.30859375
2017-12-03 18:00:00,1020.357421875
2017-12-03 19:00:00,979.84375
2017-12-03 20:00:00,248.734375
2017-12-03 21:00:00,568.7890625
2017-12-03 22:00:00,475.09375
2017-12-03 23:00:00,155.77734375
2017-12-04 00:00:00,84.0625
2017-12-04 01:00:00,457.564453125
2017-12-04 02:00:00,678.91015625
2017-12-04 03:00:00,317.720703125
2017-12-04 04:00:00,268.228515625
2017-12-04 05:00:00,622.046875
2017-12-04 06:00:00,1217.791015625
2017-12-04 07:00:00,2094.75
2017-12-04 08:00:00,204.12109375
2017-12-04 09:00:00,75.24609375
2017-12-04 10:00:00,717.41015625
2017-12-04 11:00:00,58.03125
2017-12-04 12:00:00,409.27734375
2017-12-04 13:00:00,117.3046875
2017-12-04 14:00:00,201.009765625
2017-12-04 15:00:00,312.716796875
2017-12-04 16:00:00,153.494140625
2017-12-04 17:00:00,812.267578125
2017-12-04 18:00:00,902.4140625
2017-12-04 19:00:00,929.87890625
2017-12-04 20:00:00,313.765625
2017-12-04 21:00:00,692.1640625
2017-12-04 22:00:00,347.615234375
2017-12-04 23:00:00,477.8984375
2017-12-05 00:00:00,214.830078125
2017-12-05 01:00:00,159.5546875
2017-12-05 02:00:00,81.244140625
2017-12-05 03:00:00,385.798828125
2017-12-05 04:00:00,508.875
2017-12-05 05:00:00,270.955078125
2017-12-05 06:00:00,490.95703125
2017-12-05 07:00:00,835.736328125
2017-12-05 08:00:00,693.697265625
2017-12-05 09:00:00,807.234375
2017-12-05 10:00:00,10.3515625
2017-12-05 11:00:00,239.525390625
2017-12-05 12:00:00,166.921875
2017-12-05 13:00:00,408.1171875
2017-12-05 14:00:00,183.56640625
2017-12-05 15:00:00,889.705078125
2017-12-05 16:00:00,391.171875
2017-12-05 17:00:00,450.818359375
2017-12-05 18:00:00,131.28515625
2017-12-05 19:00:00,1022.875
2017-12-05 20:00:00,194.796875
2017-12-05 21:00:00,638.9921875
2017-12-05 22:00:00,420.1484375
2017-12-05 23:00:00,509.353515625
2017-12-06 00:00:00,164.685546875
2017-12-06 01:00:00,118.4921875
2017-12-06 02:00:00,62.15234375
2017-12-06 03:00:00,237.232421875
2017-12-06 04:00:00,352.923828125
2017-12-06 05:00:00,197.330078125
2017-12-06 06:00:00,751.0390625
2017-12-06 07:00:00,1307.490234375
2017-12-06 08:00:00,197.193359375
2017-12-06 09:00:00,594.7734375
2017-12-06 10:00:00,12.478515625
2017-12-06 11:00:00,651.984375
2017-12-06 12:00:00,170.21484375
2017-12-06 13:00:00,88.98046875
2017-12-06 14:00:00,247.251953125
2017-12-06 15:00:00,88.064453125
2017-12-06 16:00:00,605.322265625
2017-12-06 17:00:00,956.32421875
2017-12-06 18:00:00,619.41796875
2017-12-06 19:00:00,579.98046875
2017-12-06 20:00:00,519.3984375
2017-12-06 21:00:00,100.859375
2017-12-06 22:00:00,14.34375
2017-12-06 23:00:00,300.240234375
2017-12-07 00:00:00,163.9296875
2017-12-07 01:00:00,435.27734375
2017-12-07 02:00:00,429.900390625
2017-12-07 03:00:00,88.197265625
2017-12-07 04:00:00,44.287109375
2017-12-07 05:00:00,217.88671875
2017-12-07 06:00:00,850.26953125
2017-12-07 07:00:00,1519.193359375
2017-12-07 08:00:00,513.20703125
2017-12-07 09:00:00,851.19921875
2017-12-07 10:00:00,594.328125
2017-12-07 11:00:00,61.412109375
2017-12-07 12:00:00,93.5703125
2017-12-07 13:00:00,9.5390625
2017-12-07 14:00:00,44.93359375
2017-12-07 15:00:00,580.31640625
2017-12-07 16:00:00,373.642578125
2017-12-07 17:00:00,393.32421875
2017-12-07 18:00:00,733.5
2017-12-07 19:00:00,1140.30078125
2017-12-07 20:00:00,366.16796875
2017-12-07 21:00:00,449.42578125
2017-12-07 22:00:00,311.47265625
2017-12-07 23:00:00,443.8671875
2017-12-08 00:00:00,114.388671875
2017-12-08 01:00:00,143.12890625
2017-12-08 02:00:00,130.71484375
2017-12-08 03:00:00,109.767578125
2017-12-08 04:00:00,207.263671875
2017-12-08 05:00:00,93.515625
2017-12-08 06:00:00,724.796875
2017-12-08 07:00:00,1374.720703125
2017-12-08 08:00:00,276.3984375
2017-12-08 09:00:00,363.1796875
2017-12-08 10:00:00,298.77734375
2017-12-08 11:00:00,226.80859375
2017-12-08 12:00:00,33.39453125
2017-12-08 13:00:00,238.82421875
2017-12-08 14:00:00,43.77734375
2017-12-08 15:00:00,503.8359375
2017-12-08 16:00:00,233.94921875
2017-12-08 17:00:00,705.171875
2017-12-08 18:00:00,46.9296875
2017-12-08 19:00:00,743.2890625
2017-12-08 20:00:00,146.90234375
2017-12-08 21:00:00,281.6796875
2017-12-08 22:00:00,59.37890625
2017-12-08 23:00:00,226.955078125
2017-12-09 00:00:00,202.3984375
2017-12-09 01:00:00,102.876953125
2017-12-09 02:00:00,70.857421875
2017-12-09 03:00:00,362.89453125
2017-12-09 04:00:00,155.412109375
2017-12-09 05:00:00,459.798828125
2017-12-09 06:00:00,151.365234375
2017-12-09 07:00:00,83.486328125
2017-12-09 08:00:00,124.7890625
2017-12-09 09:00:00,90.677734375
2017-12-09 10:00:00,52.3828125
2017-12-09 11:00:00,251.52734375
2017-12-09 12:00:00,505.71875
2017-12-09 13:00:00,600.2109375
2017-12-09 14:00:00,435.171875
2017-12-09 15:00:00,433.0390625
2017-12-09 16:00:00,241.44140625
2017-12-09 17:00:00,761.91015625
2017-12-09 18:00:00,464.3046875
2017-12-09 19:00:00,778.79296875
2017-12-09 20:00:00,109.5703125
2017-12-09 21:00:00,382.9453125
2017-12-09 22:00:00,72.11328125
2017-12-09 23:00:00,245.59765625
2017-12-10 00:00:00,25.62890625
2017-12-10 01:00:00,52.69921875
2017-12-10 02:00:00,336.70703125
2017-12-10 03:00:00,40.060546875
2017-12-10 04:00:00,69.982421875
2017-12-10 05:00:00,235.580078125
2017-12-10 06:00:00,50.296875
2017-12-10 07:00:00,29.560546875
2017-12-10 08:00:00,471.595703125
2017-12-10 09:00:00,87.3125
2017-12-10 10:00:00,874.78515625
2017-12-10 11:00:00,717.234375
2017-12-10 12:00:00,453.779296875
2017-12-10 13:00:00,421.0546875
2017-12-10 14:00:00,440.15234375
2017-12-10 15:00:00,346.916015625
2017-12-10 16:00:00,334.736328125
2017-12-10 17:00:00,764.12890625
2017-12-10 18:00:00,555.69921875
2017-12-10 19:00:00,1124.61328125
2017-12-10 20:00:00,159.08203125
2017-12-10 21:00:00,568.0546875
2017-12-10 22:00:00,789.34375
2017-12-10 23:00:00,376.583984375
2017-12-11 00:00:00,263.3984375
2017-12-11 01:00:00,244.21484375
2017-12-11 02:00:00,41.5625
2017-12-11 03:00:00,85.763671875
2017-12-11 04:00:00,170.478515625
2017-12-11 05:00:00,301.3203125
2017-12-11 06:00:00,660.10546875
2017-12-11 07:00:00,1770.1171875
2017-12-11 08:00:00,232.22265625
2017-12-11 09:00:00,494.375
2017-12-11 10:00:00,618.0625
2017-12-11 11:00:00,321.33984375
2017-12-11 12:00:00,235.64453125
2017-12-11 13:00:00,37.421875
2017-12-11 14:00:00,65.470703125
2017-12-11 15:00:00,434.98828125
2017-12-11 16:00:00,240.6875
2017-12-11 17:00:00,536.30859375
2017-12-11 18:00:00,1182.4453125
2017-12-11 19:00:00,1264.98046875
2017-12-11 20:00:00,674.51171875
2017-12-11 21:00:00,544.6484375
2017-12-11 22:00:00,177.546875
2017-12-11 23:00:00,478.96875
2017-12-12 00:00:00,50.923828125
2017-12-12 01:00:00,128.154296875
2017-12-12 02:00:00,173.33984375
2017-12-12 03:00:00,185.283203125
2017-12-12 04:00:00,620.6640625
2017-12-12 05:00:00,167.82421875
2017-12-12 06:00:00,527.802734375
2017-12-12 07:00:00,977.76171875
2017-12-12 08:00:00,593.29296875
2017-12-12 09:00:00,701.69921875
2017-12-12 10:00:00,251.55078125
2017-12-12 11:00:00,311.91015625
2017-12-12 12:00:00,116.1796875
2017-12-12 13:00:00,269.20703125
2017-12-12 14:00:00,50.7421875
2017-12-12 15:00:00,715.8984375
2017-12-12 16:00:00,152.828125
2017-12-12 17:00:00,681.1484375
2017-12-12 18:00:00,673.43359375
2017-12-12 19:00:00,486.94140625
2017-12-12 20:00:00,865.9296875
2017-12-12 21:00:00,100.44140625
2017-12-12 22:00:00,325.27734375
2017-12-12 23:00:00,302.09765625
2017-12-13 00:00:00,412.53125
2017-12-13 01:00:00,465.095703125
2017-12-13 02:00:00,546.07421875
2017-12-13 03:00:00,132.22265625
2017-12-13 04:00:00,100.978515625
2017-12-13 05:00:00,122.84765625
2017-12-13 06:00:00,1159.12890625
2017-12-13 07:00:00,1903.53125
2017-12-13 08:00:00,167.0859375
2017-12-13 09:00:00,128.5546875
2017-12-13 10:00:00,354.93359375
2017-12-13 11:00:00,207.578125
2017-12-13 12:00:00,47.60546875
2017-12-13 13:00:00,153.03515625
2017-12-13 14:00:00,231.8515625
2017-12-13 15:00:00,561.546875
2017-12-13 16:00:00,361.6953125
2017-12-13 17:00:00,1282.16796875
2017-12-13 18:00:00,1077.53125
2017-12-13 19:00:00,815.5390625
2017-12-13 20:00:00,566.703125
2017-12-13 21:00:00,274.1640625
2017-12-13 22:00:00,341.453125
2017-12-13 23:00:00,260.14453125
2017-12-14 00:00:00,45.77734375
2017-12-14 01:00:00,9.685546875
2017-12-14 02:00:00,42.119140625
2017-12-14 03:00:00,391.408203125
2017-12-14 04:00:00,811.77734375
2017-12-14 05:00:00,433.869140625
2017-12-14 06:00:00,76.48046875
2017-12-14 07:00:00,556.89453125
2017-12-14 08:00:00,597.859375
2017-12-14 09:00:00,708.62890625
2017-12-14 10:00:00,365.6875
2017-12-14 11:00:00,337.77734375
2017-12-14 12:00:00,148.41796875
2017-12-14 13:00:00,356.41796875
2017-12-14 14:00:00,269.81640625
2017-12-14 15:00:00,398.16796875
2017-12-14 16:00:00,333.05078125
2017-12-14 17:00:00,997.45703125
2017-12-14 18:00:00,955.5078125
2017-12-14 19:00:00,994.01953125
2017-12-14 20:00:00,666.93359375
2017-12-14 21:00:00,286.41796875
2017-12-14 22:00:00,103.68359375
2017-12-14 23:00:00,361.72265625
2017-12-15 00:00:00,174.76171875
2017-12-15 01:00:00,310.349609375
2017-12-15 02:00:00,219.390625
2017-12-15 03:00:00,141.716796875
2017-12-15 04:00:00,463.013671875
2017-12-15 05:00:00,276.0546875
2017-12-15 06:00:00,436.1328125
2017-12-15 07:00:00,1276.8203125
2017-12-15 08:00:00,163.9921875
2017-12-15 09:00:00,46.69921875
2017-12-15 10:00:00,89.2578125
2017-12-15 11:00:00,2.76953125
2017-12-15 12:00:00,146.609375
2017-12-15 13:00:00,211.63671875
2017-12-15 14:00:00,107.17578125
2017-12-15 15:00:00,460.0703125
2017-12-15 16:00:00,185.07421875
2017-12-15 17:00:00,806.46875
2017-12-15 18:00:00,714.25
2017-12-15 19:00:00,569.83203125
2017-12-15 20:00:00,596.9140625
2017-12-15 21:00:00,57.625
2017-12-15 22:00:00,215.95703125
2017-12-15 23:00:00,187.078125
2017-12-16 00:00:00,147.7109375
2017-12-16 01:00:00,153.8203125
2017-12-16 02:00:00,82.953125
2017-12-16 03:00:00,323.337890625
2017-12-16 04:00:00,658.177734375
2017-12-16 05:00:00,399.421875
2017-12-16 06:00:00,405.84375
2017-12-16 07:00:00,239.75390625
2017-12-16 08:00:00,572.53515625
2017-12-16 09:00:00,254.18359375
2017-12-16 10:00:00,906.9765625
2017-12-16 11:00:00,1046.6328125
2017-12-16 12:00:00,532.890625
2017-12-16 13:00:00,748.69140625
2017-12-16 14:00:00,61.03125
2017-12-16 15:00:00,461.375
2017-12-16 16:00:00,410.546875
2017-12-16 17:00:00,344.88671875
2017-12-16 18:00:00,27.125
2017-12-16 19:00:00,1702.671875
2017-12-16 20:00:00,127.37890625
2017-12-16 21:00:00,882.83984375
2017-12-16 22:00:00,313.640625
2017-12-16 23:00:00,506.8046875
2017-12-17 00:00:00,414.38671875
2017-12-17 01:00:00,160.70703125
2017-12-17 02:00:00,87.15625
2017-12-17 03:00:00,421.0234375
2017-12-17 04:00:00,434.076171875
2017-12-17 05:00:00,520.99609375
2017-12-17 06:00:00,332.240234375
2017-12-17 07:00:00,180.642578125
2017-12-17 08:00:00,580.533203125
2017-12-17 09:00:00,263.498046875
2017-12-17 10:00:00,837.1328125
2017-12-17 11:00:00,750.20703125
2017-12-17 12:00:00,286.232421875
2017-12-17 13:00:00,108.341796875
2017-12-17 14:00:00,313.94140625
2017-12-17 15:00:00,351.853515625
2017-12-17 16:00:00,351.458984375
2017-12-17 17:00:00,772.9453125
2017-12-17 18:00:00,223.7578125
2017-12-17 19:00:00,1172.08984375
2017-12-17 20:00:00,28.890625
2017-12-17 21:00:00,685.65234375
2017-12-17 22:00:00,650.5546875
2017-12-17 23:00:00,568.896484375
2017-12-18 00:00:00,276.7265625
2017-12-18 01:00:00,131.05078125
2017-12-18 02:00:00,101.755859375
2017-12-18 03:00:00,82.31640625
2017-12-18 04:00:00,117.849609375
2017-12-18 05:00:00,141.369140625
2017-12-18 06:00:00,876.64453125
2017-12-18 07:00:00,1313.513671875
2017-12-18 08:00:00,138.60546875
2017-12-18 09:00:00,565.96484375
2017-12-18 10:00:00,646.9296875
2017-12-18 11:00:00,310.05078125
2017-12-18 12:00:00,0.81640625
2017-12-18 13:00:00,107.0859375
2017-12-18 14:00:00,38.244140625
2017-12-18 15:00:00,518.5625
2017-12-18 16:00:00,130.916015625
2017-12-18 17:00:00,420.3515625
2017-12-18 18:00:00,512.25
2017-12-18 19:00:00,991.5234375
2017-12-18 20:00:00,42.0625
2017-12-18 21:00:00,507.58203125
2017-12-18 22:00:00,373.59375
2017-12-18 23:00:00,533.400390625
2017-12-19 00:00:00,303.70703125
2017-12-19 01:00:00,34.443359375
2017-12-19 02:00:00,75.568359375
2017-12-19 03:00:00,287.912109375
2017-12-19 04:00:00,382.51953125
2017-12-19 05:00:00,166.126953125
2017-12-19 06:00:00,514.05078125
2017-12-19 07:00:00,1020.005859375
2017-12-19 08:00:00,443.4140625
2017-12-19 09:00:00,941.28515625
2017-12-19 10:00:00,566.0078125
2017-12-19 11:00:00,503.884765625
2017-12-19 12:00:00,36.18359375
2017-12-19 13:00:00,71.04296875
2017-12-19 14:00:00,88.828125
2017-12-19 15:00:00,631.646484375
2017-12-19 16:00:00,405.47265625
2017-12-19 17:00:00,341.0625
2017-12-19 18:00:00,789.3984375
2017-12-19 19:00:00,1361.5390625
2017-12-19 20:00:00,124.6015625
2017-12-19 21:00:00,578.17578125
2017-12-19 22:00:00,475.0703125
2017-12-19 23:00:00,469.453125
2017-12-20 00:00:00,162.82421875
2017-12-20 01:00:00,107.9140625
2017-12-20 02:00:00,7.09375
2017-12-20 03:00:00,176.544921875
2017-12-20 04:00:00,208.650390625
2017-12-20 05:00:00,2.58203125
2017-12-20 06:00:00,607.578125
2017-12-20 07:00:00,1318.068359375
2017-12-20 08:00:00,307.52734375
2017-12-20 09:00:00,484.03125
2017-12-20 10:00:00,9.3046875
2017-12-20 11:00:00,301.7421875
2017-12-20 12:00:00,44.033203125
2017-12-20 13:00:00,196.4609375
2017-12-20 14:00:00,74.69140625
2017-12-20 15:00:00,398.978515625
2017-12-20 16:00:00,273.484375
2017-12-20 17:00:00,609.51171875
2017-12-20 18:00:00,1246.4921875
2017-12-20 19:00:00,1053.3515625
2017-12-20 20:00:00,801.80859375
2017-12-20 21:00:00,165.11328125
2017-12-20 22:00:00,163.58984375
2017-12-20 23:00:00,90.75
2017-12-21 00:00:00,19.86328125
2017-12-21 01:00:00,440.5546875
2017-12-21 02:00:00,397.546875
2017-12-21 03:00:00,178.65625
2017-12-21 04:00:00,32.71875
2017-12-21 05:00:00,130.5
2017-12-21 06:00:00,733.265625
2017-12-21 07:00:00,1525.10546875
2017-12-21 08:00:00,181.74609375
2017-12-21 09:00:00,756.703125
2017-12-21 10:00:00,897.5390625
2017-12-21 11:00:00,14.015625
2017-12-21 12:00:00,0.455078125
2017-12-21 13:00:00,135.125
2017-12-21 14:00:00,146.33984375
2017-12-21 15:00:00,560.537109375
2017-12-21 16:00:00,253.302734375
2017-12-21 17:00:00,432.66015625
2017-12-21 18:00:00,950.26171875
2017-12-21 19:00:00,1262.29296875
2017-12-21 20:00:00,533.1953125
2017-12-21 21:00:00,420.4765625
2017-12-21 22:00:00,140.90625
2017-12-21 23:00:00,370.14453125
2017-12-22 00:00:00,71.033203125
2017-12-22 01:00:00,84.75390625
2017-12-22 02:00:00,72.30859375
2017-12-22 03:00:00,408.380859375
2017-12-22 04:00:00,443.439453125
2017-12-22 05:00:00,359.6796875
2017-12-22 06:00:00,289.88671875
2017-12-22 07:00:00,727.466796875
2017-12-22 08:00:00,195.27734375
2017-12-22 09:00:00,449.8359375
2017-12-22 10:00:00,318.40625
2017-12-22 11:00:00,376.08984375
2017-12-22 12:00:00,292.56640625
2017-12-22 13:00:00,309.11328125
2017-12-22 14:00:00,0.587890625
2017-12-22 15:00:00,489.716796875
2017-12-22 16:00:00,125.45703125
2017-12-22 17:00:00,230.6640625
2017-12-22 18:00:00,163.66015625
2017-12-22 19:00:00,1627.2109375
2017-12-22 20:00:00,199.09375
2017-12-22 21:00:00,786.7265625
2017-12-22 22:00:00,292.71875
2017-12-22 23:00:00,515.814453125
2017-12-23 00:00:00,439.78125
2017-12-23 01:00:00,324.888671875
2017-12-23 02:00:00,272.53125
2017-12-23 03:00:00,395.1015625
2017-12-23 04:00:00,439.369140625
2017-12-23 05:00:00,550.919921875
2017-12-23 06:00:00,405.263671875
2017-12-23 07:00:00,135.763671875
2017-12-23 08:00:00,177.25
2017-12-23 09:00:00,174.77734375
2017-12-23 10:00:00,105.234375
2017-12-23 11:00:00,371.392578125
2017-12-23 12:00:00,440.947265625
2017-12-23 13:00:00,592.763671875
2017-12-23 14:00:00,513.873046875
2017-12-23 15:00:00,329.2734375
2017-12-23 16:00:00,273.931640625
2017-12-23 17:00:00,566.478515625
2017-12-23 18:00:00,238.56640625
2017-12-23 19:00:00,1238.50390625
2017-12-23 20:00:00,84.548828125
2017-12-23 21:00:00,601.771484375
2017-12-23 22:00:00,55.169921875
2017-12-23 23:00:00,24.75390625
2017-12-24 00:00:00,12.0390625
2017-12-24 01:00:00,126.931640625
2017-12-24 02:00:00,373.0234375
2017-12-24 03:00:00,177.966796875
2017-12-24 04:00:00,229.626953125
2017-12-24 05:00:00,76.126953125
2017-12-24 06:00:00,64.017578125
2017-12-24 07:00:00,242.119140625
2017-12-24 08:00:00,9.046875
2017-12-24 09:00:00,146.416015625
2017-12-24 10:00:00,197.3203125
2017-12-24 11:00:00,105.900390625
2017-12-24 12:00:00,29.3828125
2017-12-24 13:00:00,11.794921875
2017-12-24 14:00:00,59.94140625
2017-12-24 15:00:00,45.763671875
2017-12-24 16:00:00,194.416015625
2017-12-24 17:00:00,904.349609375
2017-12-24 18:00:00,80.7734375
2017-12-24 19:00:00,1178.17578125
2017-12-24 20:00:00,178.146484375
2017-12-24 21:00:00,225.64453125
2017-12-24 22:00:00,266.724609375
2017-12-24 23:00:00,59.0
2017-12-25 00:00:00,33.357421875
2017-12-25 01:00:00,227.052734375
2017-12-25 02:00:00,324.4140625
2017-12-25 03:00:00,352.9453125
2017-12-25 04:00:00,312.224609375
2017-12-25 05:00:00,335.34375
2017-12-25 06:00:00,465.263671875
2017-12-25 07:00:00,340.16796875
2017-12-25 08:00:00,144.880859375
2017-12-25 09:00:00,90.48046875
2017-12-25 10:00:00,213.322265625
2017-12-25 11:00:00,58.01171875
2017-12-25 12:00:00,84.84765625
2017-12-25 13:00:00,259.30078125
2017-12-25 14:00:00,86.388671875
2017-12-25 15:00:00,41.228515625
2017-12-25 16:00:00,25.4609375
2017-12-25 17:00:00,733.55078125
2017-12-25 18:00:00,718.58203125
2017-12-25 19:00:00,717.5859375
2017-12-25 20:00:00,329.43359375
2017-12-25 21:00:00,145.11328125
2017-12-25 22:00:00,174.97265625
2017-12-25 23:00:00,38.634765625
2017-12-26 00:00:00,4.5703125
2017-12-26 01:00:00,15.84765625
2017-12-26 02:00:00,771.98828125
2017-12-26 03:00:00,261.755859375
2017-12-26 04:00:00,384.251953125
2017-12-26 05:00:00,384.380859375
2017-12-26 06:00:00,682.23046875
2017-12-26 07:00:00,988.943359375
2017-12-26 08:00:00,414.81640625
2017-12-26 09:00:00,207.6015625
2017-12-26 10:00:00,191.62109375
2017-12-26 11:00:00,62.1796875
2017-12-26 12:00:00,443.125
2017-12-26 13:00:00,110.3046875
2017-12-26 14:00:00,315.4609375
2017-12-26 15:00:00,56.2421875
2017-12-26 16:00:00,218.921875
2017-12-26 17:00:00,1267.89453125
2017-12-26 18:00:00,1449.07421875
2017-12-26 19:00:00,898.94921875
2017-12-26 20:00:00,803.8828125
2017-12-26 21:00:00,277.53515625
2017-12-26 22:00:00,30.0546875
2017-12-26 23:00:00,70.6640625
2017-12-27 00:00:00,198.97265625
2017-12-27 01:00:00,365.826171875
2017-12-27 02:00:00,25.03125
2017-12-27 03:00:00,19.998046875
2017-12-27 04:00:00,397.966796875
2017-12-27 05:00:00,401.1015625
2017-12-27 06:00:00,251.7734375
2017-12-27 07:00:00,651.55859375
2017-12-27 08:00:00,56.59375
2017-12-27 09:00:00,239.86328125
2017-12-27 10:00:00,89.37109375
2017-12-27 11:00:00,131.15234375
2017-12-27 12:00:00,464.6171875
2017-12-27 13:00:00,254.7109375
2017-12-27 14:00:00,260.046875
2017-12-27 15:00:00,317.96875
2017-12-27 16:00:00,23.296875
2017-12-27 17:00:00,1317.36328125
2017-12-27 18:00:00,1644.421875
2017-12-27 19:00:00,870.62890625
2017-12-27 20:00:00,1199.6171875
2017-12-27 21:00:00,227.28125
2017-12-27 22:00:00,350.0625
2017-12-27 23:00:00,50.4296875
2017-12-28 00:00:00,386.1953125
2017-12-28 01:00:00,452.4921875
2017-12-28 02:00:00,774.69140625
2017-12-28 03:00:00,9.65625
2017-12-28 04:00:00,49.8359375
2017-12-28 05:00:00,27.515625
2017-12-28 06:00:00,466.87890625
2017-12-28 07:00:00,1185.6171875
2017-12-28 08:00:00,195.58984375
2017-12-28 09:00:00,480.81640625
2017-12-28 10:00:00,674.9765625
2017-12-28 11:00:00,24.390625
2017-12-28 12:00:00,364.6015625
2017-12-28 13:00:00,129.36328125
2017-12-28 14:00:00,133.7421875
2017-12-28 15:00:00,455.20703125
2017-12-28 16:00:00,120.3046875
2017-12-28 17:00:00,927.32421875
2017-12-28 18:00:00,1782.98828125
2017-12-28 19:00:00,1134.87890625
2017-12-28 20:00:00,1245.59765625
2017-12-28 21:00:00,538.63671875
2017-12-28 22:00:00,924.8203125
2017-12-28 23:00:00,1049.8046875
2017-12-29 00:00:00,804.296875
2017-12-29 01:00:00,273.49609375
2017-12-29 02:00:00,407.109375
2017-12-29 03:00:00,27.66796875
2017-12-29 04:00:00,451.1640625
2017-12-29 05:00:00,399.4453125
2017-12-29 06:00:00,227.7890625
2017-12-29 07:00:00,613.234375
2017-12-29 08:00:00,268.98828125
2017-12-29 09:00:00,226.5
2017-12-29 10:00:00,576.8125
2017-12-29 11:00:00,33.53515625
2017-12-29 12:00:00,185.8828125
2017-12-29 13:00:00,491.9375
2017-12-29 14:00:00,1102.1328125
2017-12-29 15:00:00,335.58984375
2017-12-29 16:00:00,435.34765625
2017-12-29 17:00:00,660.22265625
2017-12-29 18:00:00,1430.046875
2017-12-29 19:00:00,1654.4765625
2017-12-29 20:00:00,976.9140625
2017-12-29 21:00:00,913.609375
2017-12-29 22:00:00,175.046875
2017-12-29 23:00:00,388.91015625
2017-12-30 00:00:00,183.14453125
2017-12-30 01:00:00,24.4765625
2017-12-30 02:00:00,106.34765625
2017-12-30 03:00:00,312.3984375
2017-12-30 04:00:00,309.1953125
2017-12-30 05:00:00,468.65625
2017-12-30 06:00:00,514.51953125
2017-12-30 07:00:00,208.5078125
2017-12-30 08:00:00,226.125
2017-12-30 09:00:00,70.12890625
2017-12-30 10:00:00,418.99609375
2017-12-30 11:00:00,444.30078125
2017-12-30 12:00:00,483.96484375
2017-12-30 13:00:00,823.203125
2017-12-30 14:00:00,645.0703125
2017-12-30 15:00:00,96.51953125
2017-12-30 16:00:00,524.08984375
2017-12-30 17:00:00,665.703125
2017-12-30 18:00:00,935.7578125
2017-12-30 19:00:00,1000.01953125
2017-12-30 20:00:00,294.15625
2017-12-30 21:00:00,123.40625
2017-12-30 22:00:00,423.58203125
2017-12-30 23:00:00,85.015625
2017-12-31 00:00:00,229.55078125
2017-12-31 01:00:00,771.4140625
2017-12-31 02:00:00,284.46875
2017-12-31 03:00:00,373.41015625
2017-12-31 04:00:00,371.74609375
2017-12-31 05:00:00,254.09375
2017-12-31 06:00:00,169.515625
2017-12-31 07:00:00,33.6328125
2017-12-31 08:00:00,87.203125
2017-12-31 09:00:00,119.7578125
2017-12-31 10:00:00,190.41796875
2017-12-31 11:00:00,405.01171875
2017-12-31 12:00:00,272.48046875
2017-12-31 13:00:00,68.0078125
2017-12-31 14:00:00,81.6796875
2017-12-31 15:00:00,76.33203125
2017-12-31 16:00:00,15.04296875
2017-12-31 17:00:00,989.84765625
2017-12-31 18:00:00,1731.37109375
2017-12-31 19:00:00,861.125
2017-12-31 20:00:00,813.7421875
2017-12-31 21:00:00,314.73828125
2017-12-31 22:00:00,446.19140625
2017-12-31 23:00:00,362.484375
2018-01-01 00:00:00,227.40234375
2018-01-01 01:00:00,287.7109375
2018-01-01 02:00:00,272.0390625
2018-01-01 03:00:00,93.796875
2018-01-01 04:00:00,218.03125
2018-01-01 05:00:00,8.65625
2018-01-01 06:00:00,340.09765625
2018-01-01 07:00:00,283.203125
2018-01-01 08:00:00,176.53515625
2018-01-01 09:00:00,43.8984375
2018-01-01 10:00:00,674.0
2018-01-01 11:00:00,1.1328125
2018-01-01 12:00:00,416.3046875
2018-01-01 13:00:00,349.91796875
2018-01-01 14:00:00,465.3515625
2018-01-01 15:00:00,418.3671875
2018-01-01 16:00:00,113.7109375
2018-01-01 17:00:00,876.43359375
2018-01-01 18:00:00,1531.734375
2018-01-01 19:00:00,1142.3515625
2018-01-01 20:00:00,1064.81640625
2018-01-01 21:00:00,786.73046875
2018-01-01 22:00:00,157.765625
2018-01-01 23:00:00,857.64453125
2018-01-02 00:00:00,398.2265625
2018-01-02 01:00:00,177.140625
2018-01-02 02:00:00,100.0859375
2018-01-02 03:00:00,9.08984375
2018-01-02 04:00:00,225.96484375
2018-01-02 05:00:00,73.640625
2018-01-02 06:00:00,1193.90625
2018-01-02 07:00:00,1624.04296875
2018-01-02 08:00:00,225.125
2018-01-02 09:00:00,199.1484375
2018-01-02 10:00:00,50.0078125
2018-01-02 11:00:00,464.56640625
2018-01-02 12:00:00,92.640625
2018-01-02 13:00:00,287.26953125
2018-01-02 14:00:00,175.97265625
2018-01-02 15:00:00,520.09375
2018-01-02 16:00:00,101.27734375
2018-01-02 17:00:00,974.54296875
2018-01-02 18:00:00,2013.3125
2018-01-02 19:00:00,869.703125
2018-01-02 20:00:00,1172.484375
2018-01-02 21:00:00,268.33203125
2018-01-02 22:00:00,48.6328125
2018-01-02 23:00:00,82.68359375
2018-01-03 00:00:00,333.6640625
2018-01-03 01:00:00,592.5
2018-01-03 02:00:00,223.26953125
2018-01-03 03:00:00,253.53125
2018-01-03 04:00:00,277.33203125
2018-01-03 05:00:00,128.19140625
2018-01-03 06:00:00,916.734375
2018-01-03 07:00:00,1776.0
2018-01-03 08:00:00,30.11328125
2018-01-03 09:00:00,428.03125
2018-01-03 10:00:00,983.18359375
2018-01-03 11:00:00,204.12109375
2018-01-03 12:00:00,194.4375
2018-01-03 13:00:00,237.31640625
2018-01-03 14:00:00,159.62109375
2018-01-03 15:00:00,788.9140625
2018-01-03 16:00:00,69.19140625
2018-01-03 17:00:00,557.49609375
2018-01-03 18:00:00,1159.703125
2018-01-03 19:00:00,975.44921875
2018-01-03 20:00:00,578.0234375
2018-01-03 21:00:00,612.7890625
2018-01-03 22:00:00,492.30859375
2018-01-03 23:00:00,413.31640625
2018-01-04 00:00:00,18.7890625
2018-01-04 01:00:00,36.77734375
2018-01-04 02:00:00,154.1796875
2018-01-04 03:00:00,669.515625
2018-01-04 04:00:00,562.9296875
2018-01-04 05:00:00,622.15625
2018-01-04 06:00:00,63.1796875
2018-01-04 07:00:00,626.04296875
2018-01-04 08:00:00,253.53125
2018-01-04 09:00:00,475.4609375
2018-01-04 10:00:00,564.171875
2018-01-04 11:00:00,527.1328125
2018-01-04 12:00:00,239.375
2018-01-04 13:00:00,173.45703125
2018-01-04 14:00:00,141.1796875
2018-01-04 15:00:00,643.9609375
2018-01-04 16:00:00,111.33984375
2018-01-04 17:00:00,803.63671875
2018-01-04 18:00:00,2271.12109375
2018-01-04 19:00:00,693.21484375
2018-01-04 20:00:00,1498.09765625
2018-01-04 21:00:00,271.03125
2018-01-04 22:00:00,478.609375
2018-01-04 23:00:00,432.43359375
2018-01-05 00:00:00,276.4609375
2018-01-05 01:00:00,944.58203125
2018-01-05 02:00:00,413.1171875
2018-01-05 03:00:00,255.5234375
2018-01-05 04:00:00,0.53515625
2018-01-05 05:00:00,170.0078125
2018-01-05 06:00:00,807.8125
2018-01-05 07:00:00,1168.8125
2018-01-05 08:00:00,417.3671875
2018-01-05 09:00:00,19.11328125
2018-01-05 10:00:00,186.2109375
2018-01-05 11:00:00,81.29296875
2018-01-05 12:00:00,21.890625
2018-01-05 13:00:00,0.74609375
2018-01-05 14:00:00,117.51171875
2018-01-05 15:00:00,93.6953125
2018-01-05 16:00:00,467.63671875
2018-01-05 17:00:00,1391.74609375
2018-01-05 18:00:00,2085.8046875
2018-01-05 19:00:00,702.7734375
2018-01-05 20:00:00,1374.59765625
2018-01-05 21:00:00,72.98046875
2018-01-05 22:00:00,553.89453125
2018-01-05 23:00:00,155.83984375
2018-01-06 00:00:00,184.453125
2018-01-06 01:00:00,582.171875
2018-01-06 02:00:00,146.625
2018-01-06 03:00:00,45.0390625
2018-01-06 04:00:00,431.45703125
2018-01-06 05:00:00,284.25390625
2018-01-06 06:00:00,57.328125
2018-01-06 07:00:00,466.3828125
2018-01-06 08:00:00,406.87890625
2018-01-06 09:00:00,156.62890625
2018-01-06 10:00:00,45.0390625
2018-01-06 11:00:00,225.48046875
2018-01-06 12:00:00,250.890625
2018-01-06 13:00:00,504.859375
2018-01-06 14:00:00,355.26171875
2018-01-06 15:00:00,457.2734375
2018-01-06 16:00:00,119.46484375
2018-01-06 17:00:00,1045.39453125
2018-01-06 18:00:00,1568.20703125
2018-01-06 19:00:00,680.328125
2018-01-06 20:00:00,827.640625
2018-01-06 21:00:00,38.734375
2018-01-06 22:00:00,197.3984375
2018-01-06 23:00:00,202.97265625
2018-01-07 00:00:00,227.16015625
2018-01-07 01:00:00,301.2734375
2018-01-07 02:00:00,111.2265625
2018-01-07 03:00:00,18.6640625
2018-01-07 04:00:00,234.6796875
2018-01-07 05:00:00,164.83984375
2018-01-07 06:00:00,241.0234375
2018-01-07 07:00:00,309.796875
2018-01-07 08:00:00,537.07421875
2018-01-07 09:00:00,87.16796875
2018-01-07 10:00:00,506.63671875
2018-01-07 11:00:00,306.14453125
2018-01-07 12:00:00,526.70703125
2018-01-07 13:00:00,266.18359375
2018-01-07 14:00:00,445.72265625
2018-01-07 15:00:00,195.87890625
2018-01-07 16:00:00,66.14453125
2018-01-07 17:00:00,688.953125
2018-01-07 18:00:00,1364.828125
2018-01-07 19:00:00,1079.125
2018-01-07 20:00:00,501.2578125
2018-01-07 21:00:00,497.046875
2018-01-07 22:00:00,526.28515625
2018-01-07 23:00:00,408.68359375
2018-01-08 00:00:00,232.40625
2018-01-08 01:00:00,275.81640625
2018-01-08 02:00:00,366.21484375
2018-01-08 03:00:00,33.125
2018-01-08 04:00:00,698.11328125
2018-01-08 05:00:00,138.2578125
2018-01-08 06:00:00,694.97265625
2018-01-08 07:00:00,1487.30078125
2018-01-08 08:00:00,189.14453125
2018-01-08 09:00:00,363.0234375
2018-01-08 10:00:00,100.57421875
2018-01-08 11:00:00,589.27734375
2018-01-08 12:00:00,259.171875
2018-01-08 13:00:00,260.23046875
2018-01-08 14:00:00,115.8046875
2018-01-08 15:00:00,495.140625
2018-01-08 16:00:00,479.953125
2018-01-08 17:00:00,442.47265625
2018-01-08 18:00:00,907.4453125
2018-01-08 19:00:00,1192.3125
2018-01-08 20:00:00,396.8828125
2018-01-08 21:00:00,837.82421875
2018-01-08 22:00:00,337.43359375
2018-01-08 23:00:00,424.62890625
2018-01-09 00:00:00,131.21484375
2018-01-09 01:00:00,61.955078125
2018-01-09 02:00:00,205.755859375
2018-01-09 03:00:00,431.490234375
2018-01-09 04:00:00,783.05078125
2018-01-09 05:00:00,620.39453125
2018-01-09 06:00:00,97.4453125
2018-01-09 07:00:00,649.15625
2018-01-09 08:00:00,524.48046875
2018-01-09 09:00:00,952.453125
2018-01-09 10:00:00,1480.9375
2018-01-09 11:00:00,258.140625
2018-01-09 12:00:00,360.61328125
2018-01-09 13:00:00,185.08203125
2018-01-09 14:00:00,454.6484375
2018-01-09 15:00:00,789.171875
2018-01-09 16:00:00,436.8515625
2018-01-09 17:00:00,98.484375
2018-01-09 18:00:00,1173.05078125
2018-01-09 19:00:00,1174.71875
2018-01-09 20:00:00,485.15234375
2018-01-09 21:00:00,453.78515625
2018-01-09 22:00:00,339.79296875
2018-01-09 23:00:00,362.55078125
2018-01-10 00:00:00,123.125
2018-01-10 01:00:00,145.318359375
2018-01-10 02:00:00,173.681640625
2018-01-10 03:00:00,388.38671875
2018-01-10 04:00:00,632.7578125
2018-01-10 05:00:00,402.74609375
2018-01-10 06:00:00,471.62890625
2018-01-10 07:00:00,1413.74609375
2018-01-10 08:00:00,286.75390625
2018-01-10 09:00:00,612.01171875
2018-01-10 10:00:00,874.58203125
2018-01-10 11:00:00,78.01953125
2018-01-10 12:00:00,335.67578125
2018-01-10 13:00:00,220.78515625
2018-01-10 14:00:00,126.98828125
2018-01-10 15:00:00,349.4140625
2018-01-10 16:00:00,398.2578125
2018-01-10 17:00:00,123.1171875
2018-01-10 18:00:00,862.99609375
2018-01-10 19:00:00,1077.296875
2018-01-10 20:00:00,337.18359375
2018-01-10 21:00:00,643.1796875
2018-01-10 22:00:00,367.77734375
2018-01-10 23:00:00,477.59765625
2018-01-11 00:00:00,261.015625
2018-01-11 01:00:00,56.443359375
2018-01-11 02:00:00,318.0703125
2018-01-11 03:00:00,539.921875
2018-01-11 04:00:00,787.3046875
2018-01-11 05:00:00,492.126953125
2018-01-11 06:00:00,170.9921875
2018-01-11 07:00:00,686.6796875
2018-01-11 08:00:00,726.8359375
2018-01-11 09:00:00,1114.39453125
2018-01-11 10:00:00,457.4375
2018-01-11 11:00:00,701.640625
2018-01-11 12:00:00,184.72265625
2018-01-11 13:00:00,486.296875
2018-01-11 14:00:00,133.544921875
2018-01-11 15:00:00,695.8515625
2018-01-11 16:00:00,596.099609375
2018-01-11 17:00:00,70.09765625
2018-01-11 18:00:00,481.51953125
2018-01-11 19:00:00,1579.78515625
2018-01-11 20:00:00,93.08203125
2018-01-11 21:00:00,906.125
2018-01-11 22:00:00,747.04296875
2018-01-11 23:00:00,459.970703125
2018-01-12 00:00:00,292.6171875
2018-01-12 01:00:00,205.037109375
2018-01-12 02:00:00,279.40625
2018-01-12 03:00:00,343.884765625
2018-01-12 04:00:00,503.591796875
2018-01-12 05:00:00,501.4375
2018-01-12 06:00:00,397.8203125
2018-01-12 07:00:00,852.126953125
2018-01-12 08:00:00,650.935546875
2018-01-12 09:00:00,876.96484375
2018-01-12 10:00:00,31.33203125
2018-01-12 11:00:00,142.19921875
2018-01-12 12:00:00,214.806640625
2018-01-12 13:00:00,256.228515625
2018-01-12 14:00:00,369.03125
2018-01-12 15:00:00,641.994140625
2018-01-12 16:00:00,533.12109375
2018-01-12 17:00:00,205.720703125
2018-01-12 18:00:00,77.44921875
2018-01-12 19:00:00,1267.3671875
2018-01-12 20:00:00,210.54296875
2018-01-12 21:00:00,548.501953125
2018-01-12 22:00:00,48.091796875
2018-01-12 23:00:00,3.376953125
2018-01-13 00:00:00,86.595703125
2018-01-13 01:00:00,13.578125
2018-01-13 02:00:00,54.396484375
2018-01-13 03:00:00,216.947265625
2018-01-13 04:00:00,222.384765625
2018-01-13 05:00:00,330.505859375
2018-01-13 06:00:00,38.2890625
2018-01-13 07:00:00,314.025390625
2018-01-13 08:00:00,286.1953125
2018-01-13 09:00:00,370.05078125
2018-01-13 10:00:00,113.388671875
2018-01-13 11:00:00,482.3125
2018-01-13 12:00:00,536.341796875
2018-01-13 13:00:00,459.046875
2018-01-13 14:00:00,140.970703125
2018-01-13 15:00:00,21.384765625
2018-01-13 16:00:00,330.947265625
2018-01-13 17:00:00,904.84375
2018-01-13 18:00:00,1372.33984375
2018-01-13 19:00:00,158.55078125
2018-01-13 20:00:00,489.8984375
2018-01-13 21:00:00,1035.140625
2018-01-13 22:00:00,312.9765625
2018-01-13 23:00:00,969.375
2018-01-14 00:00:00,490.125
2018-01-14 01:00:00,974.22265625
2018-01-14 02:00:00,1060.28125
2018-01-14 03:00:00,509.96875
2018-01-14 04:00:00,756.3984375
2018-01-14 05:00:00,357.921875
2018-01-14 06:00:00,652.640625
2018-01-14 07:00:00,859.375
2018-01-14 08:00:00,444.4921875
2018-01-14 09:00:00,635.23046875
2018-01-14 10:00:00,303.8046875
2018-01-14 11:00:00,119.27734375
2018-01-14 12:00:00,132.97265625
2018-01-14 13:00:00,108.17578125
2018-01-14 14:00:00,89.90625
2018-01-14 15:00:00,68.15234375
2018-01-14 16:00:00,141.25390625
2018-01-14 17:00:00,852.14453125
2018-01-14 18:00:00,1655.59765625
2018-01-14 19:00:00,868.265625
2018-01-14 20:00:00,530.9453125
2018-01-14 21:00:00,225.359375
2018-01-14 22:00:00,168.93359375
2018-01-14 23:00:00,130.84765625
2018-01-15 00:00:00,53.203125
2018-01-15 01:00:00,403.3046875
2018-01-15 02:00:00,181.47265625
2018-01-15 03:00:00,3.55078125
2018-01-15 04:00:00,239.40234375
2018-01-15 05:00:00,68.265625
2018-01-15 06:00:00,778.65625
2018-01-15 07:00:00,1018.51953125
2018-01-15 08:00:00,604.2265625
2018-01-15 09:00:00,291.94140625
2018-01-15 10:00:00,299.96484375
2018-01-15 11:00:00,11.15234375
2018-01-15 12:00:00,239.8828125
2018-01-15 13:00:00,132.484375
2018-01-15 14:00:00,115.6328125
2018-01-15 15:00:00,510.3515625
2018-01-15 16:00:00,29.390625
2018-01-15 17:00:00,560.22265625
2018-01-15 18:00:00,1193.640625
2018-01-15 19:00:00,764.7265625
2018-01-15 20:00:00,358.83984375
2018-01-15 21:00:00,518.359375
2018-01-15 22:00:00,560.1796875
2018-01-15 23:00:00,388.2421875
2018-01-16 00:00:00,79.2109375
2018-01-16 01:00:00,7.6015625
2018-01-16 02:00:00,173.8828125
2018-01-16 03:00:00,672.333984375
2018-01-16 04:00:00,556.138671875
2018-01-16 05:00:00,515.99609375
2018-01-16 06:00:00,100.20703125
2018-01-16 07:00:00,903.17578125
2018-01-16 08:00:00,624.0703125
2018-01-16 09:00:00,707.88671875
2018-01-16 10:00:00,669.8671875
2018-01-16 11:00:00,837.8515625
2018-01-16 12:00:00,196.72265625
2018-01-16 13:00:00,418.8359375
2018-01-16 14:00:00,144.515625
2018-01-16 15:00:00,506.92578125
2018-01-16 16:00:00,415.96484375
2018-01-16 17:00:00,165.96484375
2018-01-16 18:00:00,1030.88671875
2018-01-16 19:00:00,1018.7265625
2018-01-16 20:00:00,348.76171875
2018-01-16 21:00:00,518.38671875
2018-01-16 22:00:00,476.7578125
2018-01-16 23:00:00,192.9453125
2018-01-17 00:00:00,104.173828125
2018-01-17 01:00:00,120.068359375
2018-01-17 02:00:00,68.61328125
2018-01-17 03:00:00,522.611328125
2018-01-17 04:00:00,620.779296875
2018-01-17 05:00:00,408.109375
2018-01-17 06:00:00,7.75390625
2018-01-17 07:00:00,722.13671875
2018-01-17 08:00:00,90.30859375
2018-01-17 09:00:00,52.63671875
2018-01-17 10:00:00,234.04296875
2018-01-17 11:00:00,40.5078125
2018-01-17 12:00:00,102.7734375
2018-01-17 13:00:00,186.28125
2018-01-17 14:00:00,170.234375
2018-01-17 15:00:00,343.24609375
2018-01-17 16:00:00,43.46875
2018-01-17 17:00:00,656.59375
2018-01-17 18:00:00,1939.27734375
2018-01-17 19:00:00,299.98828125
2018-01-17 20:00:00,1146.49609375
2018-01-17 21:00:00,155.640625
2018-01-17 22:00:00,307.19140625
2018-01-17 23:00:00,156.5234375
2018-01-18 00:00:00,608.10546875
2018-01-18 01:00:00,957.7734375
2018-01-18 02:00:00,596.70703125
2018-01-18 03:00:00,183.203125
2018-01-18 04:00:00,55.31640625
2018-01-18 05:00:00,144.8828125
2018-01-18 06:00:00,1085.4140625
2018-01-18 07:00:00,1596.76953125
2018-01-18 08:00:00,128.51171875
2018-01-18 09:00:00,834.64453125
2018-01-18 10:00:00,861.56640625
2018-01-18 11:00:00,556.52734375
2018-01-18 12:00:00,38.11328125
2018-01-18 13:00:00,278.9609375
2018-01-18 14:00:00,109.55078125
2018-01-18 15:00:00,714.4609375
2018-01-18 16:00:00,202.4921875
2018-01-18 17:00:00,137.72265625
2018-01-18 18:00:00,1089.015625
2018-01-18 19:00:00,750.0234375
2018-01-18 20:00:00,201.0546875
2018-01-18 21:00:00,353.84375
2018-01-18 22:00:00,592.67578125
2018-01-18 23:00:00,380.51171875
2018-01-19 00:00:00,7.7734375
2018-01-19 01:00:00,112.3828125
2018-01-19 02:00:00,46.57421875
2018-01-19 03:00:00,514.0234375
2018-01-19 04:00:00,620.7890625
2018-01-19 05:00:00,486.51953125
2018-01-19 06:00:00,252.04296875
2018-01-19 07:00:00,1359.921875
2018-01-19 08:00:00,506.14453125
2018-01-19 09:00:00,797.41015625
2018-01-19 10:00:00,892.71875
2018-01-19 11:00:00,414.08984375
2018-01-19 12:00:00,14.1953125
2018-01-19 13:00:00,42.8515625
2018-01-19 14:00:00,206.6875
2018-01-19 15:00:00,605.76953125
2018-01-19 16:00:00,547.6171875
2018-01-19 17:00:00,211.48828125
2018-01-19 18:00:00,710.8203125
2018-01-19 19:00:00,1190.671875
2018-01-19 20:00:00,205.8984375
2018-01-19 21:00:00,603.66796875
2018-01-19 22:00:00,424.87890625
2018-01-19 23:00:00,373.12109375
2018-01-20 00:00:00,133.427734375
2018-01-20 01:00:00,252.328125
2018-01-20 02:00:00,33.12109375
2018-01-20 03:00:00,579.328125
2018-01-20 04:00:00,805.080078125
2018-01-20 05:00:00,754.525390625
2018-01-20 06:00:00,669.306640625
2018-01-20 07:00:00,362.6015625
2018-01-20 08:00:00,646.61328125
2018-01-20 09:00:00,794.67578125
2018-01-20 10:00:00,1144.18359375
2018-01-20 11:00:00,503.521484375
2018-01-20 12:00:00,383.560546875
2018-01-20 13:00:00,402.28125
2018-01-20 14:00:00,405.984375
2018-01-20 15:00:00,381.337890625
2018-01-20 16:00:00,392.640625
2018-01-20 17:00:00,114.25
2018-01-20 18:00:00,668.859375
2018-01-20 19:00:00,1389.6484375
2018-01-20 20:00:00,632.55859375
2018-01-20 21:00:00,587.861328125
2018-01-20 22:00:00,637.849609375
2018-01-20 23:00:00,394.611328125
2018-01-21 00:00:00,134.970703125
2018-01-21 01:00:00,73.455078125
2018-01-21 02:00:00,121.427734375
2018-01-21 03:00:00,189.00390625
2018-01-21 04:00:00,338.3515625
2018-01-21 05:00:00,205.5390625
2018-01-21 06:00:00,102.958984375
2018-01-21 07:00:00,41.69921875
2018-01-21 08:00:00,234.865234375
2018-01-21 09:00:00,144.728515625
2018-01-21 10:00:00,443.544921875
2018-01-21 11:00:00,221.103515625
2018-01-21 12:00:00,159.6171875
2018-01-21 13:00:00,246.798828125
2018-01-21 14:00:00,68.12890625
2018-01-21 15:00:00,48.23046875
2018-01-21 16:00:00,70.75
2018-01-21 17:00:00,548.2734375
2018-01-21 18:00:00,625.32421875
2018-01-21 19:00:00,695.953125
2018-01-21 20:00:00,773.3359375
2018-01-21 21:00:00,166.556640625
2018-01-21 22:00:00,870.52734375
2018-01-21 23:00:00,119.615234375
2018-01-22 00:00:00,375.92578125
2018-01-22 01:00:00,320.58984375
2018-01-22 02:00:00,130.193359375
2018-01-22 03:00:00,7.572265625
2018-01-22 04:00:00,58.2734375
2018-01-22 05:00:00,265.6171875
2018-01-22 06:00:00,887.927734375
2018-01-22 07:00:00,1534.361328125
2018-01-22 08:00:00,151.58203125
2018-01-22 09:00:00,313.5546875
2018-01-22 10:00:00,126.64453125
2018-01-22 11:00:00,290.201171875
2018-01-22 12:00:00,0.96875
2018-01-22 13:00:00,182.4375
2018-01-22 14:00:00,127.294921875
2018-01-22 15:00:00,401.322265625
2018-01-22 16:00:00,236.5
2018-01-22 17:00:00,227.76171875
2018-01-22 18:00:00,1132.09765625
2018-01-22 19:00:00,717.78125
2018-01-22 20:00:00,91.04296875
2018-01-22 21:00:00,468.05078125
2018-01-22 22:00:00,394.58203125
2018-01-22 23:00:00,115.5234375
2018-01-23 00:00:00,146.6640625
2018-01-23 01:00:00,220.5703125
2018-01-23 02:00:00,133.388671875
2018-01-23 03:00:00,6.580078125
2018-01-23 04:00:00,259.708984375
2018-01-23 05:00:00,3.21484375
2018-01-23 06:00:00,688.490234375
2018-01-23 07:00:00,947.89453125
2018-01-23 08:00:00,253.470703125
2018-01-23 09:00:00,807.4453125
2018-01-23 10:00:00,67.310546875
2018-01-23 11:00:00,556.939453125
2018-01-23 12:00:00,50.869140625
2018-01-23 13:00:00,299.98828125
2018-01-23 14:00:00,231.994140625
2018-01-23 15:00:00,61.552734375
2018-01-23 16:00:00,445.263671875
2018-01-23 17:00:00,91.330078125
2018-01-23 18:00:00,664.453125
2018-01-23 19:00:00,465.38671875
2018-01-23 20:00:00,189.62109375
2018-01-23 21:00:00,160.7734375
2018-01-23 22:00:00,577.064453125
2018-01-23 23:00:00,114.93359375
2018-01-24 00:00:00,269.7421875
2018-01-24 01:00:00,267.79296875
2018-01-24 02:00:00,444.9921875
2018-01-24 03:00:00,0.37890625
2018-01-24 04:00:00,25.828125
2018-01-24 05:00:00,127.09375
2018-01-24 06:00:00,848.927734375
2018-01-24 07:00:00,1335.458984375
2018-01-24 08:00:00,97.921875
2018-01-24 09:00:00,319.4453125
2018-01-24 10:00:00,205.15234375
2018-01-24 11:00:00,477.14453125
2018-01-24 12:00:00,83.390625
2018-01-24 13:00:00,104.935546875
2018-01-24 14:00:00,76.3515625
2018-01-24 15:00:00,292.7265625
2018-01-24 16:00:00,13.578125
2018-01-24 17:00:00,322.52734375
2018-01-24 18:00:00,1223.0546875
2018-01-24 19:00:00,382.63671875
2018-01-24 20:00:00,524.26953125
2018-01-24 21:00:00,40.0546875
2018-01-24 22:00:00,287.3359375
2018-01-24 23:00:00,113.5546875
2018-01-25 00:00:00,382.9375
2018-01-25 01:00:00,358.857421875
2018-01-25 02:00:00,375.1953125
2018-01-25 03:00:00,53.330078125
2018-01-25 04:00:00,186.65234375
2018-01-25 05:00:00,41.638671875
2018-01-25 06:00:00,732.419921875
2018-01-25 07:00:00,1727.97265625
2018-01-25 08:00:00,290.9375
2018-01-25 09:00:00,710.19140625
2018-01-25 10:00:00,510.5859375
2018-01-25 11:00:00,118.90234375
2018-01-25 12:00:00,159.90234375
2018-01-25 13:00:00,33.23046875
2018-01-25 14:00:00,100.4296875
2018-01-25 15:00:00,558.58984375
2018-01-25 16:00:00,236.7421875
2018-01-25 17:00:00,197.50390625
2018-01-25 18:00:00,1176.25
2018-01-25 19:00:00,266.21484375
2018-01-25 20:00:00,269.2890625
2018-01-25 21:00:00,0.60546875
2018-01-25 22:00:00,328.28125
2018-01-25 23:00:00,140.5
2018-01-26 00:00:00,265.83984375
2018-01-26 01:00:00,321.701171875
2018-01-26 02:00:00,300.9921875
2018-01-26 03:00:00,319.298828125
2018-01-26 04:00:00,451.052734375
2018-01-26 05:00:00,239.8359375
2018-01-26 06:00:00,463.46875
2018-01-26 07:00:00,1607.86328125
2018-01-26 08:00:00,359.671875
2018-01-26 09:00:00,665.30859375
2018-01-26 10:00:00,1115.7890625
2018-01-26 11:00:00,194.65234375
2018-01-26 12:00:00,2.90234375
2018-01-26 13:00:00,119.93359375
2018-01-26 14:00:00,44.947265625
2018-01-26 15:00:00,665.0703125
2018-01-26 16:00:00,452.708984375
2018-01-26 17:00:00,170.23046875
2018-01-26 18:00:00,558.89453125
2018-01-26 19:00:00,935.17578125
2018-01-26 20:00:00,379.2265625
2018-01-26 21:00:00,420.58203125
2018-01-26 22:00:00,445.46875
2018-01-26 23:00:00,385.3046875
2018-01-27 00:00:00,82.103515625
2018-01-27 01:00:00,38.296875
2018-01-27 02:00:00,177.392578125
2018-01-27 03:00:00,527.501953125
2018-01-27 04:00:00,755.3203125
2018-01-27 05:00:00,799.564453125
2018-01-27 06:00:00,462.533203125
2018-01-27 07:00:00,255.873046875
2018-01-27 08:00:00,517.1953125
2018-01-27 09:00:00,721.58203125
2018-01-27 10:00:00,1141.9296875
2018-01-27 11:00:00,397.09375
2018-01-27 12:00:00,449.060546875
2018-01-27 13:00:00,390.712890625
2018-01-27 14:00:00,207.18359375
2018-01-27 15:00:00,357.349609375
2018-01-27 16:00:00,274.017578125
2018-01-27 17:00:00,281.79296875
2018-01-27 18:00:00,396.67578125
2018-01-27 19:00:00,1560.134765625
2018-01-27 20:00:00,665.201171875
2018-01-27 21:00:00,555.9140625
2018-01-27 22:00:00,577.568359375
2018-01-27 23:00:00,214.4453125
2018-01-28 00:00:00,299.22265625
2018-01-28 01:00:00,244.7265625
2018-01-28 02:00:00,292.4453125
2018-01-28 03:00:00,358.23828125
2018-01-28 04:00:00,530.962890625
2018-01-28 05:00:00,525.900390625
2018-01-28 06:00:00,401.802734375
2018-01-28 07:00:00,263.244140625
2018-01-28 08:00:00,116.4140625
2018-01-28 09:00:00,268.4140625
2018-01-28 10:00:00,171.9375
2018-01-28 11:00:00,7.052734375
2018-01-28 12:00:00,79.455078125
2018-01-28 13:00:00,167.333984375
2018-01-28 14:00:00,126.638671875
2018-01-28 15:00:00,122.431640625
2018-01-28 16:00:00,66.556640625
2018-01-28 17:00:00,552.7734375
2018-01-28 18:00:00,965.892578125
2018-01-28 19:00:00,648.083984375
2018-01-28 20:00:00,115.806640625
2018-01-28 21:00:00,448.076171875
2018-01-28 22:00:00,289.67578125
2018-01-28 23:00:00,8.30859375
2018-01-29 00:00:00,424.37109375
2018-01-29 01:00:00,538.203125
2018-01-29 02:00:00,631.869140625
2018-01-29 03:00:00,484.685546875
2018-01-29 04:00:00,300.0390625
2018-01-29 05:00:00,586.396484375
2018-01-29 06:00:00,1290.72265625
2018-01-29 07:00:00,1966.09375
2018-01-29 08:00:00,448.46875
2018-01-29 09:00:00,128.54296875
2018-01-29 10:00:00,8.73828125
2018-01-29 11:00:00,226.5625
2018-01-29 12:00:00,148.21875
2018-01-29 13:00:00,228.71875
2018-01-29 14:00:00,89.7421875
2018-01-29 15:00:00,417.9453125
2018-01-29 16:00:00,155.03515625
2018-01-29 17:00:00,228.8671875
2018-01-29 18:00:00,1174.19140625
2018-01-29 19:00:00,356.6953125
2018-01-29 20:00:00,395.3671875
2018-01-29 21:00:00,128.85546875
2018-01-29 22:00:00,339.83984375
2018-01-29 23:00:00,93.619140625
2018-01-30 00:00:00,213.701171875
2018-01-30 01:00:00,270.689453125
2018-01-30 02:00:00,414.587890625
2018-01-30 03:00:00,23.22265625
2018-01-30 04:00:00,93.94921875
2018-01-30 05:00:00,27.662109375
2018-01-30 06:00:00,760.064453125
2018-01-30 07:00:00,1312.7265625
2018-01-30 08:00:00,137.875
2018-01-30 09:00:00,298.9375
2018-01-30 10:00:00,162.87890625
2018-01-30 11:00:00,93.6796875
2018-01-30 12:00:00,163.2734375
2018-01-30 13:00:00,4.609375
2018-01-30 14:00:00,127.96484375
2018-01-30 15:00:00,370.0859375
2018-01-30 16:00:00,79.984375
2018-01-30 17:00:00,763.875
2018-01-30 18:00:00,1859.75390625
2018-01-30 19:00:00,317.2734375
2018-01-30 20:00:00,916.80078125
2018-01-30 21:00:00,535.73046875
2018-01-30 22:00:00,51.32421875
2018-01-30 23:00:00,434.06640625
2018-01-31 00:00:00,537.73828125
2018-01-31 01:00:00,860.69140625
2018-01-31 02:00:00,605.76953125
2018-01-31 03:00:00,315.66796875
2018-01-31 04:00:00,157.65625
2018-01-31 05:00:00,261.984375
2018-01-31 06:00:00,1010.1015625
2018-01-31 07:00:00,1851.28125
2018-01-31 08:00:00,418.53515625
2018-01-31 09:00:00,603.49609375
2018-01-31 10:00:00,792.7421875
2018-01-31 11:00:00,303.48828125
2018-01-31 12:00:00,154.48046875
2018-01-31 13:00:00,0.76171875
2018-01-31 14:00:00,38.50390625
2018-01-31 15:00:00,373.59765625
2018-01-31 16:00:00,127.140625
2018-01-31 17:00:00,59.2421875
2018-01-31 18:00:00,1104.98828125
2018-01-31 19:00:00,529.453125
2018-01-31 20:00:00,53.25
2018-01-31 21:00:00,317.0625
2018-01-31 22:00:00,765.2734375
2018-01-31 23:00:00,551.2578125
2018-02-01 00:00:00,127.49609375
2018-02-01 01:00:00,252.330078125
2018-02-01 02:00:00,1.443359375
2018-02-01 03:00:00,621.6640625
2018-02-01 04:00:00,807.51953125
2018-02-01 05:00:00,717.369140625
2018-02-01 06:00:00,104.802734375
2018-02-01 07:00:00,608.26953125
2018-02-01 08:00:00,807.21875
2018-02-01 09:00:00,730.85546875
2018-02-01 10:00:00,391.81640625
2018-02-01 11:00:00,368.81640625
2018-02-01 12:00:00,53.6875
2018-02-01 13:00:00,268.4453125
2018-02-01 14:00:00,391.25390625
2018-02-01 15:00:00,535.25390625
2018-02-01 16:00:00,682.2265625
2018-02-01 17:00:00,153.82421875
2018-02-01 18:00:00,342.79296875
2018-02-01 19:00:00,1046.75
2018-02-01 20:00:00,234.15234375
2018-02-01 21:00:00,802.0625
2018-02-01 22:00:00,509.53515625
2018-02-01 23:00:00,546.595703125
2018-02-02 00:00:00,13.884765625
2018-02-02 01:00:00,115.916015625
2018-02-02 02:00:00,8.7109375
2018-02-02 03:00:00,380.544921875
2018-02-02 04:00:00,525.072265625
2018-02-02 05:00:00,13.689453125
2018-02-02 06:00:00,651.59765625
2018-02-02 07:00:00,1079.37890625
2018-02-02 08:00:00,106.33203125
2018-02-02 09:00:00,700.421875
2018-02-02 10:00:00,437.875
2018-02-02 11:00:00,151.6328125
2018-02-02 12:00:00,53.00390625
2018-02-02 13:00:00,123.32421875
2018-02-02 14:00:00,125.0703125
2018-02-02 15:00:00,146.25390625
2018-02-02 16:00:00,218.68359375
2018-02-02 17:00:00,940.5703125
2018-02-02 18:00:00,1728.296875
2018-02-02 19:00:00,474.80078125
2018-02-02 20:00:00,676.50390625
2018-02-02 21:00:00,832.5859375
2018-02-02 22:00:00,427.28515625
2018-02-02 23:00:00,436.09375
2018-02-03 00:00:00,643.625
2018-02-03 01:00:00,615.96484375
2018-02-03 02:00:00,755.71484375
2018-02-03 03:00:00,122.95703125
2018-02-03 04:00:00,64.8125
2018-02-03 05:00:00,226.8125
2018-02-03 06:00:00,99.14453125
2018-02-03 07:00:00,414.328125
2018-02-03 08:00:00,56.39453125
2018-02-03 09:00:00,339.46484375
2018-02-03 10:00:00,806.17578125
2018-02-03 11:00:00,276.78125
2018-02-03 12:00:00,348.23046875
2018-02-03 13:00:00,482.94140625
2018-02-03 14:00:00,449.18359375
2018-02-03 15:00:00,319.6015625
2018-02-03 16:00:00,383.1328125
2018-02-03 17:00:00,48.765625
2018-02-03 18:00:00,521.6328125
2018-02-03 19:00:00,657.8046875
2018-02-03 20:00:00,706.03125
2018-02-03 21:00:00,429.9375
2018-02-03 22:00:00,863.62109375
2018-02-03 23:00:00,321.08984375
2018-02-04 00:00:00,360.53515625
2018-02-04 01:00:00,72.134765625
2018-02-04 02:00:00,202.439453125
2018-02-04 03:00:00,493.833984375
2018-02-04 04:00:00,707.896484375
2018-02-04 05:00:00,828.787109375
2018-02-04 06:00:00,618.07421875
2018-02-04 07:00:00,418.275390625
2018-02-04 08:00:00,634.78125
2018-02-04 09:00:00,39.802734375
2018-02-04 10:00:00,246.453125
2018-02-04 11:00:00,384.3125
2018-02-04 12:00:00,127.00390625
2018-02-04 13:00:00,388.765625
2018-02-04 14:00:00,306.33203125
2018-02-04 15:00:00,320.546875
2018-02-04 16:00:00,298.6953125
2018-02-04 17:00:00,62.98046875
2018-02-04 18:00:00,276.234375
2018-02-04 19:00:00,1505.36328125
2018-02-04 20:00:00,361.453125
2018-02-04 21:00:00,197.6328125
2018-02-04 22:00:00,569.59765625
2018-02-04 23:00:00,4.2578125
2018-02-05 00:00:00,181.87109375
2018-02-05 01:00:00,663.34375
2018-02-05 02:00:00,208.400390625
2018-02-05 03:00:00,79.341796875
2018-02-05 04:00:00,74.810546875
2018-02-05 05:00:00,244.705078125
2018-02-05 06:00:00,912.29296875
2018-02-05 07:00:00,1234.296875
2018-02-05 08:00:00,76.00390625
2018-02-05 09:00:00,344.07421875
2018-02-05 10:00:00,914.78125
2018-02-05 11:00:00,352.703125
2018-02-05 12:00:00,185.6328125
2018-02-05 13:00:00,5.90234375
2018-02-05 14:00:00,291.25390625
2018-02-05 15:00:00,351.9296875
2018-02-05 16:00:00,122.984375
2018-02-05 17:00:00,406.8671875
2018-02-05 18:00:00,1635.6171875
2018-02-05 19:00:00,438.609375
2018-02-05 20:00:00,277.84765625
2018-02-05 21:00:00,480.51171875
2018-02-05 22:00:00,423.01953125
2018-02-05 23:00:00,26.83203125
2018-02-06 00:00:00,557.3359375
2018-02-06 01:00:00,399.015625
2018-02-06 02:00:00,452.130859375
2018-02-06 03:00:00,315.08203125
2018-02-06 04:00:00,336.458984375
2018-02-06 05:00:00,238.8125
2018-02-06 06:00:00,480.3359375
2018-02-06 07:00:00,1310.5234375
2018-02-06 08:00:00,494.3671875
2018-02-06 09:00:00,73.00390625
2018-02-06 10:00:00,110.47265625
2018-02-06 11:00:00,160.69921875
2018-02-06 12:00:00,192.6171875
2018-02-06 13:00:00,102.75
2018-02-06 14:00:00,254.1640625
2018-02-06 15:00:00,948.15625
2018-02-06 16:00:00,34.31640625
2018-02-06 17:00:00,148.96484375
2018-02-06 18:00:00,885.34375
2018-02-06 19:00:00,5.08203125
2018-02-06 20:00:00,306.2890625
2018-02-06 21:00:00,45.296875
2018-02-06 22:00:00,811.2265625
2018-02-06 23:00:00,229.171875
2018-02-07 00:00:00,56.310546875
2018-02-07 01:00:00,253.734375
2018-02-07 02:00:00,85.51171875
2018-02-07 03:00:00,417.875
2018-02-07 04:00:00,567.05859375
2018-02-07 05:00:00,545.62109375
2018-02-07 06:00:00,51.82421875
2018-02-07 07:00:00,530.74609375
2018-02-07 08:00:00,339.4453125
2018-02-07 09:00:00,46.94140625
2018-02-07 10:00:00,107.6953125
2018-02-07 11:00:00,85.39453125
2018-02-07 12:00:00,38.68359375
2018-02-07 13:00:00,42.56640625
2018-02-07 14:00:00,321.9375
2018-02-07 15:00:00,542.96484375
2018-02-07 16:00:00,409.53125
2018-02-07 17:00:00,41.8203125
2018-02-07 18:00:00,705.6875
2018-02-07 19:00:00,502.375
2018-02-07 20:00:00,14.828125
2018-02-07 21:00:00,250.1328125
2018-02-07 22:00:00,521.96875
2018-02-07 23:00:00,134.05078125
2018-02-08 00:00:00,32.2578125
2018-02-08 01:00:00,146.5078125
2018-02-08 02:00:00,113.244140625
2018-02-08 03:00:00,352.576171875
2018-02-08 04:00:00,415.486328125
2018-02-08 05:00:00,304.2734375
2018-02-08 06:00:00,390.87890625
2018-02-08 07:00:00,910.01171875
2018-02-08 08:00:00,518.32421875
2018-02-08 09:00:00,966.37890625
2018-02-08 10:00:00,1168.078125
2018-02-08 11:00:00,424.62890625
2018-02-08 12:00:00,99.75390625
2018-02-08 13:00:00,191.5546875
2018-02-08 14:00:00,53.0078125
2018-02-08 15:00:00,689.33203125
2018-02-08 16:00:00,95.51171875
2018-02-08 17:00:00,15.78515625
2018-02-08 18:00:00,1140.078125
2018-02-08 19:00:00,442.20703125
2018-02-08 20:00:00,22.24609375
2018-02-08 21:00:00,423.8359375
2018-02-08 22:00:00,441.82421875
2018-02-08 23:00:00,145.10546875
2018-02-09 00:00:00,444.6328125
2018-02-09 01:00:00,257.1015625
2018-02-09 02:00:00,297.69140625
2018-02-09 03:00:00,301.77734375
2018-02-09 04:00:00,486.46484375
2018-02-09 05:00:00,263.6328125
2018-02-09 06:00:00,539.859375
2018-02-09 07:00:00,1431.81640625
2018-02-09 08:00:00,389.140625
2018-02-09 09:00:00,352.65625
2018-02-09 10:00:00,662.91015625
2018-02-09 11:00:00,235.84375
2018-02-09 12:00:00,382.6484375
2018-02-09 13:00:00,260.19140625
2018-02-09 14:00:00,289.53125
2018-02-09 15:00:00,363.42578125
2018-02-09 16:00:00,570.9375
2018-02-09 17:00:00,156.7890625
2018-02-09 18:00:00,337.17578125
2018-02-09 19:00:00,542.47265625
2018-02-09 20:00:00,616.23046875
2018-02-09 21:00:00,236.71484375
2018-02-09 22:00:00,498.26953125
2018-02-09 23:00:00,480.109375
2018-02-10 00:00:00,242.4453125
2018-02-10 01:00:00,236.814453125
2018-02-10 02:00:00,217.96484375
2018-02-10 03:00:00,601.9921875
2018-02-10 04:00:00,799.146484375
2018-02-10 05:00:00,795.6171875
2018-02-10 06:00:00,630.53515625
2018-02-10 07:00:00,306.53515625
2018-02-10 08:00:00,787.271484375
2018-02-10 09:00:00,125.5390625
2018-02-10 10:00:00,966.578125
2018-02-10 11:00:00,380.234375
2018-02-10 12:00:00,546.048828125
2018-02-10 13:00:00,441.142578125
2018-02-10 14:00:00,515.458984375
2018-02-10 15:00:00,645.404296875
2018-02-10 16:00:00,524.25390625
2018-02-10 17:00:00,169.978515625
2018-02-10 18:00:00,128.11328125
2018-02-10 19:00:00,1124.71875
2018-02-10 20:00:00,864.30859375
2018-02-10 21:00:00,642.671875
2018-02-10 22:00:00,647.005859375
2018-02-10 23:00:00,319.779296875
2018-02-11 00:00:00,269.662109375
2018-02-11 01:00:00,78.572265625
2018-02-11 02:00:00,28.109375
2018-02-11 03:00:00,193.93359375
2018-02-11 04:00:00,189.27734375
2018-02-11 05:00:00,320.736328125
2018-02-11 06:00:00,140.35546875
2018-02-11 07:00:00,40.857421875
2018-02-11 08:00:00,266.6171875
2018-02-11 09:00:00,427.912109375
2018-02-11 10:00:00,107.599609375
2018-02-11 11:00:00,211.578125
2018-02-11 12:00:00,128.400390625
2018-02-11 13:00:00,344.849609375
2018-02-11 14:00:00,362.921875
2018-02-11 15:00:00,398.572265625
2018-02-11 16:00:00,129.0078125
2018-02-11 17:00:00,205.29296875
2018-02-11 18:00:00,579.818359375
2018-02-11 19:00:00,448.59765625
2018-02-11 20:00:00,699.537109375
2018-02-11 21:00:00,392.8125
2018-02-11 22:00:00,614.18359375
2018-02-11 23:00:00,54.40625
2018-02-12 00:00:00,18.0703125
2018-02-12 01:00:00,171.416015625
2018-02-12 02:00:00,133.001953125
2018-02-12 03:00:00,40.353515625
2018-02-12 04:00:00,154.73046875
2018-02-12 05:00:00,135.01171875
2018-02-12 06:00:00,794.224609375
2018-02-12 07:00:00,1496.62890625
2018-02-12 08:00:00,69.583984375
2018-02-12 09:00:00,13.724609375
2018-02-12 10:00:00,87.57421875
2018-02-12 11:00:00,54.14453125
2018-02-12 12:00:00,68.3125
2018-02-12 13:00:00,733.0
2018-02-12 14:00:00,388.240234375
2018-02-12 15:00:00,347.685546875
2018-02-12 16:00:00,377.9140625
2018-02-12 17:00:00,88.046875
2018-02-12 18:00:00,1352.015625
2018-02-12 19:00:00,759.34765625
2018-02-12 20:00:00,94.78515625
2018-02-12 21:00:00,514.4296875
2018-02-12 22:00:00,152.90625
2018-02-12 23:00:00,55.36328125
2018-02-13 00:00:00,582.2890625
2018-02-13 01:00:00,836.5703125
2018-02-13 02:00:00,747.568359375
2018-02-13 03:00:00,436.236328125
2018-02-13 04:00:00,97.587890625
2018-02-13 05:00:00,382.064453125
2018-02-13 06:00:00,918.99609375
2018-02-13 07:00:00,1719.1640625
2018-02-13 08:00:00,510.4921875
2018-02-13 09:00:00,1088.69140625
2018-02-13 10:00:00,312.69921875
2018-02-13 11:00:00,184.1328125
2018-02-13 12:00:00,276.162109375
2018-02-13 13:00:00,77.314453125
2018-02-13 14:00:00,9.42578125
2018-02-13 15:00:00,380.048828125
2018-02-13 16:00:00,125.48828125
2018-02-13 17:00:00,148.8125
2018-02-13 18:00:00,665.94921875
2018-02-13 19:00:00,44.65234375
2018-02-13 20:00:00,469.46484375
2018-02-13 21:00:00,29.109375
2018-02-13 22:00:00,855.640625
2018-02-13 23:00:00,219.11328125
2018-02-14 00:00:00,25.759765625
2018-02-14 01:00:00,20.169921875
2018-02-14 02:00:00,59.724609375
2018-02-14 03:00:00,421.125
2018-02-14 04:00:00,498.79296875
2018-02-14 05:00:00,321.474609375
2018-02-14 06:00:00,554.314453125
2018-02-14 07:00:00,1089.62109375
2018-02-14 08:00:00,748.25
2018-02-14 09:00:00,919.7890625
2018-02-14 10:00:00,733.61328125
2018-02-14 11:00:00,32.703125
2018-02-14 12:00:00,7.1484375
2018-02-14 13:00:00,31.986328125
2018-02-14 14:00:00,88.3125
2018-02-14 15:00:00,746.20703125
2018-02-14 16:00:00,488.6484375
2018-02-14 17:00:00,419.93359375
2018-02-14 18:00:00,133.125
2018-02-14 19:00:00,539.40625
2018-02-14 20:00:00,944.484375
2018-02-14 21:00:00,310.0078125
2018-02-14 22:00:00,875.0546875
2018-02-14 23:00:00,569.560546875
2018-02-15 00:00:00,100.78125
2018-02-15 01:00:00,131.115234375
2018-02-15 02:00:00,90.689453125
2018-02-15 03:00:00,323.078125
2018-02-15 04:00:00,448.1875
2018-02-15 05:00:00,179.314453125
2018-02-15 06:00:00,455.701171875
2018-02-15 07:00:00,854.9609375
2018-02-15 08:00:00,872.876953125
2018-02-15 09:00:00,671.376953125
2018-02-15 10:00:00,341.642578125
2018-02-15 11:00:00,231.873046875
2018-02-15 12:00:00,49.6171875
2018-02-15 13:00:00,59.509765625
2018-02-15 14:00:00,585.724609375
2018-02-15 15:00:00,390.759765625
2018-02-15 16:00:00,603.359375
2018-02-15 17:00:00,265.3671875
2018-02-15 18:00:00,578.462890625
2018-02-15 19:00:00,220.84765625
2018-02-15 20:00:00,726.451171875
2018-02-15 21:00:00,257.150390625
2018-02-15 22:00:00,639.119140625
2018-02-15 23:00:00,205.93359375
2018-02-16 00:00:00,37.74609375
2018-02-16 01:00:00,142.927734375
2018-02-16 02:00:00,57.5078125
2018-02-16 03:00:00,373.15625
2018-02-16 04:00:00,343.541015625
2018-02-16 05:00:00,381.83203125
2018-02-16 06:00:00,201.85546875
2018-02-16 07:00:00,724.1171875
2018-02-16 08:00:00,573.015625
2018-02-16 09:00:00,457.310546875
2018-02-16 10:00:00,43.59765625
2018-02-16 11:00:00,82.06640625
2018-02-16 12:00:00,115.17578125
2018-02-16 13:00:00,23.94921875
2018-02-16 14:00:00,67.55078125
2018-02-16 15:00:00,335.158203125
2018-02-16 16:00:00,382.001953125
2018-02-16 17:00:00,59.208984375
2018-02-16 18:00:00,295.912109375
2018-02-16 19:00:00,152.11328125
2018-02-16 20:00:00,224.1640625
2018-02-16 21:00:00,144.68359375
2018-02-16 22:00:00,23.796875
2018-02-16 23:00:00,174.09375
2018-02-17 00:00:00,451.259765625
2018-02-17 01:00:00,628.705078125
2018-02-17 02:00:00,634.6328125
2018-02-17 03:00:00,423.818359375
2018-02-17 04:00:00,363.802734375
2018-02-17 05:00:00,205.98046875
2018-02-17 06:00:00,412.142578125
2018-02-17 07:00:00,395.19921875
2018-02-17 08:00:00,251.21875
2018-02-17 09:00:00,332.23046875
2018-02-17 10:00:00,504.26953125
2018-02-17 11:00:00,210.505859375
2018-02-17 12:00:00,204.408203125
2018-02-17 13:00:00,423.71875
2018-02-17 14:00:00,730.177734375
2018-02-17 15:00:00,496.55859375
2018-02-17 16:00:00,150.9609375
2018-02-17 17:00:00,140.73046875
2018-02-17 18:00:00,466.01953125
2018-02-17 19:00:00,22.140625
2018-02-17 20:00:00,304.42578125
2018-02-17 21:00:00,223.0390625
2018-02-17 22:00:00,436.46875
2018-02-17 23:00:00,289.857421875
2018-02-18 00:00:00,86.603515625
2018-02-18 01:00:00,78.83203125
2018-02-18 02:00:00,235.02734375
2018-02-18 03:00:00,8.779296875
2018-02-18 04:00:00,56.0078125
2018-02-18 05:00:00,55.626953125
2018-02-18 06:00:00,116.318359375
2018-02-18 07:00:00,106.75390625
2018-02-18 08:00:00,302.1015625
2018-02-18 09:00:00,241.009765625
2018-02-18 10:00:00,303.7109375
2018-02-18 11:00:00,265.1875
2018-02-18 12:00:00,300.59765625
2018-02-18 13:00:00,275.3515625
2018-02-18 14:00:00,418.400390625
2018-02-18 15:00:00,310.634765625
2018-02-18 16:00:00,154.921875
2018-02-18 17:00:00,270.015625
2018-02-18 18:00:00,518.51171875
2018-02-18 19:00:00,324.873046875
2018-02-18 20:00:00,1020.89453125
2018-02-18 21:00:00,129.048828125
2018-02-18 22:00:00,705.443359375
2018-02-18 23:00:00,335.61328125
2018-02-19 00:00:00,291.041015625
2018-02-19 01:00:00,307.798828125
2018-02-19 02:00:00,366.9609375
2018-02-19 03:00:00,123.59375
2018-02-19 04:00:00,20.755859375
2018-02-19 05:00:00,255.40234375
2018-02-19 06:00:00,687.423828125
2018-02-19 07:00:00,701.912109375
2018-02-19 08:00:00,166.359375
2018-02-19 09:00:00,111.80078125
2018-02-19 10:00:00,39.2109375
2018-02-19 11:00:00,480.83984375
2018-02-19 12:00:00,273.90625
2018-02-19 13:00:00,48.34765625
2018-02-19 14:00:00,72.80859375
2018-02-19 15:00:00,380.01171875
2018-02-19 16:00:00,118.2578125
2018-02-19 17:00:00,21.25
2018-02-19 18:00:00,527.56640625
2018-02-19 19:00:00,291.2109375
2018-02-19 20:00:00,528.97265625
2018-02-19 21:00:00,469.6328125
2018-02-19 22:00:00,870.34375
2018-02-19 23:00:00,429.904296875
2018-02-20 00:00:00,212.7734375
2018-02-20 01:00:00,111.1875
2018-02-20 02:00:00,31.146484375
2018-02-20 03:00:00,267.052734375
2018-02-20 04:00:00,330.291015625
2018-02-20 05:00:00,43.193359375
2018-02-20 06:00:00,489.607421875
2018-02-20 07:00:00,852.435546875
2018-02-20 08:00:00,1084.6640625
2018-02-20 09:00:00,699.669921875
2018-02-20 10:00:00,747.056640625
2018-02-20 11:00:00,179.404296875
2018-02-20 12:00:00,412.404296875
2018-02-20 13:00:00,345.25
2018-02-20 14:00:00,129.7109375
2018-02-20 15:00:00,602.978515625
2018-02-20 16:00:00,391.958984375
2018-02-20 17:00:00,349.197265625
2018-02-20 18:00:00,58.77734375
2018-02-20 19:00:00,363.736328125
2018-02-20 20:00:00,1110.533203125
2018-02-20 21:00:00,4.4765625
2018-02-20 22:00:00,713.232421875
2018-02-20 23:00:00,194.58984375
2018-02-21 00:00:00,47.173828125
2018-02-21 01:00:00,182.345703125
2018-02-21 02:00:00,43.8828125
2018-02-21 03:00:00,511.712890625
2018-02-21 04:00:00,566.853515625
2018-02-21 05:00:00,333.447265625
2018-02-21 06:00:00,284.046875
2018-02-21 07:00:00,718.556640625
2018-02-21 08:00:00,844.990234375
2018-02-21 09:00:00,403.755859375
2018-02-21 10:00:00,41.751953125
2018-02-21 11:00:00,278.236328125
2018-02-21 12:00:00,685.33203125
2018-02-21 13:00:00,245.53515625
2018-02-21 14:00:00,215.85546875
2018-02-21 15:00:00,229.63671875
2018-02-21 16:00:00,261.810546875
2018-02-21 17:00:00,2.166015625
2018-02-21 18:00:00,25.21484375
2018-02-21 19:00:00,624.833984375
2018-02-21 20:00:00,701.107421875
2018-02-21 21:00:00,149.591796875
2018-02-21 22:00:00,552.95703125
2018-02-21 23:00:00,59.244140625
2018-02-22 00:00:00,103.884765625
2018-02-22 01:00:00,12.080078125
2018-02-22 02:00:00,68.576171875
2018-02-22 03:00:00,499.607421875
2018-02-22 04:00:00,458.46875
2018-02-22 05:00:00,358.474609375
2018-02-22 06:00:00,330.79296875
2018-02-22 07:00:00,940.39453125
2018-02-22 08:00:00,494.021484375
2018-02-22 09:00:00,93.404296875
2018-02-22 10:00:00,164.0625
2018-02-22 11:00:00,127.205078125
2018-02-22 12:00:00,200.89453125
2018-02-22 13:00:00,35.880859375
2018-02-22 14:00:00,50.6328125
2018-02-22 15:00:00,376.244140625
2018-02-22 16:00:00,226.185546875
2018-02-22 17:00:00,36.6015625
2018-02-22 18:00:00,352.9765625
2018-02-22 19:00:00,290.6953125
2018-02-22 20:00:00,40.94140625
2018-02-22 21:00:00,169.9140625
2018-02-22 22:00:00,196.841796875
2018-02-22 23:00:00,20.703125
2018-02-23 00:00:00,503.103515625
2018-02-23 01:00:00,530.083984375
2018-02-23 02:00:00,527.99609375
2018-02-23 03:00:00,451.0546875
2018-02-23 04:00:00,184.681640625
2018-02-23 05:00:00,261.7890625
2018-02-23 06:00:00,1156.021484375
2018-02-23 07:00:00,1159.32421875
2018-02-23 08:00:00,134.3125
2018-02-23 09:00:00,103.33984375
2018-02-23 10:00:00,279.51953125
2018-02-23 11:00:00,221.10546875
2018-02-23 12:00:00,199.65625
2018-02-23 13:00:00,143.5859375
2018-02-23 14:00:00,252.22265625
2018-02-23 15:00:00,592.8046875
2018-02-23 16:00:00,335.80078125
2018-02-23 17:00:00,319.453125
2018-02-23 18:00:00,7.10546875
2018-02-23 19:00:00,376.70703125
2018-02-23 20:00:00,744.52734375
2018-02-23 21:00:00,84.193359375
2018-02-23 22:00:00,412.46875
2018-02-23 23:00:00,184.810546875
2018-02-24 00:00:00,69.4453125
2018-02-24 01:00:00,71.29296875
2018-02-24 02:00:00,5.98046875
2018-02-24 03:00:00,176.7734375
2018-02-24 04:00:00,290.5234375
2018-02-24 05:00:00,351.787109375
2018-02-24 06:00:00,232.46484375
2018-02-24 07:00:00,145.099609375
2018-02-24 08:00:00,479.78125
2018-02-24 09:00:00,159.6640625
2018-02-24 10:00:00,550.162109375
2018-02-24 11:00:00,89.822265625
2018-02-24 12:00:00,518.046875
2018-02-24 13:00:00,389.771484375
2018-02-24 14:00:00,241.033203125
2018-02-24 15:00:00,559.927734375
2018-02-24 16:00:00,139.6953125
2018-02-24 17:00:00,78.857421875
2018-02-24 18:00:00,38.533203125
2018-02-24 19:00:00,301.49609375
2018-02-24 20:00:00,1018.17578125
2018-02-24 21:00:00,10.73046875
2018-02-24 22:00:00,345.845703125
2018-02-24 23:00:00,107.404296875
2018-02-25 00:00:00,258.896484375
2018-02-25 01:00:00,157.439453125
2018-02-25 02:00:00,361.697265625
2018-02-25 03:00:00,27.552734375
2018-02-25 04:00:00,59.43359375
2018-02-25 05:00:00,165.044921875
2018-02-25 06:00:00,150.337890625
2018-02-25 07:00:00,76.669921875
2018-02-25 08:00:00,191.623046875
2018-02-25 09:00:00,692.03125
2018-02-25 10:00:00,33.435546875
2018-02-25 11:00:00,23.263671875
2018-02-25 12:00:00,90.390625
2018-02-25 13:00:00,19.75
2018-02-25 14:00:00,109.138671875
2018-02-25 15:00:00,102.29296875
2018-02-25 16:00:00,123.72265625
2018-02-25 17:00:00,356.923828125
2018-02-25 18:00:00,528.849609375
2018-02-25 19:00:00,262.0234375
2018-02-25 20:00:00,606.6640625
2018-02-25 21:00:00,90.08203125
2018-02-25 22:00:00,569.30859375
2018-02-25 23:00:00,34.134765625
2018-02-26 00:00:00,285.3515625
2018-02-26 01:00:00,386.650390625
2018-02-26 02:00:00,447.78515625
2018-02-26 03:00:00,185.5859375
2018-02-26 04:00:00,46.568359375
2018-02-26 05:00:00,338.02734375
2018-02-26 06:00:00,838.068359375
2018-02-26 07:00:00,1493.919921875
2018-02-26 08:00:00,143.1171875
2018-02-26 09:00:00,11.416015625
2018-02-26 10:00:00,56.765625
2018-02-26 11:00:00,232.5234375
2018-02-26 12:00:00,27.033203125
2018-02-26 13:00:00,98.44140625
2018-02-26 14:00:00,127.638671875
2018-02-26 15:00:00,84.771484375
2018-02-26 16:00:00,219.919921875
2018-02-26 17:00:00,123.5
2018-02-26 18:00:00,299.857421875
2018-02-26 19:00:00,1028.810546875
2018-02-26 20:00:00,274.6328125
2018-02-26 21:00:00,359.609375
2018-02-26 22:00:00,411.431640625
2018-02-26 23:00:00,273.3828125
2018-02-27 00:00:00,604.4921875
2018-02-27 01:00:00,434.697265625
2018-02-27 02:00:00,672.138671875
2018-02-27 03:00:00,288.802734375
2018-02-27 04:00:00,38.779296875
2018-02-27 05:00:00,370.4765625
2018-02-27 06:00:00,918.1875
2018-02-27 07:00:00,1414.5078125
2018-02-27 08:00:00,976.66796875
2018-02-27 09:00:00,1446.359375
2018-02-27 10:00:00,541.859375
2018-02-27 11:00:00,66.7109375
2018-02-27 12:00:00,269.75390625
2018-02-27 13:00:00,62.025390625
2018-02-27 14:00:00,74.548828125
2018-02-27 15:00:00,606.677734375
2018-02-27 16:00:00,313.107421875
2018-02-27 17:00:00,191.13671875
2018-02-27 18:00:00,250.107421875
2018-02-27 19:00:00,717.22265625
2018-02-27 20:00:00,771.8515625
2018-02-27 21:00:00,34.33984375
2018-02-27 22:00:00,775.708984375
2018-02-27 23:00:00,522.501953125
2018-02-28 00:00:00,297.244140625
2018-02-28 01:00:00,67.712890625
2018-02-28 02:00:00,228.64453125
2018-02-28 03:00:00,82.833984375
2018-02-28 04:00:00,325.44140625
2018-02-28 05:00:00,55.517578125
2018-02-28 06:00:00,735.619140625
2018-02-28 07:00:00,1161.57421875
2018-02-28 08:00:00,566.7734375
2018-02-28 09:00:00,669.39453125
2018-02-28 10:00:00,593.22265625
2018-02-28 11:00:00,26.818359375
2018-02-28 12:00:00,453.048828125
2018-02-28 13:00:00,177.724609375
2018-02-28 14:00:00,262.42578125
2018-02-28 15:00:00,374.876953125
2018-02-28 16:00:00,66.599609375
2018-02-28 17:00:00,278.345703125
2018-02-28 18:00:00,153.595703125
2018-02-28 19:00:00,482.564453125
2018-02-28 20:00:00,908.46484375
2018-02-28 21:00:00,25.892578125
2018-02-28 22:00:00,541.46484375
2018-02-28 23:00:00,511.01953125
2018-03-01 00:00:00,248.76953125
2018-03-01 01:00:00,147.9765625
2018-03-01 02:00:00,65.291015625
2018-03-01 03:00:00,187.9140625
2018-03-01 04:00:00,365.3671875
2018-03-01 05:00:00,187.92578125
2018-03-01 06:00:00,664.076171875
2018-03-01 07:00:00,995.359375
2018-03-01 08:00:00,629.38671875
2018-03-01 09:00:00,419.109375
2018-03-01 10:00:00,32.330078125
2018-03-01 11:00:00,4.958984375
2018-03-01 12:00:00,393.400390625
2018-03-01 13:00:00,97.1640625
2018-03-01 14:00:00,381.484375
2018-03-01 15:00:00,345.162109375
2018-03-01 16:00:00,323.923828125
2018-03-01 17:00:00,212.341796875
2018-03-01 18:00:00,172.84375
2018-03-01 19:00:00,102.9375
2018-03-01 20:00:00,353.5546875
2018-03-01 21:00:00,124.25
2018-03-01 22:00:00,478.228515625
2018-03-01 23:00:00,44.26171875
2018-03-02 00:00:00,240.732421875
2018-03-02 01:00:00,243.2421875
2018-03-02 02:00:00,365.01953125
2018-03-02 03:00:00,92.994140625
2018-03-02 04:00:00,35.474609375
2018-03-02 05:00:00,100.4296875
2018-03-02 06:00:00,848.607421875
2018-03-02 07:00:00,1149.416015625
2018-03-02 08:00:00,72.958984375
2018-03-02 09:00:00,436.453125
2018-03-02 10:00:00,156.79296875
2018-03-02 11:00:00,7.44921875
2018-03-02 12:00:00,205.76171875
2018-03-02 13:00:00,9.6328125
2018-03-02 14:00:00,57.4765625
2018-03-02 15:00:00,705.49609375
2018-03-02 16:00:00,340.98828125
2018-03-02 17:00:00,186.390625
2018-03-02 18:00:00,299.66015625
2018-03-02 19:00:00,301.6640625
2018-03-02 20:00:00,399.28515625
2018-03-02 21:00:00,70.71484375
2018-03-02 22:00:00,225.591796875
2018-03-02 23:00:00,39.30859375
2018-03-03 00:00:00,305.41796875
2018-03-03 01:00:00,303.517578125
2018-03-03 02:00:00,416.650390625
2018-03-03 03:00:00,130.005859375
2018-03-03 04:00:00,215.572265625
2018-03-03 05:00:00,81.01953125
2018-03-03 06:00:00,193.201171875
2018-03-03 07:00:00,111.818359375
2018-03-03 08:00:00,455.0
2018-03-03 09:00:00,189.478515625
2018-03-03 10:00:00,937.876953125
2018-03-03 11:00:00,452.970703125
2018-03-03 12:00:00,584.802734375
2018-03-03 13:00:00,260.73046875
2018-03-03 14:00:00,442.533203125
2018-03-03 15:00:00,164.76953125
2018-03-03 16:00:00,78.873046875
2018-03-03 17:00:00,77.5234375
2018-03-03 18:00:00,118.798828125
2018-03-03 19:00:00,380.037109375
2018-03-03 20:00:00,971.654296875
2018-03-03 21:00:00,37.8984375
2018-03-03 22:00:00,526.32421875
2018-03-03 23:00:00,301.185546875
2018-03-04 00:00:00,138.27734375
2018-03-04 01:00:00,233.751953125
2018-03-04 02:00:00,297.396484375
2018-03-04 03:00:00,139.0078125
2018-03-04 04:00:00,39.302734375
2018-03-04 05:00:00,47.056640625
2018-03-04 06:00:00,82.466796875
2018-03-04 07:00:00,80.435546875
2018-03-04 08:00:00,46.18359375
2018-03-04 09:00:00,359.142578125
2018-03-04 10:00:00,175.744140625
2018-03-04 11:00:00,100.97265625
2018-03-04 12:00:00,92.435546875
2018-03-04 13:00:00,240.697265625
2018-03-04 14:00:00,31.9921875
2018-03-04 15:00:00,14.802734375
2018-03-04 16:00:00,243.720703125
2018-03-04 17:00:00,532.162109375
2018-03-04 18:00:00,672.1171875
2018-03-04 19:00:00,1036.59375
2018-03-04 20:00:00,570.453125
2018-03-04 21:00:00,23.4921875
2018-03-04 22:00:00,692.833984375
2018-03-04 23:00:00,307.19140625
2018-03-05 00:00:00,442.931640625
2018-03-05 01:00:00,460.671875
2018-03-05 02:00:00,770.826171875
2018-03-05 03:00:00,387.7265625
2018-03-05 04:00:00,224.55859375
2018-03-05 05:00:00,648.890625
2018-03-05 06:00:00,1258.443359375
2018-03-05 07:00:00,1969.904296875
2018-03-05 08:00:00,311.15234375
2018-03-05 09:00:00,402.640625
2018-03-05 10:00:00,134.4375
2018-03-05 11:00:00,413.826171875
2018-03-05 12:00:00,294.490234375
2018-03-05 13:00:00,348.890625
2018-03-05 14:00:00,13.97265625
2018-03-05 15:00:00,419.28125
2018-03-05 16:00:00,125.17578125
2018-03-05 17:00:00,34.98046875
2018-03-05 18:00:00,416.66015625
2018-03-05 19:00:00,1122.66796875
2018-03-05 20:00:00,546.6640625
2018-03-05 21:00:00,15.2734375
2018-03-05 22:00:00,893.0625
2018-03-05 23:00:00,588.83203125
2018-03-06 00:00:00,246.43359375
2018-03-06 01:00:00,107.0703125
2018-03-06 02:00:00,444.25390625
2018-03-06 03:00:00,244.04296875
2018-03-06 04:00:00,171.923828125
2018-03-06 05:00:00,21.21484375
2018-03-06 06:00:00,705.416015625
2018-03-06 07:00:00,1187.6875
2018-03-06 08:00:00,910.8828125
2018-03-06 09:00:00,1153.203125
2018-03-06 10:00:00,262.64453125
2018-03-06 11:00:00,182.40625
2018-03-06 12:00:00,299.373046875
2018-03-06 13:00:00,55.38671875
2018-03-06 14:00:00,125.1640625
2018-03-06 15:00:00,634.384765625
2018-03-06 16:00:00,350.220703125
2018-03-06 17:00:00,284.400390625
2018-03-06 18:00:00,53.8828125
2018-03-06 19:00:00,286.4453125
2018-03-06 20:00:00,718.79296875
2018-03-06 21:00:00,210.1875
2018-03-06 22:00:00,669.6328125
2018-03-06 23:00:00,467.25
2018-03-07 00:00:00,22.3828125
2018-03-07 01:00:00,127.05078125
2018-03-07 02:00:00,72.3984375
2018-03-07 03:00:00,129.20703125
2018-03-07 04:00:00,490.19921875
2018-03-07 05:00:00,64.361328125
2018-03-07 06:00:00,361.048828125
2018-03-07 07:00:00,594.5390625
2018-03-07 08:00:00,238.11328125
2018-03-07 09:00:00,216.09375
2018-03-07 10:00:00,2.76953125
2018-03-07 11:00:00,24.265625
2018-03-07 12:00:00,25.3828125
2018-03-07 13:00:00,103.69140625
2018-03-07 14:00:00,549.953125
2018-03-07 15:00:00,528.41796875
2018-03-07 16:00:00,377.36328125
2018-03-07 17:00:00,261.41796875
2018-03-07 18:00:00,304.546875
2018-03-07 19:00:00,437.5078125
2018-03-07 20:00:00,854.875
2018-03-07 21:00:00,34.328125
2018-03-07 22:00:00,806.2890625
2018-03-07 23:00:00,588.171875
2018-03-08 00:00:00,161.5859375
2018-03-08 01:00:00,7.41015625
2018-03-08 02:00:00,448.267578125
2018-03-08 03:00:00,70.1875
2018-03-08 04:00:00,144.443359375
2018-03-08 05:00:00,109.49609375
2018-03-08 06:00:00,532.0625
2018-03-08 07:00:00,493.291015625
2018-03-08 08:00:00,863.453125
2018-03-08 09:00:00,1171.0
2018-03-08 10:00:00,614.7421875
2018-03-08 11:00:00,375.10546875
2018-03-08 12:00:00,113.087890625
2018-03-08 13:00:00,91.43359375
2018-03-08 14:00:00,119.392578125
2018-03-08 15:00:00,653.150390625
2018-03-08 16:00:00,692.5703125
2018-03-08 17:00:00,79.7265625
2018-03-08 18:00:00,201.87109375
2018-03-08 19:00:00,785.6640625
2018-03-08 20:00:00,435.1328125
2018-03-08 21:00:00,92.49609375
2018-03-08 22:00:00,667.671875
2018-03-08 23:00:00,522.87109375
2018-03-09 00:00:00,334.8671875
2018-03-09 01:00:00,113.849609375
2018-03-09 02:00:00,319.115234375
2018-03-09 03:00:00,40.40234375
2018-03-09 04:00:00,254.9375
2018-03-09 05:00:00,58.951171875
2018-03-09 06:00:00,596.091796875
2018-03-09 07:00:00,958.671875
2018-03-09 08:00:00,636.0078125
2018-03-09 09:00:00,784.74609375
2018-03-09 10:00:00,209.9921875
2018-03-09 11:00:00,6.55078125
2018-03-09 12:00:00,151.23828125
2018-03-09 13:00:00,78.78125
2018-03-09 14:00:00,49.34375
2018-03-09 15:00:00,840.87109375
2018-03-09 16:00:00,379.580078125
2018-03-09 17:00:00,386.53125
2018-03-09 18:00:00,84.375
2018-03-09 19:00:00,519.53515625
2018-03-09 20:00:00,830.1640625
2018-03-09 21:00:00,138.51171875
2018-03-09 22:00:00,590.375
2018-03-09 23:00:00,592.42578125
2018-03-10 00:00:00,31.712890625
2018-03-10 01:00:00,15.701171875
2018-03-10 02:00:00,170.048828125
2018-03-10 03:00:00,265.28515625
2018-03-10 04:00:00,365.423828125
2018-03-10 05:00:00,427.958984375
2018-03-10 06:00:00,194.544921875
2018-03-10 07:00:00,310.537109375
2018-03-10 08:00:00,695.12109375
2018-03-10 09:00:00,383.767578125
2018-03-10 10:00:00,596.6171875
2018-03-10 11:00:00,489.4296875
2018-03-10 12:00:00,121.25
2018-03-10 13:00:00,864.765625
2018-03-10 14:00:00,272.517578125
2018-03-10 15:00:00,503.228515625
2018-03-10 16:00:00,295.453125
2018-03-10 17:00:00,156.16796875
2018-03-10 18:00:00,55.171875
2018-03-10 19:00:00,466.263671875
2018-03-10 20:00:00,1061.92578125
2018-03-10 21:00:00,169.015625
2018-03-10 22:00:00,827.080078125
2018-03-10 23:00:00,424.3046875
2018-03-11 00:00:00,78.97265625
2018-03-11 01:00:00,541.86328125
2018-03-11 02:00:00,870.6640625
2018-03-11 03:00:00,123.876953125
2018-03-11 04:00:00,269.341796875
2018-03-11 05:00:00,112.091796875
2018-03-11 06:00:00,98.94140625
2018-03-11 07:00:00,153.177734375
2018-03-11 08:00:00,259.9765625
2018-03-11 09:00:00,327.068359375
2018-03-11 10:00:00,462.265625
2018-03-11 11:00:00,35.56640625
2018-03-11 12:00:00,18.615234375
2018-03-11 13:00:00,42.0390625
2018-03-11 14:00:00,114.080078125
2018-03-11 15:00:00,271.615234375
2018-03-11 16:00:00,24.044921875
2018-03-11 17:00:00,68.466796875
2018-03-11 18:00:00,237.09375
2018-03-11 19:00:00,195.8671875
2018-03-11 20:00:00,1143.08984375
2018-03-11 21:00:00,744.41796875
2018-03-11 22:00:00,514.810546875
2018-03-11 23:00:00,742.75390625
2018-03-12 00:00:00,67.318359375
2018-03-12 01:00:00,1058.30078125
2018-03-12 02:00:00,79.412109375
2018-03-12 03:00:00,540.6328125
2018-03-12 04:00:00,107.40625
2018-03-12 05:00:00,325.671875
2018-03-12 06:00:00,1162.685546875
2018-03-12 07:00:00,2030.724609375
2018-03-12 08:00:00,568.921875
2018-03-12 09:00:00,395.0546875
2018-03-12 10:00:00,240.46875
2018-03-12 11:00:00,176.5234375
2018-03-12 12:00:00,564.421875
2018-03-12 13:00:00,560.29296875
2018-03-12 14:00:00,113.2890625
2018-03-12 15:00:00,53.81640625
2018-03-12 16:00:00,57.66015625
2018-03-12 17:00:00,168.125
2018-03-12 18:00:00,271.17578125
2018-03-12 19:00:00,321.4140625
2018-03-12 20:00:00,1036.1796875
2018-03-12 21:00:00,453.19921875
2018-03-12 22:00:00,188.0859375
2018-03-12 23:00:00,651.40234375
2018-03-13 00:00:00,86.716796875
2018-03-13 01:00:00,145.935546875
2018-03-13 02:00:00,253.193359375
2018-03-13 03:00:00,62.32421875
2018-03-13 04:00:00,250.177734375
2018-03-13 05:00:00,97.75
2018-03-13 06:00:00,486.6875
2018-03-13 07:00:00,1177.08984375
2018-03-13 08:00:00,224.93359375
2018-03-13 09:00:00,709.453125
2018-03-13 10:00:00,522.13671875
2018-03-13 11:00:00,405.94140625
2018-03-13 12:00:00,20.4453125
2018-03-13 13:00:00,191.99609375
2018-03-13 14:00:00,48.01953125
2018-03-13 15:00:00,422.98828125
2018-03-13 16:00:00,552.9921875
2018-03-13 17:00:00,418.37890625
2018-03-13 18:00:00,202.3046875
2018-03-13 19:00:00,381.78125
2018-03-13 20:00:00,1239.65234375
2018-03-13 21:00:00,789.984375
2018-03-13 22:00:00,221.73828125
2018-03-13 23:00:00,953.8203125
2018-03-14 00:00:00,9.35546875
2018-03-14 01:00:00,274.275390625
2018-03-14 02:00:00,277.626953125
2018-03-14 03:00:00,45.19921875
2018-03-14 04:00:00,334.205078125
2018-03-14 05:00:00,172.2734375
2018-03-14 06:00:00,520.064453125
2018-03-14 07:00:00,1201.9140625
2018-03-14 08:00:00,476.984375
2018-03-14 09:00:00,1156.046875
2018-03-14 10:00:00,534.98046875
2018-03-14 11:00:00,148.6015625
2018-03-14 12:00:00,357.40234375
2018-03-14 13:00:00,220.90234375
2018-03-14 14:00:00,104.50390625
2018-03-14 15:00:00,693.87890625
2018-03-14 16:00:00,330.05078125
2018-03-14 17:00:00,221.265625
2018-03-14 18:00:00,15.421875
2018-03-14 19:00:00,107.26171875
2018-03-14 20:00:00,988.44921875
2018-03-14 21:00:00,591.73828125
2018-03-14 22:00:00,188.9453125
2018-03-14 23:00:00,1068.75390625
2018-03-15 00:00:00,208.98046875
2018-03-15 01:00:00,127.412109375
2018-03-15 02:00:00,217.69140625
2018-03-15 03:00:00,179.673828125
2018-03-15 04:00:00,321.5
2018-03-15 05:00:00,382.8046875
2018-03-15 06:00:00,556.826171875
2018-03-15 07:00:00,1131.484375
2018-03-15 08:00:00,537.66796875
2018-03-15 09:00:00,1187.578125
2018-03-15 10:00:00,733.51953125
2018-03-15 11:00:00,327.6171875
2018-03-15 12:00:00,385.857421875
2018-03-15 13:00:00,182.697265625
2018-03-15 14:00:00,122.10546875
2018-03-15 15:00:00,573.158203125
2018-03-15 16:00:00,917.7578125
2018-03-15 17:00:00,720.44921875
2018-03-15 18:00:00,737.05078125
2018-03-15 19:00:00,297.625
2018-03-15 20:00:00,740.90625
2018-03-15 21:00:00,801.55859375
2018-03-15 22:00:00,572.95703125
2018-03-15 23:00:00,1101.716796875
2018-03-16 00:00:00,167.248046875
2018-03-16 01:00:00,113.875
2018-03-16 02:00:00,70.8828125
2018-03-16 03:00:00,24.1796875
2018-03-16 04:00:00,425.25
2018-03-16 05:00:00,4.3046875
2018-03-16 06:00:00,306.755859375
2018-03-16 07:00:00,1360.15234375
2018-03-16 08:00:00,462.8359375
2018-03-16 09:00:00,767.46484375
2018-03-16 10:00:00,559.60546875
2018-03-16 11:00:00,126.078125
2018-03-16 12:00:00,26.6640625
2018-03-16 13:00:00,62.994140625
2018-03-16 14:00:00,117.654296875
2018-03-16 15:00:00,732.994140625
2018-03-16 16:00:00,399.888671875
2018-03-16 17:00:00,413.125
2018-03-16 18:00:00,530.06640625
2018-03-16 19:00:00,33.779296875
2018-03-16 20:00:00,926.21875
2018-03-16 21:00:00,540.71484375
2018-03-16 22:00:00,301.359375
2018-03-16 23:00:00,647.24609375
2018-03-17 00:00:00,375.0078125
2018-03-17 01:00:00,250.216796875
2018-03-17 02:00:00,190.98828125
2018-03-17 03:00:00,45.42578125
2018-03-17 04:00:00,278.685546875
2018-03-17 05:00:00,358.708984375
2018-03-17 06:00:00,255.609375
2018-03-17 07:00:00,12.861328125
2018-03-17 08:00:00,505.5390625
2018-03-17 09:00:00,650.19140625
2018-03-17 10:00:00,1092.69140625
2018-03-17 11:00:00,231.142578125
2018-03-17 12:00:00,300.2890625
2018-03-17 13:00:00,368.8125
2018-03-17 14:00:00,51.134765625
2018-03-17 15:00:00,269.953125
2018-03-17 16:00:00,321.59375
2018-03-17 17:00:00,651.794921875
2018-03-17 18:00:00,394.037109375
2018-03-17 19:00:00,495.990234375
2018-03-17 20:00:00,946.3828125
2018-03-17 21:00:00,851.34765625
2018-03-17 22:00:00,389.65625
2018-03-17 23:00:00,591.5546875
2018-03-18 00:00:00,420.501953125
2018-03-18 01:00:00,118.421875
2018-03-18 02:00:00,203.376953125
2018-03-18 03:00:00,113.142578125
2018-03-18 04:00:00,38.783203125
2018-03-18 05:00:00,234.12890625
2018-03-18 06:00:00,19.015625
2018-03-18 07:00:00,40.38671875
2018-03-18 08:00:00,349.76953125
2018-03-18 09:00:00,433.71875
2018-03-18 10:00:00,569.431640625
2018-03-18 11:00:00,208.908203125
2018-03-18 12:00:00,80.138671875
2018-03-18 13:00:00,29.740234375
2018-03-18 14:00:00,28.11328125
2018-03-18 15:00:00,244.220703125
2018-03-18 16:00:00,36.72265625
2018-03-18 17:00:00,72.12109375
2018-03-18 18:00:00,116.548828125
2018-03-18 19:00:00,119.103515625
2018-03-18 20:00:00,1101.501953125
2018-03-18 21:00:00,498.158203125
2018-03-18 22:00:00,760.2109375
2018-03-18 23:00:00,564.76953125
2018-03-19 00:00:00,104.224609375
2018-03-19 01:00:00,535.751953125
2018-03-19 02:00:00,610.806640625
2018-03-19 03:00:00,346.41015625
2018-03-19 04:00:00,182.91796875
2018-03-19 05:00:00,373.640625
2018-03-19 06:00:00,1119.5078125
2018-03-19 07:00:00,1916.173828125
2018-03-19 08:00:00,125.890625
2018-03-19 09:00:00,610.40234375
2018-03-19 10:00:00,537.75390625
2018-03-19 11:00:00,39.345703125
2018-03-19 12:00:00,549.98046875
2018-03-19 13:00:00,386.81640625
2018-03-19 14:00:00,428.138671875
2018-03-19 15:00:00,250.501953125
2018-03-19 16:00:00,34.630859375
2018-03-19 17:00:00,31.68359375
2018-03-19 18:00:00,113.642578125
2018-03-19 19:00:00,30.341796875
2018-03-19 20:00:00,1338.51171875
2018-03-19 21:00:00,371.0078125
2018-03-19 22:00:00,360.599609375
2018-03-19 23:00:00,655.359375
2018-03-20 00:00:00,39.8515625
2018-03-20 01:00:00,431.87890625
2018-03-20 02:00:00,401.48828125
2018-03-20 03:00:00,11.005859375
2018-03-20 04:00:00,10.8125
2018-03-20 05:00:00,93.408203125
2018-03-20 06:00:00,746.0390625
2018-03-20 07:00:00,1442.587890625
2018-03-20 08:00:00,56.16015625
2018-03-20 09:00:00,140.6171875
2018-03-20 10:00:00,215.4375
2018-03-20 11:00:00,114.8515625
2018-03-20 12:00:00,581.65625
2018-03-20 13:00:00,224.80859375
2018-03-20 14:00:00,325.63671875
2018-03-20 15:00:00,24.3046875
2018-03-20 16:00:00,111.12109375
2018-03-20 17:00:00,337.91796875
2018-03-20 18:00:00,407.94921875
2018-03-20 19:00:00,407.48828125
2018-03-20 20:00:00,1116.0703125
2018-03-20 21:00:00,210.453125
2018-03-20 22:00:00,2.7421875
2018-03-20 23:00:00,437.3125
2018-03-21 00:00:00,99.77734375
2018-03-21 01:00:00,260.373046875
2018-03-21 02:00:00,254.54296875
2018-03-21 03:00:00,23.419921875
2018-03-21 04:00:00,158.12109375
2018-03-21 05:00:00,152.466796875
2018-03-21 06:00:00,193.52734375
2018-03-21 07:00:00,28.13671875
2018-03-21 08:00:00,433.8046875
2018-03-21 09:00:00,217.83203125
2018-03-21 10:00:00,156.72265625
2018-03-21 11:00:00,81.89453125
2018-03-21 12:00:00,285.33984375
2018-03-21 13:00:00,523.5859375
2018-03-21 14:00:00,597.08984375
2018-03-21 15:00:00,537.03125
2018-03-21 16:00:00,502.64453125
2018-03-21 17:00:00,44.15234375
2018-03-21 18:00:00,72.95703125
2018-03-21 19:00:00,323.1015625
2018-03-21 20:00:00,941.265625
2018-03-21 21:00:00,842.30078125
2018-03-21 22:00:00,431.9609375
2018-03-21 23:00:00,636.234375
2018-03-22 00:00:00,224.654296875
2018-03-22 01:00:00,309.375
2018-03-22 02:00:00,62.62890625
2018-03-22 03:00:00,22.2890625
2018-03-22 04:00:00,279.998046875
2018-03-22 05:00:00,175.365234375
2018-03-22 06:00:00,347.27734375
2018-03-22 07:00:00,453.8359375
2018-03-22 08:00:00,487.43359375
2018-03-22 09:00:00,576.640625
2018-03-22 10:00:00,1304.6015625
2018-03-22 11:00:00,411.5703125
2018-03-22 12:00:00,363.39453125
2018-03-22 13:00:00,278.03125
2018-03-22 14:00:00,243.587890625
2018-03-22 15:00:00,642.0390625
2018-03-22 16:00:00,627.865234375
2018-03-22 17:00:00,408.755859375
2018-03-22 18:00:00,358.0546875
2018-03-22 19:00:00,400.095703125
2018-03-22 20:00:00,747.69140625
2018-03-22 21:00:00,495.73828125
2018-03-22 22:00:00,952.98828125
2018-03-22 23:00:00,641.275390625
2018-03-23 00:00:00,563.037109375
2018-03-23 01:00:00,474.138671875
2018-03-23 02:00:00,145.076171875
2018-03-23 03:00:00,122.421875
2018-03-23 04:00:00,268.75
2018-03-23 05:00:00,86.005859375
2018-03-23 06:00:00,603.607421875
2018-03-23 07:00:00,1054.55078125
2018-03-23 08:00:00,611.79296875
2018-03-23 09:00:00,1135.75390625
2018-03-23 10:00:00,881.453125
2018-03-23 11:00:00,280.375
2018-03-23 12:00:00,11.0078125
2018-03-23 13:00:00,45.087890625
2018-03-23 14:00:00,21.833984375
2018-03-23 15:00:00,622.267578125
2018-03-23 16:00:00,288.55078125
2018-03-23 17:00:00,464.185546875
2018-03-23 18:00:00,484.580078125
2018-03-23 19:00:00,263.15234375
2018-03-23 20:00:00,599.158203125
2018-03-23 21:00:00,409.69140625
2018-03-23 22:00:00,465.984375
2018-03-23 23:00:00,460.619140625
2018-03-24 00:00:00,311.73046875
2018-03-24 01:00:00,212.28125
2018-03-24 02:00:00,252.548828125
2018-03-24 03:00:00,49.1171875
2018-03-24 04:00:00,149.310546875
2018-03-24 05:00:00,342.283203125
2018-03-24 06:00:00,50.1171875
2018-03-24 07:00:00,51.556640625
2018-03-24 08:00:00,514.74609375
2018-03-24 09:00:00,579.982421875
2018-03-24 10:00:00,702.546875
2018-03-24 11:00:00,363.5546875
2018-03-24 12:00:00,290.859375
2018-03-24 13:00:00,25.669921875
2018-03-24 14:00:00,208.53515625
2018-03-24 15:00:00,110.59765625
2018-03-24 16:00:00,206.638671875
2018-03-24 17:00:00,62.837890625
2018-03-24 18:00:00,81.8359375
2018-03-24 19:00:00,61.896484375
2018-03-24 20:00:00,694.896484375
2018-03-24 21:00:00,566.8984375
2018-03-24 22:00:00,487.591796875
2018-03-24 23:00:00,299.615234375
2018-03-25 00:00:00,151.208984375
2018-03-25 01:00:00,389.5390625
2018-03-25 02:00:00,403.171875
2018-03-25 03:00:00,273.0390625
2018-03-25 04:00:00,13.4765625
2018-03-25 05:00:00,63.57421875
2018-03-25 06:00:00,24.35546875
2018-03-25 07:00:00,92.986328125
2018-03-25 08:00:00,77.271484375
2018-03-25 09:00:00,314.970703125
2018-03-25 10:00:00,281.4375
2018-03-25 11:00:00,49.083984375
2018-03-25 12:00:00,6.548828125
2018-03-25 13:00:00,419.326171875
2018-03-25 14:00:00,17.03515625
2018-03-25 15:00:00,27.080078125
2018-03-25 16:00:00,376.19140625
2018-03-25 17:00:00,300.029296875
2018-03-25 18:00:00,245.056640625
2018-03-25 19:00:00,176.275390625
2018-03-25 20:00:00,824.517578125
2018-03-25 21:00:00,87.865234375
2018-03-25 22:00:00,796.515625
2018-03-25 23:00:00,293.880859375
2018-03-26 00:00:00,25.453125
2018-03-26 01:00:00,631.076171875
2018-03-26 02:00:00,679.0625
2018-03-26 03:00:00,455.349609375
2018-03-26 04:00:00,268.8125
2018-03-26 05:00:00,466.9140625
2018-03-26 06:00:00,1110.5859375
2018-03-26 07:00:00,1993.50390625
2018-03-26 08:00:00,128.078125
2018-03-26 09:00:00,864.37890625
2018-03-26 10:00:00,588.59765625
2018-03-26 11:00:00,65.3046875
2018-03-26 12:00:00,225.166015625
2018-03-26 13:00:00,351.70703125
2018-03-26 14:00:00,40.953125
2018-03-26 15:00:00,415.314453125
2018-03-26 16:00:00,304.1015625
2018-03-26 17:00:00,88.390625
2018-03-26 18:00:00,10.205078125
2018-03-26 19:00:00,26.76953125
2018-03-26 20:00:00,1246.705078125
2018-03-26 21:00:00,151.390625
2018-03-26 22:00:00,714.24609375
2018-03-26 23:00:00,740.23828125
2018-03-27 00:00:00,34.36328125
2018-03-27 01:00:00,274.5546875
2018-03-27 02:00:00,438.185546875
2018-03-27 03:00:00,16.41796875
2018-03-27 04:00:00,119.201171875
2018-03-27 05:00:00,26.232421875
2018-03-27 06:00:00,572.6015625
2018-03-27 07:00:00,1351.09765625
2018-03-27 08:00:00,499.3203125
2018-03-27 09:00:00,635.5625
2018-03-27 10:00:00,836.24609375
2018-03-27 11:00:00,293.359375
2018-03-27 12:00:00,840.318359375
2018-03-27 13:00:00,130.150390625
2018-03-27 14:00:00,260.3671875
2018-03-27 15:00:00,557.55859375
2018-03-27 16:00:00,265.466796875
2018-03-27 17:00:00,147.892578125
2018-03-27 18:00:00,373.9296875
2018-03-27 19:00:00,24.91015625
2018-03-27 20:00:00,664.66796875
2018-03-27 21:00:00,749.2734375
2018-03-27 22:00:00,263.51171875
2018-03-27 23:00:00,1205.552734375
2018-03-28 00:00:00,110.462890625
2018-03-28 01:00:00,49.4296875
2018-03-28 02:00:00,150.720703125
2018-03-28 03:00:00,167.796875
2018-03-28 04:00:00,320.380859375
2018-03-28 05:00:00,102.65234375
2018-03-28 06:00:00,416.267578125
2018-03-28 07:00:00,923.5234375
2018-03-28 08:00:00,549.234375
2018-03-28 09:00:00,685.01171875
2018-03-28 10:00:00,457.91015625
2018-03-28 11:00:00,691.78125
2018-03-28 12:00:00,454.62109375
2018-03-28 13:00:00,524.7578125
2018-03-28 14:00:00,128.923828125
2018-03-28 15:00:00,276.484375
2018-03-28 16:00:00,750.275390625
2018-03-28 17:00:00,385.396484375
2018-03-28 18:00:00,382.140625
2018-03-28 19:00:00,485.96875
2018-03-28 20:00:00,397.966796875
2018-03-28 21:00:00,592.740234375
2018-03-28 22:00:00,713.251953125
2018-03-28 23:00:00,508.833984375
2018-03-29 00:00:00,6.00390625
2018-03-29 01:00:00,67.76953125
2018-03-29 02:00:00,41.615234375
2018-03-29 03:00:00,128.294921875
2018-03-29 04:00:00,269.107421875
2018-03-29 05:00:00,98.966796875
2018-03-29 06:00:00,552.13671875
2018-03-29 07:00:00,625.33203125
2018-03-29 08:00:00,635.07421875
2018-03-29 09:00:00,668.115234375
2018-03-29 10:00:00,443.71875
2018-03-29 11:00:00,252.32421875
2018-03-29 12:00:00,147.431640625
2018-03-29 13:00:00,227.033203125
2018-03-29 14:00:00,305.498046875
2018-03-29 15:00:00,274.169921875
2018-03-29 16:00:00,412.048828125
2018-03-29 17:00:00,289.30859375
2018-03-29 18:00:00,293.23046875
2018-03-29 19:00:00,302.2109375
2018-03-29 20:00:00,754.89453125
2018-03-29 21:00:00,467.0
2018-03-29 22:00:00,499.953125
2018-03-29 23:00:00,323.080078125
2018-03-30 00:00:00,56.81640625
2018-03-30 01:00:00,35.828125
2018-03-30 02:00:00,76.91015625
2018-03-30 03:00:00,327.509765625
2018-03-30 04:00:00,572.890625
2018-03-30 05:00:00,382.54296875
2018-03-30 06:00:00,161.498046875
2018-03-30 07:00:00,10.416015625
2018-03-30 08:00:00,763.16015625
2018-03-30 09:00:00,40.67578125
2018-03-30 10:00:00,83.44140625
2018-03-30 11:00:00,60.94140625
2018-03-30 12:00:00,260.03515625
2018-03-30 13:00:00,205.98828125
2018-03-30 14:00:00,25.033203125
2018-03-30 15:00:00,87.857421875
2018-03-30 16:00:00,324.44921875
2018-03-30 17:00:00,322.015625
2018-03-30 18:00:00,56.744140625
2018-03-30 19:00:00,321.890625
2018-03-30 20:00:00,703.4921875
2018-03-30 21:00:00,43.59765625
2018-03-30 22:00:00,339.0546875
2018-03-30 23:00:00,100.7265625
2018-03-31 00:00:00,291.109375
2018-03-31 01:00:00,452.84375
2018-03-31 02:00:00,493.197265625
2018-03-31 03:00:00,219.734375
2018-03-31 04:00:00,97.884765625
2018-03-31 05:00:00,15.220703125
2018-03-31 06:00:00,48.240234375
2018-03-31 07:00:00,126.078125
2018-03-31 08:00:00,124.93359375
2018-03-31 09:00:00,284.427734375
2018-03-31 10:00:00,298.10546875
2018-03-31 11:00:00,200.28125
2018-03-31 12:00:00,29.474609375
2018-03-31 13:00:00,114.984375
2018-03-31 14:00:00,14.634765625
2018-03-31 15:00:00,1.45703125
2018-03-31 16:00:00,1.384765625
2018-03-31 17:00:00,91.130859375
2018-03-31 18:00:00,142.6484375
2018-03-31 19:00:00,292.60546875
2018-03-31 20:00:00,598.71875
2018-03-31 21:00:00,78.6640625
2018-03-31 22:00:00,612.388671875
2018-03-31 23:00:00,106.7421875
2018-04-01 00:00:00,110.296875
2018-04-01 01:00:00,337.10546875
2018-04-01 02:00:00,254.099609375
2018-04-01 03:00:00,78.38671875
2018-04-01 04:00:00,223.853515625
2018-04-01 05:00:00,377.435546875
2018-04-01 06:00:00,378.06640625
2018-04-01 07:00:00,269.3125
2018-04-01 08:00:00,454.8046875
2018-04-01 09:00:00,287.029296875
2018-04-01 10:00:00,289.611328125
2018-04-01 11:00:00,158.1875
2018-04-01 12:00:00,357.990234375
2018-04-01 13:00:00,23.1953125
2018-04-01 14:00:00,168.609375
2018-04-01 15:00:00,466.88671875
2018-04-01 16:00:00,242.84375
2018-04-01 17:00:00,84.8203125
2018-04-01 18:00:00,12.080078125
2018-04-01 19:00:00,180.22265625
2018-04-01 20:00:00,786.0625
2018-04-01 21:00:00,538.2109375
2018-04-01 22:00:00,1006.29296875
2018-04-01 23:00:00,76.966796875
2018-04-02 00:00:00,97.220703125
2018-04-02 01:00:00,430.453125
2018-04-02 02:00:00,171.91015625
2018-04-02 03:00:00,248.57421875
2018-04-02 04:00:00,178.146484375
2018-04-02 05:00:00,242.32421875
2018-04-02 06:00:00,627.876953125
2018-04-02 07:00:00,1039.28515625
2018-04-02 08:00:00,717.7109375
2018-04-02 09:00:00,788.2890625
2018-04-02 10:00:00,574.291015625
2018-04-02 11:00:00,504.392578125
2018-04-02 12:00:00,579.990234375
2018-04-02 13:00:00,3.57421875
2018-04-02 14:00:00,628.2890625
2018-04-02 15:00:00,42.4453125
2018-04-02 16:00:00,394.6796875
2018-04-02 17:00:00,489.2890625
2018-04-02 18:00:00,529.986328125
2018-04-02 19:00:00,563.06640625
2018-04-02 20:00:00,1438.87109375
2018-04-02 21:00:00,531.91796875
2018-04-02 22:00:00,221.984375
2018-04-02 23:00:00,61.615234375
2018-04-03 00:00:00,313.685546875
2018-04-03 01:00:00,545.466796875
2018-04-03 02:00:00,734.369140625
2018-04-03 03:00:00,251.544921875
2018-04-03 04:00:00,216.72265625
2018-04-03 05:00:00,128.814453125
2018-04-03 06:00:00,755.74609375
2018-04-03 07:00:00,881.943359375
2018-04-03 08:00:00,565.203125
2018-04-03 09:00:00,283.69921875
2018-04-03 10:00:00,513.67578125
2018-04-03 11:00:00,14.00390625
2018-04-03 12:00:00,247.28125
2018-04-03 13:00:00,46.1484375
2018-04-03 14:00:00,250.8203125
2018-04-03 15:00:00,509.43359375
2018-04-03 16:00:00,410.74609375
2018-04-03 17:00:00,297.81640625
2018-04-03 18:00:00,435.890625
2018-04-03 19:00:00,287.23828125
2018-04-03 20:00:00,478.431640625
2018-04-03 21:00:00,484.69921875
2018-04-03 22:00:00,482.3984375
2018-04-03 23:00:00,845.04296875
2018-04-04 00:00:00,161.82421875
2018-04-04 01:00:00,47.373046875
2018-04-04 02:00:00,187.99609375
2018-04-04 03:00:00,31.236328125
2018-04-04 04:00:00,239.904296875
2018-04-04 05:00:00,80.962890625
2018-04-04 06:00:00,480.765625
2018-04-04 07:00:00,616.931640625
2018-04-04 08:00:00,981.287109375
2018-04-04 09:00:00,720.876953125
2018-04-04 10:00:00,605.82421875
2018-04-04 11:00:00,1.732421875
2018-04-04 12:00:00,87.98046875
2018-04-04 13:00:00,200.609375
2018-04-04 14:00:00,881.38671875
2018-04-04 15:00:00,793.091796875
2018-04-04 16:00:00,735.076171875
2018-04-04 17:00:00,155.865234375
2018-04-04 18:00:00,3.41796875
2018-04-04 19:00:00,118.748046875
2018-04-04 20:00:00,900.310546875
2018-04-04 21:00:00,442.77734375
2018-04-04 22:00:00,830.310546875
2018-04-04 23:00:00,260.87890625
2018-04-05 00:00:00,31.1015625
2018-04-05 01:00:00,491.26171875
2018-04-05 02:00:00,899.5
2018-04-05 03:00:00,271.923828125
2018-04-05 04:00:00,279.328125
2018-04-05 05:00:00,364.763671875
2018-04-05 06:00:00,967.244140625
2018-04-05 07:00:00,1235.96875
2018-04-05 08:00:00,495.6171875
2018-04-05 09:00:00,773.25
2018-04-05 10:00:00,226.375
2018-04-05 11:00:00,455.8203125
2018-04-05 12:00:00,261.431640625
2018-04-05 13:00:00,109.84765625
2018-04-05 14:00:00,35.2109375
2018-04-05 15:00:00,622.451171875
2018-04-05 16:00:00,60.85546875
2018-04-05 17:00:00,268.404296875
2018-04-05 18:00:00,79.248046875
2018-04-05 19:00:00,151.259765625
2018-04-05 20:00:00,932.48828125
2018-04-05 21:00:00,252.1171875
2018-04-05 22:00:00,950.0078125
2018-04-05 23:00:00,499.330078125
2018-04-06 00:00:00,43.494140625
2018-04-06 01:00:00,108.814453125
2018-04-06 02:00:00,465.99609375
2018-04-06 03:00:00,27.173828125
2018-04-06 04:00:00,146.150390625
2018-04-06 05:00:00,51.056640625
2018-04-06 06:00:00,605.953125
2018-04-06 07:00:00,731.568359375
2018-04-06 08:00:00,388.0546875
2018-04-06 09:00:00,300.109375
2018-04-06 10:00:00,585.1875
2018-04-06 11:00:00,462.1640625
2018-04-06 12:00:00,4.46484375
2018-04-06 13:00:00,279.900390625
2018-04-06 14:00:00,191.85546875
2018-04-06 15:00:00,721.228515625
2018-04-06 16:00:00,3.650390625
2018-04-06 17:00:00,83.53125
2018-04-06 18:00:00,242.140625
2018-04-06 19:00:00,562.068359375
2018-04-06 20:00:00,474.26953125
2018-04-06 21:00:00,554.185546875
2018-04-06 22:00:00,765.466796875
2018-04-06 23:00:00,258.162109375
2018-04-07 00:00:00,122.810546875
2018-04-07 01:00:00,118.330078125
2018-04-07 02:00:00,85.68359375
2018-04-07 03:00:00,171.2890625
2018-04-07 04:00:00,513.705078125
2018-04-07 05:00:00,322.556640625
2018-04-07 06:00:00,382.6171875
2018-04-07 07:00:00,207.044921875
2018-04-07 08:00:00,229.203125
2018-04-07 09:00:00,294.826171875
2018-04-07 10:00:00,395.87109375
2018-04-07 11:00:00,83.916015625
2018-04-07 12:00:00,522.056640625
2018-04-07 13:00:00,159.658203125
2018-04-07 14:00:00,171.599609375
2018-04-07 15:00:00,4.130859375
2018-04-07 16:00:00,303.994140625
2018-04-07 17:00:00,255.953125
2018-04-07 18:00:00,242.03515625
2018-04-07 19:00:00,108.701171875
2018-04-07 20:00:00,625.955078125
2018-04-07 21:00:00,119.97265625
2018-04-07 22:00:00,449.64453125
2018-04-07 23:00:00,311.943359375
2018-04-08 00:00:00,168.205078125
2018-04-08 01:00:00,704.5859375
2018-04-08 02:00:00,890.375
2018-04-08 03:00:00,483.4375
2018-04-08 04:00:00,492.462890625
2018-04-08 05:00:00,187.92578125
2018-04-08 06:00:00,305.79296875
2018-04-08 07:00:00,190.650390625
2018-04-08 08:00:00,229.314453125
2018-04-08 09:00:00,147.025390625
2018-04-08 10:00:00,407.39453125
2018-04-08 11:00:00,265.716796875
2018-04-08 12:00:00,98.7421875
2018-04-08 13:00:00,145.46484375
2018-04-08 14:00:00,37.4140625
2018-04-08 15:00:00,9.283203125
2018-04-08 16:00:00,109.5234375
2018-04-08 17:00:00,347.6171875
2018-04-08 18:00:00,198.298828125
2018-04-08 19:00:00,56.978515625
2018-04-08 20:00:00,1139.345703125
2018-04-08 21:00:00,294.9765625
2018-04-08 22:00:00,993.544921875
2018-04-08 23:00:00,119.79296875
2018-04-09 00:00:00,179.99609375
2018-04-09 01:00:00,620.251953125
2018-04-09 02:00:00,695.83203125
2018-04-09 03:00:00,372.94140625
2018-04-09 04:00:00,329.6328125
2018-04-09 05:00:00,481.701171875
2018-04-09 06:00:00,1243.482421875
2018-04-09 07:00:00,1779.421875
2018-04-09 08:00:00,172.5234375
2018-04-09 09:00:00,168.86328125
2018-04-09 10:00:00,106.47265625
2018-04-09 11:00:00,503.69140625
2018-04-09 12:00:00,389.908203125
2018-04-09 13:00:00,710.90625
2018-04-09 14:00:00,318.7109375
2018-04-09 15:00:00,21.60546875
2018-04-09 16:00:00,279.775390625
2018-04-09 17:00:00,73.30859375
2018-04-09 18:00:00,3.8359375
2018-04-09 19:00:00,17.755859375
2018-04-09 20:00:00,755.55859375
2018-04-09 21:00:00,133.62109375
2018-04-09 22:00:00,847.90625
2018-04-09 23:00:00,441.794921875
2018-04-10 00:00:00,93.669921875
2018-04-10 01:00:00,208.552734375
2018-04-10 02:00:00,241.91015625
2018-04-10 03:00:00,28.513671875
2018-04-10 04:00:00,209.732421875
2018-04-10 05:00:00,22.1484375
2018-04-10 06:00:00,673.7734375
2018-04-10 07:00:00,1166.642578125
2018-04-10 08:00:00,749.53125
2018-04-10 09:00:00,871.8515625
2018-04-10 10:00:00,694.03125
2018-04-10 11:00:00,93.208984375
2018-04-10 12:00:00,101.146484375
2018-04-10 13:00:00,211.720703125
2018-04-10 14:00:00,84.888671875
2018-04-10 15:00:00,809.892578125
2018-04-10 16:00:00,475.884765625
2018-04-10 17:00:00,327.697265625
2018-04-10 18:00:00,338.0703125
2018-04-10 19:00:00,142.92578125
2018-04-10 20:00:00,766.904296875
2018-04-10 21:00:00,427.51171875
2018-04-10 22:00:00,1079.365234375
2018-04-10 23:00:00,358.9453125
2018-04-11 00:00:00,72.392578125
2018-04-11 01:00:00,472.103515625
2018-04-11 02:00:00,618.41796875
2018-04-11 03:00:00,215.140625
2018-04-11 04:00:00,29.927734375
2018-04-11 05:00:00,33.591796875
2018-04-11 06:00:00,972.521484375
2018-04-11 07:00:00,945.15234375
2018-04-11 08:00:00,605.30078125
2018-04-11 09:00:00,925.8984375
2018-04-11 10:00:00,846.919921875
2018-04-11 11:00:00,272.466796875
2018-04-11 12:00:00,587.287109375
2018-04-11 13:00:00,285.84765625
2018-04-11 14:00:00,35.91796875
2018-04-11 15:00:00,460.62109375
2018-04-11 16:00:00,558.62890625
2018-04-11 17:00:00,26.31640625
2018-04-11 18:00:00,335.74609375
2018-04-11 19:00:00,47.689453125
2018-04-11 20:00:00,890.41796875
2018-04-11 21:00:00,141.541015625
2018-04-11 22:00:00,1222.138671875
2018-04-11 23:00:00,422.15625
2018-04-12 00:00:00,171.76953125
2018-04-12 01:00:00,33.513671875
2018-04-12 02:00:00,208.00390625
2018-04-12 03:00:00,55.994140625
2018-04-12 04:00:00,183.697265625
2018-04-12 05:00:00,75.490234375
2018-04-12 06:00:00,610.73828125
2018-04-12 07:00:00,876.283203125
2018-04-12 08:00:00,708.236328125
2018-04-12 09:00:00,1039.892578125
2018-04-12 10:00:00,127.810546875
2018-04-12 11:00:00,218.15234375
2018-04-12 12:00:00,18.091796875
2018-04-12 13:00:00,288.615234375
2018-04-12 14:00:00,191.53515625
2018-04-12 15:00:00,362.419921875
2018-04-12 16:00:00,439.7421875
2018-04-12 17:00:00,229.84765625
2018-04-12 18:00:00,515.6796875
2018-04-12 19:00:00,155.0703125
2018-04-12 20:00:00,836.08984375
2018-04-12 21:00:00,137.271484375
2018-04-12 22:00:00,1340.822265625
2018-04-12 23:00:00,216.61328125
2018-04-13 00:00:00,308.61328125
2018-04-13 01:00:00,74.37109375
2018-04-13 02:00:00,183.2578125
2018-04-13 03:00:00,361.87890625
2018-04-13 04:00:00,627.23828125
2018-04-13 05:00:00,489.765625
2018-04-13 06:00:00,288.91015625
2018-04-13 07:00:00,343.060546875
2018-04-13 08:00:00,839.1875
2018-04-13 09:00:00,614.720703125
2018-04-13 10:00:00,124.384765625
2018-04-13 11:00:00,99.73046875
2018-04-13 12:00:00,391.689453125
2018-04-13 13:00:00,479.75390625
2018-04-13 14:00:00,419.265625
2018-04-13 15:00:00,173.46875
2018-04-13 16:00:00,16.970703125
2018-04-13 17:00:00,22.3515625
2018-04-13 18:00:00,262.806640625
2018-04-13 19:00:00,383.625
2018-04-13 20:00:00,557.60546875
2018-04-13 21:00:00,720.91015625
2018-04-13 22:00:00,941.2109375
2018-04-13 23:00:00,251.251953125
2018-04-14 00:00:00,125.48046875
2018-04-14 01:00:00,56.158203125
2018-04-14 02:00:00,204.453125
2018-04-14 03:00:00,482.638671875
2018-04-14 04:00:00,671.654296875
2018-04-14 05:00:00,757.71875
2018-04-14 06:00:00,632.2890625
2018-04-14 07:00:00,741.4765625
2018-04-14 08:00:00,343.044921875
2018-04-14 09:00:00,44.005859375
2018-04-14 10:00:00,714.287109375
2018-04-14 11:00:00,160.2109375
2018-04-14 12:00:00,25.435546875
2018-04-14 13:00:00,217.689453125
2018-04-14 14:00:00,177.013671875
2018-04-14 15:00:00,243.955078125
2018-04-14 16:00:00,142.96875
2018-04-14 17:00:00,182.474609375
2018-04-14 18:00:00,219.814453125
2018-04-14 19:00:00,469.53515625
2018-04-14 20:00:00,331.39453125
2018-04-14 21:00:00,500.59375
2018-04-14 22:00:00,1082.904296875
2018-04-14 23:00:00,254.76171875
2018-04-15 00:00:00,26.24609375
2018-04-15 01:00:00,112.697265625
2018-04-15 02:00:00,261.361328125
2018-04-15 03:00:00,435.333984375
2018-04-15 04:00:00,748.41015625
2018-04-15 05:00:00,714.822265625
2018-04-15 06:00:00,696.28125
2018-04-15 07:00:00,609.546875
2018-04-15 08:00:00,342.283203125
2018-04-15 09:00:00,285.302734375
2018-04-15 10:00:00,283.73828125
2018-04-15 11:00:00,188.861328125
2018-04-15 12:00:00,15.015625
2018-04-15 13:00:00,133.71875
2018-04-15 14:00:00,209.90625
2018-04-15 15:00:00,151.02734375
2018-04-15 16:00:00,208.85546875
2018-04-15 17:00:00,413.61328125
2018-04-15 18:00:00,227.041015625
2018-04-15 19:00:00,43.443359375
2018-04-15 20:00:00,617.763671875
2018-04-15 21:00:00,24.2421875
2018-04-15 22:00:00,726.076171875
2018-04-15 23:00:00,239.669921875
2018-04-16 00:00:00,305.732421875
2018-04-16 01:00:00,1104.205078125
2018-04-16 02:00:00,392.365234375
2018-04-16 03:00:00,424.921875
2018-04-16 04:00:00,213.68359375
2018-04-16 05:00:00,318.55078125
2018-04-16 06:00:00,1099.384765625
2018-04-16 07:00:00,1383.09765625
2018-04-16 08:00:00,438.365234375
2018-04-16 09:00:00,315.39453125
2018-04-16 10:00:00,138.01171875
2018-04-16 11:00:00,16.0
2018-04-16 12:00:00,114.2734375
2018-04-16 13:00:00,73.6015625
2018-04-16 14:00:00,376.005859375
2018-04-16 15:00:00,311.388671875
2018-04-16 16:00:00,95.271484375
2018-04-16 17:00:00,174.828125
2018-04-16 18:00:00,206.69921875
2018-04-16 19:00:00,130.8828125
2018-04-16 20:00:00,542.41796875
2018-04-16 21:00:00,296.349609375
2018-04-16 22:00:00,810.150390625
2018-04-16 23:00:00,68.12890625
2018-04-17 00:00:00,230.43359375
2018-04-17 01:00:00,355.57421875
2018-04-17 02:00:00,400.01171875
2018-04-17 03:00:00,275.759765625
2018-04-17 04:00:00,32.939453125
2018-04-17 05:00:00,184.615234375
2018-04-17 06:00:00,958.97265625
2018-04-17 07:00:00,896.072265625
2018-04-17 08:00:00,513.15234375
2018-04-17 09:00:00,619.927734375
2018-04-17 10:00:00,261.6640625
2018-04-17 11:00:00,5.712890625
2018-04-17 12:00:00,183.40234375
2018-04-17 13:00:00,294.564453125
2018-04-17 14:00:00,394.150390625
2018-04-17 15:00:00,181.26171875
2018-04-17 16:00:00,581.740234375
2018-04-17 17:00:00,119.3125
2018-04-17 18:00:00,318.453125
2018-04-17 19:00:00,47.419921875
2018-04-17 20:00:00,781.349609375
2018-04-17 21:00:00,302.55859375
2018-04-17 22:00:00,667.94140625
2018-04-17 23:00:00,475.5234375
2018-04-18 00:00:00,177.6875
2018-04-18 01:00:00,323.337890625
2018-04-18 02:00:00,517.27734375
2018-04-18 03:00:00,211.21484375
2018-04-18 04:00:00,119.21484375
2018-04-18 05:00:00,262.22265625
2018-04-18 06:00:00,834.3984375
2018-04-18 07:00:00,951.392578125
2018-04-18 08:00:00,847.015625
2018-04-18 09:00:00,1115.4921875
2018-04-18 10:00:00,475.31640625
2018-04-18 11:00:00,185.482421875
2018-04-18 12:00:00,90.19140625
2018-04-18 13:00:00,327.181640625
2018-04-18 14:00:00,114.6953125
2018-04-18 15:00:00,718.00390625
2018-04-18 16:00:00,494.55859375
2018-04-18 17:00:00,230.85546875
2018-04-18 18:00:00,395.037109375
2018-04-18 19:00:00,198.05859375
2018-04-18 20:00:00,422.056640625
2018-04-18 21:00:00,481.185546875
2018-04-18 22:00:00,1547.353515625
2018-04-18 23:00:00,431.763671875
2018-04-19 00:00:00,33.3828125
2018-04-19 01:00:00,57.76953125
2018-04-19 02:00:00,159.1796875
2018-04-19 03:00:00,9.439453125
2018-04-19 04:00:00,239.025390625
2018-04-19 05:00:00,151.98828125
2018-04-19 06:00:00,484.59375
2018-04-19 07:00:00,827.708984375
2018-04-19 08:00:00,606.3828125
2018-04-19 09:00:00,387.267578125
2018-04-19 10:00:00,92.705078125
2018-04-19 11:00:00,205.87890625
2018-04-19 12:00:00,682.201171875
2018-04-19 13:00:00,169.318359375
2018-04-19 14:00:00,12.01171875
2018-04-19 15:00:00,574.26171875
2018-04-19 16:00:00,4.322265625
2018-04-19 17:00:00,106.609375
2018-04-19 18:00:00,261.3671875
2018-04-19 19:00:00,247.9765625
2018-04-19 20:00:00,837.884765625
2018-04-19 21:00:00,716.751953125
2018-04-19 22:00:00,662.880859375
2018-04-19 23:00:00,280.857421875
2018-04-20 00:00:00,261.65234375
2018-04-20 01:00:00,592.201171875
2018-04-20 02:00:00,629.62109375
2018-04-20 03:00:00,510.00390625
2018-04-20 04:00:00,105.22265625
2018-04-20 05:00:00,127.009765625
2018-04-20 06:00:00,1436.197265625
2018-04-20 07:00:00,623.89453125
2018-04-20 08:00:00,578.11328125
2018-04-20 09:00:00,1067.84375
2018-04-20 10:00:00,424.775390625
2018-04-20 11:00:00,194.54296875
2018-04-20 12:00:00,50.427734375
2018-04-20 13:00:00,5.91796875
2018-04-20 14:00:00,63.240234375
2018-04-20 15:00:00,916.669921875
2018-04-20 16:00:00,270.1796875
2018-04-20 17:00:00,248.6171875
2018-04-20 18:00:00,391.427734375
2018-04-20 19:00:00,129.02734375
2018-04-20 20:00:00,400.01953125
2018-04-20 21:00:00,644.107421875
2018-04-20 22:00:00,1278.10546875
2018-04-20 23:00:00,26.01171875
2018-04-21 00:00:00,282.751953125
2018-04-21 01:00:00,207.89453125
2018-04-21 02:00:00,408.083984375
2018-04-21 03:00:00,43.0
2018-04-21 04:00:00,43.23828125
2018-04-21 05:00:00,172.66015625
2018-04-21 06:00:00,48.390625
2018-04-21 07:00:00,26.341796875
2018-04-21 08:00:00,677.2265625
2018-04-21 09:00:00,252.728515625
2018-04-21 10:00:00,487.212890625
2018-04-21 11:00:00,68.216796875
2018-04-21 12:00:00,134.615234375
2018-04-21 13:00:00,34.162109375
2018-04-21 14:00:00,62.34375
2018-04-21 15:00:00,45.2578125
2018-04-21 16:00:00,156.818359375
2018-04-21 17:00:00,17.71484375
2018-04-21 18:00:00,352.923828125
2018-04-21 19:00:00,429.677734375
2018-04-21 20:00:00,442.99609375
2018-04-21 21:00:00,357.396484375
2018-04-21 22:00:00,1112.59375
2018-04-21 23:00:00,45.6328125
2018-04-22 00:00:00,113.44921875
2018-04-22 01:00:00,127.541015625
2018-04-22 02:00:00,77.02734375
2018-04-22 03:00:00,96.447265625
2018-04-22 04:00:00,317.53125
2018-04-22 05:00:00,332.95703125
2018-04-22 06:00:00,324.560546875
2018-04-22 07:00:00,632.625
2018-04-22 08:00:00,393.060546875
2018-04-22 09:00:00,405.0703125
2018-04-22 10:00:00,206.484375
2018-04-22 11:00:00,70.021484375
2018-04-22 12:00:00,124.759765625
2018-04-22 13:00:00,96.82421875
2018-04-22 14:00:00,7.146484375
2018-04-22 15:00:00,83.28515625
2018-04-22 16:00:00,18.125
2018-04-22 17:00:00,61.736328125
2018-04-22 18:00:00,165.6640625
2018-04-22 19:00:00,203.61328125
2018-04-22 20:00:00,189.931640625
2018-04-22 21:00:00,766.498046875
2018-04-22 22:00:00,1441.72265625
2018-04-22 23:00:00,105.96875
2018-04-23 00:00:00,56.4140625
2018-04-23 01:00:00,68.4296875
2018-04-23 02:00:00,127.068359375
2018-04-23 03:00:00,122.076171875
2018-04-23 04:00:00,231.470703125
2018-04-23 05:00:00,115.16796875
2018-04-23 06:00:00,600.62890625
2018-04-23 07:00:00,841.81640625
2018-04-23 08:00:00,270.822265625
2018-04-23 09:00:00,316.078125
2018-04-23 10:00:00,422.9765625
2018-04-23 11:00:00,732.884765625
2018-04-23 12:00:00,776.25390625
2018-04-23 13:00:00,844.7421875
2018-04-23 14:00:00,605.392578125
2018-04-23 15:00:00,40.744140625
2018-04-23 16:00:00,267.375
2018-04-23 17:00:00,206.083984375
2018-04-23 18:00:00,284.96875
2018-04-23 19:00:00,20.40625
2018-04-23 20:00:00,937.279296875
2018-04-23 21:00:00,877.4140625
2018-04-23 22:00:00,1189.916015625
2018-04-23 23:00:00,70.5546875
2018-04-24 00:00:00,62.359375
2018-04-24 01:00:00,186.447265625
2018-04-24 02:00:00,72.73828125
2018-04-24 03:00:00,156.966796875
2018-04-24 04:00:00,507.771484375
2018-04-24 05:00:00,42.265625
2018-04-24 06:00:00,376.021484375
2018-04-24 07:00:00,251.8671875
2018-04-24 08:00:00,621.408203125
2018-04-24 09:00:00,542.388671875
2018-04-24 10:00:00,145.52734375
2018-04-24 11:00:00,426.904296875
2018-04-24 12:00:00,399.7109375
2018-04-24 13:00:00,543.185546875
2018-04-24 14:00:00,226.306640625
2018-04-24 15:00:00,187.67578125
2018-04-24 16:00:00,36.138671875
2018-04-24 17:00:00,21.0859375
2018-04-24 18:00:00,77.748046875
2018-04-24 19:00:00,73.40234375
2018-04-24 20:00:00,667.71875
2018-04-24 21:00:00,247.96484375
2018-04-24 22:00:00,854.4765625
2018-04-24 23:00:00,84.33984375
2018-04-25 00:00:00,234.705078125
2018-04-25 01:00:00,31.724609375
2018-04-25 02:00:00,95.294921875
2018-04-25 03:00:00,279.634765625
2018-04-25 04:00:00,453.67578125
2018-04-25 05:00:00,144.1796875
2018-04-25 06:00:00,183.23828125
2018-04-25 07:00:00,633.458984375
2018-04-25 08:00:00,528.6640625
2018-04-25 09:00:00,207.388671875
2018-04-25 10:00:00,142.126953125
2018-04-25 11:00:00,249.81640625
2018-04-25 12:00:00,192.6171875
2018-04-25 13:00:00,122.126953125
2018-04-25 14:00:00,251.931640625
2018-04-25 15:00:00,288.072265625
2018-04-25 16:00:00,61.076171875
2018-04-25 17:00:00,44.4609375
2018-04-25 18:00:00,8.59375
2018-04-25 19:00:00,345.61328125
2018-04-25 20:00:00,667.421875
2018-04-25 21:00:00,324.97265625
2018-04-25 22:00:00,951.0
2018-04-25 23:00:00,48.375
2018-04-26 00:00:00,26.73828125
2018-04-26 01:00:00,84.306640625
2018-04-26 02:00:00,49.423828125
2018-04-26 03:00:00,339.796875
2018-04-26 04:00:00,462.0859375
2018-04-26 05:00:00,312.861328125
2018-04-26 06:00:00,348.66796875
2018-04-26 07:00:00,203.111328125
2018-04-26 08:00:00,883.193359375
2018-04-26 09:00:00,773.70703125
2018-04-26 10:00:00,23.2578125
2018-04-26 11:00:00,145.349609375
2018-04-26 12:00:00,259.615234375
2018-04-26 13:00:00,267.7421875
2018-04-26 14:00:00,149.173828125
2018-04-26 15:00:00,301.609375
2018-04-26 16:00:00,19.2109375
2018-04-26 17:00:00,121.587890625
2018-04-26 18:00:00,102.119140625
2018-04-26 19:00:00,137.095703125
2018-04-26 20:00:00,493.9375
2018-04-26 21:00:00,1022.24609375
2018-04-26 22:00:00,1189.783203125
2018-04-26 23:00:00,79.462890625
2018-04-27 00:00:00,38.509765625
2018-04-27 01:00:00,12.91796875
2018-04-27 02:00:00,70.39453125
2018-04-27 03:00:00,415.8671875
2018-04-27 04:00:00,452.029296875
2018-04-27 05:00:00,451.73046875
2018-04-27 06:00:00,311.62109375
2018-04-27 07:00:00,308.48828125
2018-04-27 08:00:00,667.662109375
2018-04-27 09:00:00,265.447265625
2018-04-27 10:00:00,269.3125
2018-04-27 11:00:00,535.333984375
2018-04-27 12:00:00,139.091796875
2018-04-27 13:00:00,676.4765625
2018-04-27 14:00:00,198.8828125
2018-04-27 15:00:00,253.19921875
2018-04-27 16:00:00,78.650390625
2018-04-27 17:00:00,30.08203125
2018-04-27 18:00:00,123.91015625
2018-04-27 19:00:00,161.58984375
2018-04-27 20:00:00,438.9921875
2018-04-27 21:00:00,691.033203125
2018-04-27 22:00:00,687.515625
2018-04-27 23:00:00,139.158203125
2018-04-28 00:00:00,72.419921875
2018-04-28 01:00:00,236.953125
2018-04-28 02:00:00,296.744140625
2018-04-28 03:00:00,307.35546875
2018-04-28 04:00:00,500.6796875
2018-04-28 05:00:00,590.41015625
2018-04-28 06:00:00,413.84375
2018-04-28 07:00:00,700.76953125
2018-04-28 08:00:00,183.009765625
2018-04-28 09:00:00,463.49609375
2018-04-28 10:00:00,748.880859375
2018-04-28 11:00:00,252.759765625
2018-04-28 12:00:00,82.337890625
2018-04-28 13:00:00,11.8203125
2018-04-28 14:00:00,20.56640625
2018-04-28 15:00:00,76.833984375
2018-04-28 16:00:00,133.427734375
2018-04-28 17:00:00,171.791015625
2018-04-28 18:00:00,158.501953125
2018-04-28 19:00:00,359.947265625
2018-04-28 20:00:00,83.357421875
2018-04-28 21:00:00,186.701171875
2018-04-28 22:00:00,684.12109375
2018-04-28 23:00:00,45.517578125
2018-04-29 00:00:00,154.263671875
2018-04-29 01:00:00,232.580078125
2018-04-29 02:00:00,275.326171875
2018-04-29 03:00:00,515.13671875
2018-04-29 04:00:00,581.439453125
2018-04-29 05:00:00,721.3203125
2018-04-29 06:00:00,576.08984375
2018-04-29 07:00:00,716.9296875
2018-04-29 08:00:00,216.970703125
2018-04-29 09:00:00,213.2421875
2018-04-29 10:00:00,458.533203125
2018-04-29 11:00:00,363.83984375
2018-04-29 12:00:00,187.943359375
2018-04-29 13:00:00,119.466796875
2018-04-29 14:00:00,83.064453125
2018-04-29 15:00:00,87.875
2018-04-29 16:00:00,176.150390625
2018-04-29 17:00:00,182.060546875
2018-04-29 18:00:00,4.06640625
2018-04-29 19:00:00,126.48828125
2018-04-29 20:00:00,408.021484375
2018-04-29 21:00:00,727.71875
2018-04-29 22:00:00,822.431640625
2018-04-29 23:00:00,73.78125
2018-04-30 00:00:00,277.32421875
2018-04-30 01:00:00,407.572265625
2018-04-30 02:00:00,420.45703125
2018-04-30 03:00:00,196.984375
2018-04-30 04:00:00,68.142578125
2018-04-30 05:00:00,290.5625
2018-04-30 06:00:00,929.25
2018-04-30 07:00:00,1007.591796875
2018-04-30 08:00:00,254.650390625
2018-04-30 09:00:00,82.42578125
2018-04-30 10:00:00,316.9296875
2018-04-30 11:00:00,469.013671875
2018-04-30 12:00:00,810.056640625
2018-04-30 13:00:00,608.435546875
2018-04-30 14:00:00,396.53125
2018-04-30 15:00:00,88.171875
2018-04-30 16:00:00,25.20703125
2018-04-30 17:00:00,341.341796875
2018-04-30 18:00:00,204.91796875
2018-04-30 19:00:00,89.685546875
2018-04-30 20:00:00,677.861328125
2018-04-30 21:00:00,996.48828125
2018-04-30 22:00:00,1157.830078125
2018-04-30 23:00:00,162.162109375
2018-05-01 00:00:00,120.998046875
2018-05-01 01:00:00,8.501953125
2018-05-01 02:00:00,168.541015625
2018-05-01 03:00:00,248.73828125
2018-05-01 04:00:00,300.650390625
2018-05-01 05:00:00,139.7265625
2018-05-01 06:00:00,314.126953125
2018-05-01 07:00:00,354.072265625
2018-05-01 08:00:00,921.798828125
2018-05-01 09:00:00,825.40625
2018-05-01 10:00:00,260.36328125
2018-05-01 11:00:00,344.6171875
2018-05-01 12:00:00,389.990234375
2018-05-01 13:00:00,474.6328125
2018-05-01 14:00:00,287.66796875
2018-05-01 15:00:00,200.2265625
2018-05-01 16:00:00,83.955078125
2018-05-01 17:00:00,124.955078125
2018-05-01 18:00:00,109.126953125
2018-05-01 19:00:00,208.462890625
2018-05-01 20:00:00,330.013671875
2018-05-01 21:00:00,1221.02734375
2018-05-01 22:00:00,1268.07421875
2018-05-01 23:00:00,16.044921875
2018-05-02 00:00:00,115.201171875
2018-05-02 01:00:00,128.970703125
2018-05-02 02:00:00,103.453125
2018-05-02 03:00:00,529.380859375
2018-05-02 04:00:00,609.986328125
2018-05-02 05:00:00,460.220703125
2018-05-02 06:00:00,195.337890625
2018-05-02 07:00:00,17.5625
2018-05-02 08:00:00,629.52734375
2018-05-02 09:00:00,431.21875
2018-05-02 10:00:00,540.513671875
2018-05-02 11:00:00,556.962890625
2018-05-02 12:00:00,519.24609375
2018-05-02 13:00:00,463.951171875
2018-05-02 14:00:00,370.533203125
2018-05-02 15:00:00,29.48046875
2018-05-02 16:00:00,119.13671875
2018-05-02 17:00:00,266.0234375
2018-05-02 18:00:00,201.2734375
2018-05-02 19:00:00,157.20703125
2018-05-02 20:00:00,239.53125
2018-05-02 21:00:00,1375.3203125
2018-05-02 22:00:00,687.5078125
2018-05-02 23:00:00,360.806640625
2018-05-03 00:00:00,0.18359375
2018-05-03 01:00:00,18.658203125
2018-05-03 02:00:00,312.16015625
2018-05-03 03:00:00,52.83984375
2018-05-03 04:00:00,82.169921875
2018-05-03 05:00:00,521.8125
2018-05-03 06:00:00,791.091796875
2018-05-03 07:00:00,84.154296875
2018-05-03 08:00:00,18.263671875
2018-05-03 09:00:00,127.25
2018-05-03 10:00:00,412.09765625
2018-05-03 11:00:00,273.35546875
2018-05-03 12:00:00,602.4140625
2018-05-03 13:00:00,309.86328125
2018-05-03 14:00:00,330.84375
2018-05-03 15:00:00,382.2265625
2018-05-03 16:00:00,534.83203125
2018-05-03 17:00:00,488.125
2018-05-03 18:00:00,437.6484375
2018-05-03 19:00:00,30.0546875
2018-05-03 20:00:00,308.9921875
2018-05-03 21:00:00,1546.7734375
2018-05-03 22:00:00,304.1328125
2018-05-03 23:00:00,25.85546875
2018-05-04 00:00:00,72.630859375
2018-05-04 01:00:00,131.701171875
2018-05-04 02:00:00,332.42578125
2018-05-04 03:00:00,27.984375
2018-05-04 04:00:00,36.794921875
2018-05-04 05:00:00,0.42578125
2018-05-04 06:00:00,751.98046875
2018-05-04 07:00:00,293.185546875
2018-05-04 08:00:00,236.595703125
2018-05-04 09:00:00,678.703125
2018-05-04 10:00:00,600.45703125
2018-05-04 11:00:00,381.1171875
2018-05-04 12:00:00,200.73046875
2018-05-04 13:00:00,86.1015625
2018-05-04 14:00:00,22.59375
2018-05-04 15:00:00,127.91015625
2018-05-04 16:00:00,348.21484375
2018-05-04 17:00:00,256.7578125
2018-05-04 18:00:00,678.30078125
2018-05-04 19:00:00,682.734375
2018-05-04 20:00:00,112.58984375
2018-05-04 21:00:00,981.11328125
2018-05-04 22:00:00,909.7421875
2018-05-04 23:00:00,273.01171875
2018-05-05 00:00:00,1254.396484375
2018-05-05 01:00:00,136.142578125
2018-05-05 02:00:00,325.447265625
2018-05-05 03:00:00,612.5546875
2018-05-05 04:00:00,499.544921875
2018-05-05 05:00:00,790.66796875
2018-05-05 06:00:00,341.13671875
2018-05-05 07:00:00,900.71484375
2018-05-05 08:00:00,91.859375
2018-05-05 09:00:00,95.263671875
2018-05-05 10:00:00,874.353515625
2018-05-05 11:00:00,392.677734375
2018-05-05 12:00:00,378.779296875
2018-05-05 13:00:00,657.255859375
2018-05-05 14:00:00,291.544921875
2018-05-05 15:00:00,721.91015625
2018-05-05 16:00:00,719.689453125
2018-05-05 17:00:00,781.490234375
2018-05-05 18:00:00,645.78515625
2018-05-05 19:00:00,746.123046875
2018-05-05 20:00:00,212.880859375
2018-05-05 21:00:00,338.103515625
2018-05-05 22:00:00,1327.013671875
2018-05-05 23:00:00,340.662109375
2018-05-06 00:00:00,304.93359375
2018-05-06 01:00:00,267.0625
2018-05-06 02:00:00,365.99609375
2018-05-06 03:00:00,560.951171875
2018-05-06 04:00:00,695.6640625
2018-05-06 05:00:00,775.3203125
2018-05-06 06:00:00,765.89453125
2018-05-06 07:00:00,962.69921875
2018-05-06 08:00:00,258.86328125
2018-05-06 09:00:00,135.89453125
2018-05-06 10:00:00,526.380859375
2018-05-06 11:00:00,368.2578125
2018-05-06 12:00:00,207.455078125
2018-05-06 13:00:00,5.541015625
2018-05-06 14:00:00,81.05078125
2018-05-06 15:00:00,86.357421875
2018-05-06 16:00:00,175.537109375
2018-05-06 17:00:00,272.548828125
2018-05-06 18:00:00,204.77734375
2018-05-06 19:00:00,189.212890625
2018-05-06 20:00:00,186.2421875
2018-05-06 21:00:00,701.708984375
2018-05-06 22:00:00,1023.505859375
2018-05-06 23:00:00,27.890625
2018-05-07 00:00:00,62.9140625
2018-05-07 01:00:00,112.69921875
2018-05-07 02:00:00,80.796875
2018-05-07 03:00:00,329.259765625
2018-05-07 04:00:00,496.453125
2018-05-07 05:00:00,140.28125
2018-05-07 06:00:00,379.51953125
2018-05-07 07:00:00,259.5390625
2018-05-07 08:00:00,266.69140625
2018-05-07 09:00:00,320.27734375
2018-05-07 10:00:00,364.955078125
2018-05-07 11:00:00,700.94140625
2018-05-07 12:00:00,362.626953125
2018-05-07 13:00:00,696.935546875
2018-05-07 14:00:00,697.93359375
2018-05-07 15:00:00,161.22265625
2018-05-07 16:00:00,218.095703125
2018-05-07 17:00:00,74.552734375
2018-05-07 18:00:00,39.5234375
2018-05-07 19:00:00,166.59765625
2018-05-07 20:00:00,339.259765625
2018-05-07 21:00:00,1220.13671875
2018-05-07 22:00:00,809.55859375
2018-05-07 23:00:00,96.330078125
2018-05-08 00:00:00,25.53125
2018-05-08 01:00:00,33.046875
2018-05-08 02:00:00,26.1796875
2018-05-08 03:00:00,426.951171875
2018-05-08 04:00:00,561.21484375
2018-05-08 05:00:00,406.060546875
2018-05-08 06:00:00,162.837890625
2018-05-08 07:00:00,31.353515625
2018-05-08 08:00:00,609.814453125
2018-05-08 09:00:00,500.1640625
2018-05-08 10:00:00,180.4921875
2018-05-08 11:00:00,235.45703125
2018-05-08 12:00:00,426.763671875
2018-05-08 13:00:00,230.158203125
2018-05-08 14:00:00,233.90234375
2018-05-08 15:00:00,258.71875
2018-05-08 16:00:00,84.81640625
2018-05-08 17:00:00,197.25
2018-05-08 18:00:00,284.34765625
2018-05-08 19:00:00,587.025390625
2018-05-08 20:00:00,44.400390625
2018-05-08 21:00:00,1001.873046875
2018-05-08 22:00:00,882.376953125
2018-05-08 23:00:00,378.876953125
2018-05-09 00:00:00,37.265625
2018-05-09 01:00:00,100.279296875
2018-05-09 02:00:00,36.51953125
2018-05-09 03:00:00,464.02734375
2018-05-09 04:00:00,580.453125
2018-05-09 05:00:00,400.67578125
2018-05-09 06:00:00,122.279296875
2018-05-09 07:00:00,180.568359375
2018-05-09 08:00:00,665.072265625
2018-05-09 09:00:00,403.78515625
2018-05-09 10:00:00,160.765625
2018-05-09 11:00:00,397.763671875
2018-05-09 12:00:00,311.103515625
2018-05-09 13:00:00,310.6640625
2018-05-09 14:00:00,235.5859375
2018-05-09 15:00:00,548.84375
2018-05-09 16:00:00,10.8671875
2018-05-09 17:00:00,282.205078125
2018-05-09 18:00:00,143.8828125
2018-05-09 19:00:00,620.47265625
2018-05-09 20:00:00,182.435546875
2018-05-09 21:00:00,1034.7578125
2018-05-09 22:00:00,860.166015625
2018-05-09 23:00:00,319.708984375
2018-05-10 00:00:00,28.27734375
2018-05-10 01:00:00,62.8671875
2018-05-10 02:00:00,94.41015625
2018-05-10 03:00:00,313.88671875
2018-05-10 04:00:00,615.17578125
2018-05-10 05:00:00,334.79296875
2018-05-10 06:00:00,68.216796875
2018-05-10 07:00:00,172.849609375
2018-05-10 08:00:00,361.37890625
2018-05-10 09:00:00,801.76953125
2018-05-10 10:00:00,366.099609375
2018-05-10 11:00:00,128.8125
2018-05-10 12:00:00,552.880859375
2018-05-10 13:00:00,0.6953125
2018-05-10 14:00:00,375.70703125
2018-05-10 15:00:00,13.72265625
2018-05-10 16:00:00,313.775390625
2018-05-10 17:00:00,151.294921875
2018-05-10 18:00:00,254.328125
2018-05-10 19:00:00,672.462890625
2018-05-10 20:00:00,352.7421875
2018-05-10 21:00:00,448.173828125
2018-05-10 22:00:00,524.55859375
2018-05-10 23:00:00,579.375
2018-05-11 00:00:00,156.998046875
2018-05-11 01:00:00,7.634765625
2018-05-11 02:00:00,104.080078125
2018-05-11 03:00:00,229.84375
2018-05-11 04:00:00,425.30078125
2018-05-11 05:00:00,306.521484375
2018-05-11 06:00:00,173.98828125
2018-05-11 07:00:00,225.97265625
2018-05-11 08:00:00,236.369140625
2018-05-11 09:00:00,538.45703125
2018-05-11 10:00:00,168.1796875
2018-05-11 11:00:00,154.689453125
2018-05-11 12:00:00,148.16015625
2018-05-11 13:00:00,31.412109375
2018-05-11 14:00:00,150.19921875
2018-05-11 15:00:00,326.05078125
2018-05-11 16:00:00,365.58984375
2018-05-11 17:00:00,265.35546875
2018-05-11 18:00:00,824.83984375
2018-05-11 19:00:00,926.8125
2018-05-11 20:00:00,149.22265625
2018-05-11 21:00:00,756.251953125
2018-05-11 22:00:00,744.283203125
2018-05-11 23:00:00,104.4375
2018-05-12 00:00:00,219.6328125
2018-05-12 01:00:00,70.8125
2018-05-12 02:00:00,170.984375
2018-05-12 03:00:00,414.619140625
2018-05-12 04:00:00,754.41796875
2018-05-12 05:00:00,742.8671875
2018-05-12 06:00:00,684.13671875
2018-05-12 07:00:00,744.51171875
2018-05-12 08:00:00,38.701171875
2018-05-12 09:00:00,201.509765625
2018-05-12 10:00:00,420.03515625
2018-05-12 11:00:00,47.08203125
2018-05-12 12:00:00,217.673828125
2018-05-12 13:00:00,226.771484375
2018-05-12 14:00:00,235.20703125
2018-05-12 15:00:00,33.037109375
2018-05-12 16:00:00,48.603515625
2018-05-12 17:00:00,69.255859375
2018-05-12 18:00:00,59.380859375
2018-05-12 19:00:00,593.47265625
2018-05-12 20:00:00,303.17578125
2018-05-12 21:00:00,130.677734375
2018-05-12 22:00:00,600.015625
2018-05-12 23:00:00,28.1171875
2018-05-13 00:00:00,84.13671875
2018-05-13 01:00:00,1.189453125
2018-05-13 02:00:00,226.1640625
2018-05-13 03:00:00,396.17578125
2018-05-13 04:00:00,754.169921875
2018-05-13 05:00:00,699.4609375
2018-05-13 06:00:00,719.876953125
2018-05-13 07:00:00,837.951171875
2018-05-13 08:00:00,55.470703125
2018-05-13 09:00:00,86.48828125
2018-05-13 10:00:00,479.173828125
2018-05-13 11:00:00,249.400390625
2018-05-13 12:00:00,42.005859375
2018-05-13 13:00:00,164.267578125
2018-05-13 14:00:00,149.236328125
2018-05-13 15:00:00,70.48828125
2018-05-13 16:00:00,195.142578125
2018-05-13 17:00:00,26.5078125
2018-05-13 18:00:00,24.888671875
2018-05-13 19:00:00,159.84765625
2018-05-13 20:00:00,220.470703125
2018-05-13 21:00:00,247.9609375
2018-05-13 22:00:00,847.673828125
2018-05-13 23:00:00,230.796875
2018-05-14 00:00:00,5.224609375
2018-05-14 01:00:00,127.52734375
2018-05-14 02:00:00,134.302734375
2018-05-14 03:00:00,182.095703125
2018-05-14 04:00:00,461.97265625
2018-05-14 05:00:00,69.220703125
2018-05-14 06:00:00,348.830078125
2018-05-14 07:00:00,464.7265625
2018-05-14 08:00:00,269.533203125
2018-05-14 09:00:00,93.115234375
2018-05-14 10:00:00,221.716796875
2018-05-14 11:00:00,576.1875
2018-05-14 12:00:00,507.34765625
2018-05-14 13:00:00,361.88671875
2018-05-14 14:00:00,727.7734375
2018-05-14 15:00:00,81.046875
2018-05-14 16:00:00,650.958984375
2018-05-14 17:00:00,537.537109375
2018-05-14 18:00:00,401.197265625
2018-05-14 19:00:00,165.560546875
2018-05-14 20:00:00,647.236328125
2018-05-14 21:00:00,811.798828125
2018-05-14 22:00:00,434.490234375
2018-05-14 23:00:00,179.345703125
2018-05-15 00:00:00,229.64453125
2018-05-15 01:00:00,153.296875
2018-05-15 02:00:00,309.84375
2018-05-15 03:00:00,298.2734375
2018-05-15 04:00:00,269.00390625
2018-05-15 05:00:00,253.642578125
2018-05-15 06:00:00,352.544921875
2018-05-15 07:00:00,303.5078125
2018-05-15 08:00:00,10.755859375
2018-05-15 09:00:00,106.154296875
2018-05-15 10:00:00,488.66015625
2018-05-15 11:00:00,402.119140625
2018-05-15 12:00:00,817.9140625
2018-05-15 13:00:00,694.125
2018-05-15 14:00:00,926.140625
2018-05-15 15:00:00,639.74609375
2018-05-15 16:00:00,853.91796875
2018-05-15 17:00:00,518.1796875
2018-05-15 18:00:00,219.8046875
2018-05-15 19:00:00,183.6328125
2018-05-15 20:00:00,203.046875
2018-05-15 21:00:00,793.3203125
2018-05-15 22:00:00,469.1796875
2018-05-15 23:00:00,164.12890625
2018-05-16 00:00:00,275.4375
2018-05-16 01:00:00,104.19921875
2018-05-16 02:00:00,53.1796875
2018-05-16 03:00:00,237.736328125
2018-05-16 04:00:00,218.626953125
2018-05-16 05:00:00,33.224609375
2018-05-16 06:00:00,529.53515625
2018-05-16 07:00:00,608.287109375
2018-05-16 08:00:00,571.353515625
2018-05-16 09:00:00,924.3359375
2018-05-16 10:00:00,328.68359375
2018-05-16 11:00:00,194.205078125
2018-05-16 12:00:00,1470.2265625
2018-05-16 13:00:00,399.0625
2018-05-16 14:00:00,1068.578125
2018-05-16 15:00:00,753.3125
2018-05-16 16:00:00,727.595703125
2018-05-16 17:00:00,941.9609375
2018-05-16 18:00:00,700.021484375
2018-05-16 19:00:00,887.337890625
2018-05-16 20:00:00,210.400390625
2018-05-16 21:00:00,220.9765625
2018-05-16 22:00:00,1018.46875
2018-05-16 23:00:00,525.134765625
2018-05-17 00:00:00,166.6484375
2018-05-17 01:00:00,306.189453125
2018-05-17 02:00:00,80.013671875
2018-05-17 03:00:00,383.1171875
2018-05-17 04:00:00,467.548828125
2018-05-17 05:00:00,337.505859375
2018-05-17 06:00:00,230.7578125
2018-05-17 07:00:00,325.111328125
2018-05-17 08:00:00,439.44921875
2018-05-17 09:00:00,566.79296875
2018-05-17 10:00:00,11.30078125
2018-05-17 11:00:00,36.3984375
2018-05-17 12:00:00,135.203125
2018-05-17 13:00:00,90.322265625
2018-05-17 14:00:00,99.0390625
2018-05-17 15:00:00,540.044921875
2018-05-17 16:00:00,361.234375
2018-05-17 17:00:00,297.666015625
2018-05-17 18:00:00,389.8828125
2018-05-17 19:00:00,587.640625
2018-05-17 20:00:00,293.671875
2018-05-17 21:00:00,675.26171875
2018-05-17 22:00:00,636.205078125
2018-05-17 23:00:00,470.943359375
2018-05-18 00:00:00,106.392578125
2018-05-18 01:00:00,33.880859375
2018-05-18 02:00:00,201.677734375
2018-05-18 03:00:00,239.18359375
2018-05-18 04:00:00,252.6953125
2018-05-18 05:00:00,270.7265625
2018-05-18 06:00:00,279.310546875
2018-05-18 07:00:00,335.66015625
2018-05-18 08:00:00,125.947265625
2018-05-18 09:00:00,414.861328125
2018-05-18 10:00:00,48.146484375
2018-05-18 11:00:00,141.921875
2018-05-18 12:00:00,126.791015625
2018-05-18 13:00:00,139.439453125
2018-05-18 14:00:00,72.70703125
2018-05-18 15:00:00,497.33203125
2018-05-18 16:00:00,386.796875
2018-05-18 17:00:00,307.771484375
2018-05-18 18:00:00,581.203125
2018-05-18 19:00:00,417.77734375
2018-05-18 20:00:00,93.05078125
2018-05-18 21:00:00,618.27734375
2018-05-18 22:00:00,756.9453125
2018-05-18 23:00:00,172.767578125
2018-05-19 00:00:00,10.724609375
2018-05-19 01:00:00,196.673828125
2018-05-19 02:00:00,210.66015625
2018-05-19 03:00:00,594.376953125
2018-05-19 04:00:00,623.50390625
2018-05-19 05:00:00,797.978515625
2018-05-19 06:00:00,642.630859375
2018-05-19 07:00:00,723.791015625
2018-05-19 08:00:00,274.58984375
2018-05-19 09:00:00,163.376953125
2018-05-19 10:00:00,403.56640625
2018-05-19 11:00:00,282.283203125
2018-05-19 12:00:00,95.62109375
2018-05-19 13:00:00,314.35546875
2018-05-19 14:00:00,39.23828125
2018-05-19 15:00:00,93.7734375
2018-05-19 16:00:00,95.359375
2018-05-19 17:00:00,205.63671875
2018-05-19 18:00:00,66.330078125
2018-05-19 19:00:00,173.822265625
2018-05-19 20:00:00,249.669921875
2018-05-19 21:00:00,679.302734375
2018-05-19 22:00:00,449.123046875
2018-05-19 23:00:00,66.693359375
2018-05-20 00:00:00,253.89453125
2018-05-20 01:00:00,80.1484375
2018-05-20 02:00:00,24.12109375
2018-05-20 03:00:00,172.06640625
2018-05-20 04:00:00,329.48046875
2018-05-20 05:00:00,460.84765625
2018-05-20 06:00:00,531.48046875
2018-05-20 07:00:00,712.728515625
2018-05-20 08:00:00,242.68359375
2018-05-20 09:00:00,22.345703125
2018-05-20 10:00:00,186.162109375
2018-05-20 11:00:00,77.22265625
2018-05-20 12:00:00,492.78125
2018-05-20 13:00:00,487.755859375
2018-05-20 14:00:00,512.408203125
2018-05-20 15:00:00,178.828125
2018-05-20 16:00:00,540.197265625
2018-05-20 17:00:00,747.365234375
2018-05-20 18:00:00,541.07421875
2018-05-20 19:00:00,104.16796875
2018-05-20 20:00:00,123.5078125
2018-05-20 21:00:00,750.4609375
2018-05-20 22:00:00,188.501953125
2018-05-20 23:00:00,728.2265625
2018-05-21 00:00:00,7.794921875
2018-05-21 01:00:00,69.482421875
2018-05-21 02:00:00,274.01953125
2018-05-21 03:00:00,85.421875
2018-05-21 04:00:00,205.13671875
2018-05-21 05:00:00,35.3046875
2018-05-21 06:00:00,367.759765625
2018-05-21 07:00:00,488.4453125
2018-05-21 08:00:00,90.087890625
2018-05-21 09:00:00,308.4921875
2018-05-21 10:00:00,438.35546875
2018-05-21 11:00:00,209.076171875
2018-05-21 12:00:00,197.044921875
2018-05-21 13:00:00,152.755859375
2018-05-21 14:00:00,40.47265625
2018-05-21 15:00:00,325.7890625
2018-05-21 16:00:00,124.66796875
2018-05-21 17:00:00,70.21875
2018-05-21 18:00:00,246.41015625
2018-05-21 19:00:00,554.0546875
2018-05-21 20:00:00,486.7421875
2018-05-21 21:00:00,596.67578125
2018-05-21 22:00:00,608.86328125
2018-05-21 23:00:00,959.4375
2018-05-22 00:00:00,2.251953125
2018-05-22 01:00:00,267.115234375
2018-05-22 02:00:00,38.859375
2018-05-22 03:00:00,77.07421875
2018-05-22 04:00:00,517.09375
2018-05-22 05:00:00,174.93359375
2018-05-22 06:00:00,111.6484375
2018-05-22 07:00:00,466.857421875
2018-05-22 08:00:00,307.939453125
2018-05-22 09:00:00,498.341796875
2018-05-22 10:00:00,165.931640625
2018-05-22 11:00:00,1.583984375
2018-05-22 12:00:00,122.953125
2018-05-22 13:00:00,374.798828125
2018-05-22 14:00:00,162.58984375
2018-05-22 15:00:00,867.197265625
2018-05-22 16:00:00,658.7265625
2018-05-22 17:00:00,554.88671875
2018-05-22 18:00:00,832.53125
2018-05-22 19:00:00,780.095703125
2018-05-22 20:00:00,164.197265625
2018-05-22 21:00:00,565.8203125
2018-05-22 22:00:00,680.908203125
2018-05-22 23:00:00,683.708984375
2018-05-23 00:00:00,79.49609375
2018-05-23 01:00:00,8.20703125
2018-05-23 02:00:00,143.0234375
2018-05-23 03:00:00,145.8125
2018-05-23 04:00:00,366.587890625
2018-05-23 05:00:00,110.525390625
2018-05-23 06:00:00,313.78125
2018-05-23 07:00:00,444.595703125
2018-05-23 08:00:00,164.4921875
2018-05-23 09:00:00,208.74609375
2018-05-23 10:00:00,38.091796875
2018-05-23 11:00:00,76.984375
2018-05-23 12:00:00,62.0390625
2018-05-23 13:00:00,346.2890625
2018-05-23 14:00:00,35.93359375
2018-05-23 15:00:00,332.19921875
2018-05-23 16:00:00,86.69921875
2018-05-23 17:00:00,279.70703125
2018-05-23 18:00:00,110.109375
2018-05-23 19:00:00,308.51171875
2018-05-23 20:00:00,142.79296875
2018-05-23 21:00:00,541.56640625
2018-05-23 22:00:00,216.47265625
2018-05-23 23:00:00,895.546875
2018-05-24 00:00:00,16.841796875
2018-05-24 01:00:00,278.048828125
2018-05-24 02:00:00,16.25
2018-05-24 03:00:00,146.142578125
2018-05-24 04:00:00,554.40625
2018-05-24 05:00:00,174.25
2018-05-24 06:00:00,92.7421875
2018-05-24 07:00:00,319.83203125
2018-05-24 08:00:00,186.822265625
2018-05-24 09:00:00,770.00390625
2018-05-24 10:00:00,37.173828125
2018-05-24 11:00:00,88.52734375
2018-05-24 12:00:00,9.375
2018-05-24 13:00:00,101.162109375
2018-05-24 14:00:00,92.3984375
2018-05-24 15:00:00,266.75390625
2018-05-24 16:00:00,54.29296875
2018-05-24 17:00:00,233.73828125
2018-05-24 18:00:00,62.8828125
2018-05-24 19:00:00,460.5625
2018-05-24 20:00:00,338.51171875
2018-05-24 21:00:00,455.8671875
2018-05-24 22:00:00,280.68359375
2018-05-24 23:00:00,1033.060546875
2018-05-25 00:00:00,52.20703125
2018-05-25 01:00:00,315.67578125
2018-05-25 02:00:00,154.955078125
2018-05-25 03:00:00,264.341796875
2018-05-25 04:00:00,490.11328125
2018-05-25 05:00:00,324.60546875
2018-05-25 06:00:00,104.8828125
2018-05-25 07:00:00,471.8359375
2018-05-25 08:00:00,218.17578125
2018-05-25 09:00:00,310.23046875
2018-05-25 10:00:00,277.46875
2018-05-25 11:00:00,7.62890625
2018-05-25 12:00:00,16.8984375
2018-05-25 13:00:00,184.76953125
2018-05-25 14:00:00,187.7421875
2018-05-25 15:00:00,41.92578125
2018-05-25 16:00:00,263.53515625
2018-05-25 17:00:00,426.38671875
2018-05-25 18:00:00,132.6015625
2018-05-25 19:00:00,300.3984375
2018-05-25 20:00:00,44.92578125
2018-05-25 21:00:00,607.66796875
2018-05-25 22:00:00,670.58203125
2018-05-25 23:00:00,694.91015625
2018-05-26 00:00:00,302.203125
2018-05-26 01:00:00,334.10546875
2018-05-26 02:00:00,234.5390625
2018-05-26 03:00:00,47.00390625
2018-05-26 04:00:00,171.18359375
2018-05-26 05:00:00,169.6171875
2018-05-26 06:00:00,291.84765625
2018-05-26 07:00:00,168.455078125
2018-05-26 08:00:00,888.541015625
2018-05-26 09:00:00,327.283203125
2018-05-26 10:00:00,193.431640625
2018-05-26 11:00:00,238.75
2018-05-26 12:00:00,132.1015625
2018-05-26 13:00:00,208.1171875
2018-05-26 14:00:00,4.5390625
2018-05-26 15:00:00,49.4609375
2018-05-26 16:00:00,178.015625
2018-05-26 17:00:00,153.15234375
2018-05-26 18:00:00,285.30078125
2018-05-26 19:00:00,478.50390625
2018-05-26 20:00:00,222.91796875
2018-05-26 21:00:00,721.203125
2018-05-26 22:00:00,42.90625
2018-05-26 23:00:00,308.1796875
2018-05-27 00:00:00,4.205078125
2018-05-27 01:00:00,218.740234375
2018-05-27 02:00:00,144.654296875
2018-05-27 03:00:00,140.392578125
2018-05-27 04:00:00,10.85546875
2018-05-27 05:00:00,137.142578125
2018-05-27 06:00:00,257.978515625
2018-05-27 07:00:00,449.78125
2018-05-27 08:00:00,171.978515625
2018-05-27 09:00:00,35.79296875
2018-05-27 10:00:00,402.51953125
2018-05-27 11:00:00,624.564453125
2018-05-27 12:00:00,791.658203125
2018-05-27 13:00:00,753.294921875
2018-05-27 14:00:00,860.375
2018-05-27 15:00:00,923.474609375
2018-05-27 16:00:00,790.666015625
2018-05-27 17:00:00,724.060546875
2018-05-27 18:00:00,740.634765625
2018-05-27 19:00:00,935.27734375
2018-05-27 20:00:00,682.115234375
2018-05-27 21:00:00,60.02734375
2018-05-27 22:00:00,888.021484375
2018-05-27 23:00:00,892.109375
2018-05-28 00:00:00,344.607421875
2018-05-28 01:00:00,593.6796875
2018-05-28 02:00:00,213.390625
2018-05-28 03:00:00,584.375
2018-05-28 04:00:00,640.1484375
2018-05-28 05:00:00,619.466796875
2018-05-28 06:00:00,786.66796875
2018-05-28 07:00:00,808.1328125
2018-05-28 08:00:00,327.310546875
2018-05-28 09:00:00,18.03125
2018-05-28 10:00:00,352.671875
2018-05-28 11:00:00,309.173828125
2018-05-28 12:00:00,243.693359375
2018-05-28 13:00:00,286.03125
2018-05-28 14:00:00,2.5078125
2018-05-28 15:00:00,99.423828125
2018-05-28 16:00:00,165.376953125
2018-05-28 17:00:00,164.984375
2018-05-28 18:00:00,70.46875
2018-05-28 19:00:00,487.78515625
2018-05-28 20:00:00,282.73828125
2018-05-28 21:00:00,609.802734375
2018-05-28 22:00:00,392.05078125
2018-05-28 23:00:00,641.111328125
2018-05-29 00:00:00,316.3671875
2018-05-29 01:00:00,213.837890625
2018-05-29 02:00:00,251.541015625
2018-05-29 03:00:00,270.71484375
2018-05-29 04:00:00,233.427734375
2018-05-29 05:00:00,269.978515625
2018-05-29 06:00:00,578.642578125
2018-05-29 07:00:00,706.029296875
2018-05-29 08:00:00,608.517578125
2018-05-29 09:00:00,453.826171875
2018-05-29 10:00:00,864.46875
2018-05-29 11:00:00,959.259765625
2018-05-29 12:00:00,985.71875
2018-05-29 13:00:00,1089.40234375
2018-05-29 14:00:00,1043.68359375
2018-05-29 15:00:00,1109.63671875
2018-05-29 16:00:00,1352.36328125
2018-05-29 17:00:00,1385.37890625
2018-05-29 18:00:00,1014.20703125
2018-05-29 19:00:00,658.82421875
2018-05-29 20:00:00,798.265625
2018-05-29 21:00:00,1359.171875
2018-05-29 22:00:00,799.23828125
2018-05-29 23:00:00,687.328125
2018-05-30 00:00:00,497.923828125
2018-05-30 01:00:00,204.365234375
2018-05-30 02:00:00,251.798828125
2018-05-30 03:00:00,67.6953125
2018-05-30 04:00:00,184.71875
2018-05-30 05:00:00,103.16796875
2018-05-30 06:00:00,286.03515625
2018-05-30 07:00:00,692.578125
2018-05-30 08:00:00,377.908203125
2018-05-30 09:00:00,629.171875
2018-05-30 10:00:00,228.31640625
2018-05-30 11:00:00,433.75
2018-05-30 12:00:00,165.265625
2018-05-30 13:00:00,300.09765625
2018-05-30 14:00:00,382.70703125
2018-05-30 15:00:00,861.44140625
2018-05-30 16:00:00,528.56640625
2018-05-30 17:00:00,678.89453125
2018-05-30 18:00:00,663.71875
2018-05-30 19:00:00,934.1640625
2018-05-30 20:00:00,125.80078125
2018-05-30 21:00:00,278.53125
2018-05-30 22:00:00,613.45703125
2018-05-30 23:00:00,1142.033203125
2018-05-31 00:00:00,248.30078125
2018-05-31 01:00:00,455.775390625
2018-05-31 02:00:00,87.208984375
2018-05-31 03:00:00,325.849609375
2018-05-31 04:00:00,377.771484375
2018-05-31 05:00:00,105.109375
2018-05-31 06:00:00,283.015625
2018-05-31 07:00:00,480.67578125
2018-05-31 08:00:00,644.294921875
2018-05-31 09:00:00,770.962890625
2018-05-31 10:00:00,259.021484375
2018-05-31 11:00:00,438.359375
2018-05-31 12:00:00,391.3671875
2018-05-31 13:00:00,275.4921875
2018-05-31 14:00:00,293.78125
2018-05-31 15:00:00,543.85546875
2018-05-31 16:00:00,286.01171875
2018-05-31 17:00:00,8.5234375
2018-05-31 18:00:00,175.96484375
2018-05-31 19:00:00,373.56640625
2018-05-31 20:00:00,205.4921875
2018-05-31 21:00:00,530.98046875
2018-05-31 22:00:00,291.984375
2018-05-31 23:00:00,637.1875
2018-06-01 00:00:00,183.51171875
2018-06-01 01:00:00,7.990234375
2018-06-01 02:00:00,152.494140625
2018-06-01 03:00:00,45.896484375
2018-06-01 04:00:00,20.529296875
2018-06-01 05:00:00,24.556640625
2018-06-01 06:00:00,555.853515625
2018-06-01 07:00:00,415.455078125
2018-06-01 08:00:00,172.779296875
2018-06-01 09:00:00,238.96484375
2018-06-01 10:00:00,137.7578125
2018-06-01 11:00:00,201.7578125
2018-06-01 12:00:00,384.90625
2018-06-01 13:00:00,472.22265625
2018-06-01 14:00:00,573.3828125
2018-06-01 15:00:00,456.30859375
2018-06-01 16:00:00,594.7578125
2018-06-01 17:00:00,709.41015625
2018-06-01 18:00:00,361.1171875
2018-06-01 19:00:00,112.33203125
2018-06-01 20:00:00,162.16015625
2018-06-01 21:00:00,911.3125
2018-06-01 22:00:00,688.28515625
2018-06-01 23:00:00,350.265625
2018-06-02 00:00:00,284.8125
2018-06-02 01:00:00,442.7578125
2018-06-02 02:00:00,80.619140625
2018-06-02 03:00:00,240.64453125
2018-06-02 04:00:00,463.064453125
2018-06-02 05:00:00,409.03515625
2018-06-02 06:00:00,504.8046875
2018-06-02 07:00:00,355.90234375
2018-06-02 08:00:00,490.095703125
2018-06-02 09:00:00,91.740234375
2018-06-02 10:00:00,310.37109375
2018-06-02 11:00:00,413.6640625
2018-06-02 12:00:00,415.10546875
2018-06-02 13:00:00,202.4921875
2018-06-02 14:00:00,369.5390625
2018-06-02 15:00:00,464.26953125
2018-06-02 16:00:00,580.1328125
2018-06-02 17:00:00,861.734375
2018-06-02 18:00:00,744.40625
2018-06-02 19:00:00,813.9765625
2018-06-02 20:00:00,370.52734375
2018-06-02 21:00:00,237.0
2018-06-02 22:00:00,220.59765625
2018-06-02 23:00:00,805.55078125
2018-06-03 00:00:00,366.0078125
2018-06-03 01:00:00,567.060546875
2018-06-03 02:00:00,10.830078125
2018-06-03 03:00:00,233.65625
2018-06-03 04:00:00,215.478515625
2018-06-03 05:00:00,446.40625
2018-06-03 06:00:00,452.884765625
2018-06-03 07:00:00,653.958984375
2018-06-03 08:00:00,235.0390625
2018-06-03 09:00:00,289.943359375
2018-06-03 10:00:00,672.275390625
2018-06-03 11:00:00,694.677734375
2018-06-03 12:00:00,721.66796875
2018-06-03 13:00:00,653.26171875
2018-06-03 14:00:00,857.02734375
2018-06-03 15:00:00,478.453125
2018-06-03 16:00:00,554.9296875
2018-06-03 17:00:00,207.107421875
2018-06-03 18:00:00,459.625
2018-06-03 19:00:00,644.5390625
2018-06-03 20:00:00,425.48828125
2018-06-03 21:00:00,91.5
2018-06-03 22:00:00,914.201171875
2018-06-03 23:00:00,885.28515625
2018-06-04 00:00:00,148.12109375
2018-06-04 01:00:00,356.736328125
2018-06-04 02:00:00,302.373046875
2018-06-04 03:00:00,478.72265625
2018-06-04 04:00:00,514.76953125
2018-06-04 05:00:00,367.857421875
2018-06-04 06:00:00,148.189453125
2018-06-04 07:00:00,303.65234375
2018-06-04 08:00:00,390.638671875
2018-06-04 09:00:00,274.251953125
2018-06-04 10:00:00,112.505859375
2018-06-04 11:00:00,614.392578125
2018-06-04 12:00:00,375.060546875
2018-06-04 13:00:00,319.080078125
2018-06-04 14:00:00,602.169921875
2018-06-04 15:00:00,370.521484375
2018-06-04 16:00:00,80.953125
2018-06-04 17:00:00,174.3671875
2018-06-04 18:00:00,330.3671875
2018-06-04 19:00:00,30.03125
2018-06-04 20:00:00,257.962890625
2018-06-04 21:00:00,654.267578125
2018-06-04 22:00:00,226.9765625
2018-06-04 23:00:00,839.5078125
2018-06-05 00:00:00,226.9765625
2018-06-05 01:00:00,38.029296875
2018-06-05 02:00:00,93.068359375
2018-06-05 03:00:00,239.2265625
2018-06-05 04:00:00,523.23828125
2018-06-05 05:00:00,275.7578125
2018-06-05 06:00:00,17.279296875
2018-06-05 07:00:00,454.490234375
2018-06-05 08:00:00,450.51953125
2018-06-05 09:00:00,263.72265625
2018-06-05 10:00:00,195.873046875
2018-06-05 11:00:00,919.11328125
2018-06-05 12:00:00,154.244140625
2018-06-05 13:00:00,183.0390625
2018-06-05 14:00:00,357.83984375
2018-06-05 15:00:00,703.171875
2018-06-05 16:00:00,97.77734375
2018-06-05 17:00:00,459.69921875
2018-06-05 18:00:00,391.37109375
2018-06-05 19:00:00,820.87109375
2018-06-05 20:00:00,86.220703125
2018-06-05 21:00:00,410.96875
2018-06-05 22:00:00,282.732421875
2018-06-05 23:00:00,709.5625
2018-06-06 00:00:00,44.033203125
2018-06-06 01:00:00,9.83984375
2018-06-06 02:00:00,18.0234375
2018-06-06 03:00:00,186.685546875
2018-06-06 04:00:00,533.52734375
2018-06-06 05:00:00,230.35546875
2018-06-06 06:00:00,23.859375
2018-06-06 07:00:00,421.212890625
2018-06-06 08:00:00,290.865234375
2018-06-06 09:00:00,666.69921875
2018-06-06 10:00:00,51.73828125
2018-06-06 11:00:00,72.865234375
2018-06-06 12:00:00,49.828125
2018-06-06 13:00:00,270.392578125
2018-06-06 14:00:00,284.044921875
2018-06-06 15:00:00,329.14453125
2018-06-06 16:00:00,688.197265625
2018-06-06 17:00:00,608.140625
2018-06-06 18:00:00,828.880859375
2018-06-06 19:00:00,612.90625
2018-06-06 20:00:00,76.6640625
2018-06-06 21:00:00,629.34375
2018-06-06 22:00:00,505.509765625
2018-06-06 23:00:00,660.078125
2018-06-07 00:00:00,30.57421875
2018-06-07 01:00:00,191.365234375
2018-06-07 02:00:00,167.232421875
2018-06-07 03:00:00,361.822265625
2018-06-07 04:00:00,403.34765625
2018-06-07 05:00:00,369.642578125
2018-06-07 06:00:00,244.98046875
2018-06-07 07:00:00,269.60546875
2018-06-07 08:00:00,357.140625
2018-06-07 09:00:00,507.220703125
2018-06-07 10:00:00,95.39453125
2018-06-07 11:00:00,286.306640625
2018-06-07 12:00:00,51.0625
2018-06-07 13:00:00,317.173828125
2018-06-07 14:00:00,203.025390625
2018-06-07 15:00:00,664.58984375
2018-06-07 16:00:00,10.08984375
2018-06-07 17:00:00,239.3125
2018-06-07 18:00:00,217.60546875
2018-06-07 19:00:00,444.87109375
2018-06-07 20:00:00,378.640625
2018-06-07 21:00:00,577.3359375
2018-06-07 22:00:00,104.884765625
2018-06-07 23:00:00,996.634765625
2018-06-08 00:00:00,169.822265625
2018-06-08 01:00:00,47.548828125
2018-06-08 02:00:00,40.6328125
2018-06-08 03:00:00,27.1875
2018-06-08 04:00:00,471.9296875
2018-06-08 05:00:00,234.62890625
2018-06-08 06:00:00,108.509765625
2018-06-08 07:00:00,205.06640625
2018-06-08 08:00:00,73.86328125
2018-06-08 09:00:00,368.5234375
2018-06-08 10:00:00,364.193359375
2018-06-08 11:00:00,188.28515625
2018-06-08 12:00:00,232.6875
2018-06-08 13:00:00,125.890625
2018-06-08 14:00:00,459.59765625
2018-06-08 15:00:00,91.87890625
2018-06-08 16:00:00,307.65234375
2018-06-08 17:00:00,171.7109375
2018-06-08 18:00:00,80.125
2018-06-08 19:00:00,294.1953125
2018-06-08 20:00:00,116.94140625
2018-06-08 21:00:00,613.38671875
2018-06-08 22:00:00,496.4921875
2018-06-08 23:00:00,822.72265625
2018-06-09 00:00:00,54.95703125
2018-06-09 01:00:00,240.302734375
2018-06-09 02:00:00,145.7734375
2018-06-09 03:00:00,11.4296875
2018-06-09 04:00:00,148.341796875
2018-06-09 05:00:00,240.9765625
2018-06-09 06:00:00,303.6328125
2018-06-09 07:00:00,172.32421875
2018-06-09 08:00:00,633.072265625
2018-06-09 09:00:00,109.732421875
2018-06-09 10:00:00,120.51171875
2018-06-09 11:00:00,75.8515625
2018-06-09 12:00:00,362.4375
2018-06-09 13:00:00,479.62890625
2018-06-09 14:00:00,454.1640625
2018-06-09 15:00:00,331.27734375
2018-06-09 16:00:00,640.453125
2018-06-09 17:00:00,517.8828125
2018-06-09 18:00:00,498.203125
2018-06-09 19:00:00,846.6328125
2018-06-09 20:00:00,544.796875
2018-06-09 21:00:00,218.8359375
2018-06-09 22:00:00,173.78125
2018-06-09 23:00:00,866.189453125
2018-06-10 00:00:00,146.490234375
2018-06-10 01:00:00,124.591796875
2018-06-10 02:00:00,65.76953125
2018-06-10 03:00:00,76.998046875
2018-06-10 04:00:00,93.234375
2018-06-10 05:00:00,176.705078125
2018-06-10 06:00:00,370.568359375
2018-06-10 07:00:00,377.234375
2018-06-10 08:00:00,290.54296875
2018-06-10 09:00:00,16.888671875
2018-06-10 10:00:00,194.580078125
2018-06-10 11:00:00,515.990234375
2018-06-10 12:00:00,367.578125
2018-06-10 13:00:00,572.943359375
2018-06-10 14:00:00,547.56640625
2018-06-10 15:00:00,517.798828125
2018-06-10 16:00:00,344.26171875
2018-06-10 17:00:00,479.51953125
2018-06-10 18:00:00,368.3984375
2018-06-10 19:00:00,720.06640625
2018-06-10 20:00:00,368.107421875
2018-06-10 21:00:00,54.376953125
2018-06-10 22:00:00,792.0625
2018-06-10 23:00:00,697.556640625
2018-06-11 00:00:00,170.677734375
2018-06-11 01:00:00,49.154296875
2018-06-11 02:00:00,230.837890625
2018-06-11 03:00:00,195.927734375
2018-06-11 04:00:00,443.705078125
2018-06-11 05:00:00,184.17578125
2018-06-11 06:00:00,215.908203125
2018-06-11 07:00:00,394.7109375
2018-06-11 08:00:00,223.205078125
2018-06-11 09:00:00,231.703125
2018-06-11 10:00:00,6.962890625
2018-06-11 11:00:00,174.541015625
2018-06-11 12:00:00,43.900390625
2018-06-11 13:00:00,186.27734375
2018-06-11 14:00:00,48.265625
2018-06-11 15:00:00,57.369140625
2018-06-11 16:00:00,161.421875
2018-06-11 17:00:00,4.671875
2018-06-11 18:00:00,245.619140625
2018-06-11 19:00:00,497.22265625
2018-06-11 20:00:00,25.658203125
2018-06-11 21:00:00,588.177734375
2018-06-11 22:00:00,110.763671875
2018-06-11 23:00:00,908.900390625
2018-06-12 00:00:00,181.373046875
2018-06-12 01:00:00,72.43359375
2018-06-12 02:00:00,129.828125
2018-06-12 03:00:00,263.90625
2018-06-12 04:00:00,662.830078125
2018-06-12 05:00:00,348.330078125
2018-06-12 06:00:00,131.423828125
2018-06-12 07:00:00,243.8046875
2018-06-12 08:00:00,487.62890625
2018-06-12 09:00:00,507.376953125
2018-06-12 10:00:00,35.068359375
2018-06-12 11:00:00,294.060546875
2018-06-12 12:00:00,142.8046875
2018-06-12 13:00:00,296.421875
2018-06-12 14:00:00,205.990234375
2018-06-12 15:00:00,244.533203125
2018-06-12 16:00:00,60.71875
2018-06-12 17:00:00,73.0859375
2018-06-12 18:00:00,92.671875
2018-06-12 19:00:00,543.2421875
2018-06-12 20:00:00,195.330078125
2018-06-12 21:00:00,467.533203125
2018-06-12 22:00:00,270.041015625
2018-06-12 23:00:00,972.5
2018-06-13 00:00:00,306.359375
2018-06-13 01:00:00,46.400390625
2018-06-13 02:00:00,210.677734375
2018-06-13 03:00:00,45.013671875
2018-06-13 04:00:00,260.904296875
2018-06-13 05:00:00,13.59375
2018-06-13 06:00:00,352.880859375
2018-06-13 07:00:00,516.888671875
2018-06-13 08:00:00,156.859375
2018-06-13 09:00:00,67.58203125
2018-06-13 10:00:00,157.130859375
2018-06-13 11:00:00,450.6796875
2018-06-13 12:00:00,39.4453125
2018-06-13 13:00:00,8.12109375
2018-06-13 14:00:00,108.71484375
2018-06-13 15:00:00,121.25390625
2018-06-13 16:00:00,322.62890625
2018-06-13 17:00:00,139.73046875
2018-06-13 18:00:00,656.06640625
2018-06-13 19:00:00,160.6953125
2018-06-13 20:00:00,512.98828125
2018-06-13 21:00:00,1109.35546875
2018-06-13 22:00:00,649.3046875
2018-06-13 23:00:00,842.35546875
2018-06-14 00:00:00,381.421875
2018-06-14 01:00:00,227.0
2018-06-14 02:00:00,514.216796875
2018-06-14 03:00:00,53.12109375
2018-06-14 04:00:00,77.283203125
2018-06-14 05:00:00,261.44140625
2018-06-14 06:00:00,18.072265625
2018-06-14 07:00:00,947.654296875
2018-06-14 08:00:00,254.49609375
2018-06-14 09:00:00,579.181640625
2018-06-14 10:00:00,72.40234375
2018-06-14 11:00:00,421.23828125
2018-06-14 12:00:00,140.79296875
2018-06-14 13:00:00,91.05859375
2018-06-14 14:00:00,21.9921875
2018-06-14 15:00:00,38.37890625
2018-06-14 16:00:00,314.296875
2018-06-14 17:00:00,74.8125
2018-06-14 18:00:00,7.80859375
2018-06-14 19:00:00,554.7421875
2018-06-14 20:00:00,502.21875
2018-06-14 21:00:00,251.5390625
2018-06-14 22:00:00,586.921875
2018-06-14 23:00:00,1599.6875
2018-06-15 00:00:00,31.21484375
2018-06-15 01:00:00,645.181640625
2018-06-15 02:00:00,391.275390625
2018-06-15 03:00:00,522.451171875
2018-06-15 04:00:00,620.91015625
2018-06-15 05:00:00,334.873046875
2018-06-15 06:00:00,169.869140625
2018-06-15 07:00:00,504.634765625
2018-06-15 08:00:00,284.060546875
2018-06-15 09:00:00,807.091796875
2018-06-15 10:00:00,124.09765625
2018-06-15 11:00:00,405.916015625
2018-06-15 12:00:00,320.6953125
2018-06-15 13:00:00,194.39453125
2018-06-15 14:00:00,283.51953125
2018-06-15 15:00:00,504.5
2018-06-15 16:00:00,435.6796875
2018-06-15 17:00:00,334.7421875
2018-06-15 18:00:00,523.84765625
2018-06-15 19:00:00,742.99609375
2018-06-15 20:00:00,723.08203125
2018-06-15 21:00:00,248.7890625
2018-06-15 22:00:00,466.58984375
2018-06-15 23:00:00,1243.14453125
2018-06-16 00:00:00,89.50390625
2018-06-16 01:00:00,361.16796875
2018-06-16 02:00:00,290.32421875
2018-06-16 03:00:00,402.654296875
2018-06-16 04:00:00,605.03125
2018-06-16 05:00:00,745.447265625
2018-06-16 06:00:00,862.009765625
2018-06-16 07:00:00,302.357421875
2018-06-16 08:00:00,161.9765625
2018-06-16 09:00:00,43.52734375
2018-06-16 10:00:00,192.072265625
2018-06-16 11:00:00,48.74609375
2018-06-16 12:00:00,337.93359375
2018-06-16 13:00:00,197.255859375
2018-06-16 14:00:00,297.1171875
2018-06-16 15:00:00,135.6015625
2018-06-16 16:00:00,27.13671875
2018-06-16 17:00:00,201.68359375
2018-06-16 18:00:00,43.14453125
2018-06-16 19:00:00,447.5625
2018-06-16 20:00:00,615.54296875
2018-06-16 21:00:00,39.54296875
2018-06-16 22:00:00,281.890625
2018-06-16 23:00:00,874.109375
2018-06-17 00:00:00,144.701171875
2018-06-17 01:00:00,187.130859375
2018-06-17 02:00:00,162.439453125
2018-06-17 03:00:00,137.181640625
2018-06-17 04:00:00,197.734375
2018-06-17 05:00:00,214.484375
2018-06-17 06:00:00,629.32421875
2018-06-17 07:00:00,9.39453125
2018-06-17 08:00:00,553.373046875
2018-06-17 09:00:00,532.748046875
2018-06-17 10:00:00,308.197265625
2018-06-17 11:00:00,495.65234375
2018-06-17 12:00:00,519.9921875
2018-06-17 13:00:00,217.15625
2018-06-17 14:00:00,372.828125
2018-06-17 15:00:00,468.25390625
2018-06-17 16:00:00,663.37109375
2018-06-17 17:00:00,520.6484375
2018-06-17 18:00:00,372.23828125
2018-06-17 19:00:00,14.58203125
2018-06-17 20:00:00,49.140625
2018-06-17 21:00:00,624.484375
2018-06-17 22:00:00,960.38671875
2018-06-17 23:00:00,590.859375
2018-06-18 00:00:00,391.40234375
2018-06-18 01:00:00,43.0859375
2018-06-18 02:00:00,383.44921875
2018-06-18 03:00:00,394.181640625
2018-06-18 04:00:00,252.013671875
2018-06-18 05:00:00,675.087890625
2018-06-18 06:00:00,598.435546875
2018-06-18 07:00:00,840.29296875
2018-06-18 08:00:00,997.3828125
2018-06-18 09:00:00,685.1640625
2018-06-18 10:00:00,1115.3984375
2018-06-18 11:00:00,1310.734375
2018-06-18 12:00:00,1137.96875
2018-06-18 13:00:00,1037.15625
2018-06-18 14:00:00,1031.73046875
2018-06-18 15:00:00,509.97265625
2018-06-18 16:00:00,825.22265625
2018-06-18 17:00:00,793.75
2018-06-18 18:00:00,381.8984375
2018-06-18 19:00:00,1223.859375
2018-06-18 20:00:00,370.765625
2018-06-18 21:00:00,1638.7578125
2018-06-18 22:00:00,842.8828125
2018-06-18 23:00:00,394.82421875
2018-06-19 00:00:00,891.59765625
2018-06-19 01:00:00,528.78515625
2018-06-19 02:00:00,936.16796875
2018-06-19 03:00:00,201.841796875
2018-06-19 04:00:00,28.099609375
2018-06-19 05:00:00,66.6640625
2018-06-19 06:00:00,31.125
2018-06-19 07:00:00,107.8125
2018-06-19 08:00:00,172.58984375
2018-06-19 09:00:00,241.93359375
2018-06-19 10:00:00,56.375
2018-06-19 11:00:00,35.375
2018-06-19 12:00:00,267.40234375
2018-06-19 13:00:00,224.28515625
2018-06-19 14:00:00,338.8046875
2018-06-19 15:00:00,160.24609375
2018-06-19 16:00:00,280.37890625
2018-06-19 17:00:00,87.46875
2018-06-19 18:00:00,527.390625
2018-06-19 19:00:00,376.13671875
2018-06-19 20:00:00,286.36328125
2018-06-19 21:00:00,292.60546875
2018-06-19 22:00:00,785.96875
2018-06-19 23:00:00,1595.3125
2018-06-20 00:00:00,198.8671875
2018-06-20 01:00:00,925.453125
2018-06-20 02:00:00,92.48046875
2018-06-20 03:00:00,798.578125
2018-06-20 04:00:00,965.046875
2018-06-20 05:00:00,811.298828125
2018-06-20 06:00:00,610.126953125
2018-06-20 07:00:00,329.40234375
2018-06-20 08:00:00,797.0078125
2018-06-20 09:00:00,1241.65234375
2018-06-20 10:00:00,399.47265625
2018-06-20 11:00:00,292.87890625
2018-06-20 12:00:00,11.33984375
2018-06-20 13:00:00,460.578125
2018-06-20 14:00:00,250.85546875
2018-06-20 15:00:00,603.890625
2018-06-20 16:00:00,242.140625
2018-06-20 17:00:00,320.703125
2018-06-20 18:00:00,446.640625
2018-06-20 19:00:00,382.06640625
2018-06-20 20:00:00,300.9765625
2018-06-20 21:00:00,738.7265625
2018-06-20 22:00:00,213.60546875
2018-06-20 23:00:00,481.40625
2018-06-21 00:00:00,22.12890625
2018-06-21 01:00:00,352.943359375
2018-06-21 02:00:00,130.0625
2018-06-21 03:00:00,210.21484375
2018-06-21 04:00:00,293.189453125
2018-06-21 05:00:00,80.880859375
2018-06-21 06:00:00,158.109375
2018-06-21 07:00:00,36.3984375
2018-06-21 08:00:00,381.6953125
2018-06-21 09:00:00,1080.3046875
2018-06-21 10:00:00,284.2421875
2018-06-21 11:00:00,412.09765625
2018-06-21 12:00:00,425.8046875
2018-06-21 13:00:00,122.0546875
2018-06-21 14:00:00,5.7890625
2018-06-21 15:00:00,110.0
2018-06-21 16:00:00,22.96484375
2018-06-21 17:00:00,233.5625
2018-06-21 18:00:00,52.5703125
2018-06-21 19:00:00,326.0625
2018-06-21 20:00:00,421.9921875
2018-06-21 21:00:00,408.3828125
2018-06-21 22:00:00,501.88671875
2018-06-21 23:00:00,974.2578125
2018-06-22 00:00:00,100.6875
2018-06-22 01:00:00,579.40625
2018-06-22 02:00:00,80.5625
2018-06-22 03:00:00,270.6484375
2018-06-22 04:00:00,499.423828125
2018-06-22 05:00:00,114.658203125
2018-06-22 06:00:00,17.576171875
2018-06-22 07:00:00,45.728515625
2018-06-22 08:00:00,428.75
2018-06-22 09:00:00,664.87109375
2018-06-22 10:00:00,767.6015625
2018-06-22 11:00:00,564.359375
2018-06-22 12:00:00,647.234375
2018-06-22 13:00:00,630.40625
2018-06-22 14:00:00,565.875
2018-06-22 15:00:00,1018.5625
2018-06-22 16:00:00,742.46875
2018-06-22 17:00:00,956.92578125
2018-06-22 18:00:00,1034.57421875
2018-06-22 19:00:00,1039.1015625
2018-06-22 20:00:00,477.572265625
2018-06-22 21:00:00,2.861328125
2018-06-22 22:00:00,578.1953125
2018-06-22 23:00:00,960.21875
2018-06-23 00:00:00,426.505859375
2018-06-23 01:00:00,300.38671875
2018-06-23 02:00:00,232.732421875
2018-06-23 03:00:00,251.8828125
2018-06-23 04:00:00,412.046875
2018-06-23 05:00:00,365.87890625
2018-06-23 06:00:00,429.353515625
2018-06-23 07:00:00,630.099609375
2018-06-23 08:00:00,121.900390625
2018-06-23 09:00:00,17.208984375
2018-06-23 10:00:00,294.5078125
2018-06-23 11:00:00,146.091796875
2018-06-23 12:00:00,682.3046875
2018-06-23 13:00:00,241.73046875
2018-06-23 14:00:00,504.443359375
2018-06-23 15:00:00,189.4375
2018-06-23 16:00:00,166.013671875
2018-06-23 17:00:00,35.52734375
2018-06-23 18:00:00,245.708984375
2018-06-23 19:00:00,593.705078125
2018-06-23 20:00:00,341.52734375
2018-06-23 21:00:00,13.306640625
2018-06-23 22:00:00,165.357421875
2018-06-23 23:00:00,836.603515625
2018-06-24 00:00:00,183.65625
2018-06-24 01:00:00,101.083984375
2018-06-24 02:00:00,345.767578125
2018-06-24 03:00:00,256.796875
2018-06-24 04:00:00,7.76171875
2018-06-24 05:00:00,77.130859375
2018-06-24 06:00:00,392.1484375
2018-06-24 07:00:00,197.365234375
2018-06-24 08:00:00,573.77734375
2018-06-24 09:00:00,604.021484375
2018-06-24 10:00:00,632.4296875
2018-06-24 11:00:00,881.1796875
2018-06-24 12:00:00,1065.6328125
2018-06-24 13:00:00,769.70703125
2018-06-24 14:00:00,830.57421875
2018-06-24 15:00:00,505.8125
2018-06-24 16:00:00,808.95703125
2018-06-24 17:00:00,559.83203125
2018-06-24 18:00:00,781.80078125
2018-06-24 19:00:00,289.9453125
2018-06-24 20:00:00,9.828125
2018-06-24 21:00:00,407.06640625
2018-06-24 22:00:00,488.42578125
2018-06-24 23:00:00,735.62890625
2018-06-25 00:00:00,139.017578125
2018-06-25 01:00:00,234.44921875
2018-06-25 02:00:00,364.35546875
2018-06-25 03:00:00,206.8203125
2018-06-25 04:00:00,222.09375
2018-06-25 05:00:00,408.8671875
2018-06-25 06:00:00,282.33203125
2018-06-25 07:00:00,860.384765625
2018-06-25 08:00:00,209.2578125
2018-06-25 09:00:00,378.94140625
2018-06-25 10:00:00,162.9921875
2018-06-25 11:00:00,335.76953125
2018-06-25 12:00:00,271.5546875
2018-06-25 13:00:00,223.390625
2018-06-25 14:00:00,113.8203125
2018-06-25 15:00:00,365.0859375
2018-06-25 16:00:00,30.8359375
2018-06-25 17:00:00,136.6171875
2018-06-25 18:00:00,65.53125
2018-06-25 19:00:00,627.4375
2018-06-25 20:00:00,532.66796875
2018-06-25 21:00:00,211.76953125
2018-06-25 22:00:00,395.59765625
2018-06-25 23:00:00,1261.9765625
2018-06-26 00:00:00,178.9765625
2018-06-26 01:00:00,633.74609375
2018-06-26 02:00:00,320.47265625
2018-06-26 03:00:00,522.99609375
2018-06-26 04:00:00,649.19140625
2018-06-26 05:00:00,174.23046875
2018-06-26 06:00:00,408.65625
2018-06-26 07:00:00,392.337890625
2018-06-26 08:00:00,431.75
2018-06-26 09:00:00,556.638671875
2018-06-26 10:00:00,193.60546875
2018-06-26 11:00:00,150.72265625
2018-06-26 12:00:00,277.94921875
2018-06-26 13:00:00,398.66796875
2018-06-26 14:00:00,378.85546875
2018-06-26 15:00:00,385.484375
2018-06-26 16:00:00,260.60546875
2018-06-26 17:00:00,332.16796875
2018-06-26 18:00:00,34.68359375
2018-06-26 19:00:00,537.765625
2018-06-26 20:00:00,371.61328125
2018-06-26 21:00:00,171.81640625
2018-06-26 22:00:00,526.359375
2018-06-26 23:00:00,1245.09765625
2018-06-27 00:00:00,92.91015625
2018-06-27 01:00:00,308.169921875
2018-06-27 02:00:00,39.302734375
2018-06-27 03:00:00,56.283203125
2018-06-27 04:00:00,156.240234375
2018-06-27 05:00:00,233.24609375
2018-06-27 06:00:00,178.515625
2018-06-27 07:00:00,535.447265625
2018-06-27 08:00:00,212.71875
2018-06-27 09:00:00,543.556640625
2018-06-27 10:00:00,121.44921875
2018-06-27 11:00:00,265.6796875
2018-06-27 12:00:00,583.6875
2018-06-27 13:00:00,549.18359375
2018-06-27 14:00:00,558.33984375
2018-06-27 15:00:00,553.31640625
2018-06-27 16:00:00,770.8671875
2018-06-27 17:00:00,324.66796875
2018-06-27 18:00:00,420.87890625
2018-06-27 19:00:00,366.6484375
2018-06-27 20:00:00,159.6953125
2018-06-27 21:00:00,341.4453125
2018-06-27 22:00:00,67.58984375
2018-06-27 23:00:00,1026.61328125
2018-06-28 00:00:00,158.3515625
2018-06-28 01:00:00,176.962890625
2018-06-28 02:00:00,494.701171875
2018-06-28 03:00:00,246.8046875
2018-06-28 04:00:00,220.53125
2018-06-28 05:00:00,167.3984375
2018-06-28 06:00:00,612.5546875
2018-06-28 07:00:00,370.42578125
2018-06-28 08:00:00,524.416015625
2018-06-28 09:00:00,172.73828125
2018-06-28 10:00:00,634.5625
2018-06-28 11:00:00,654.9921875
2018-06-28 12:00:00,919.87109375
2018-06-28 13:00:00,853.28515625
2018-06-28 14:00:00,1028.87890625
2018-06-28 15:00:00,532.140625
2018-06-28 16:00:00,781.984375
2018-06-28 17:00:00,847.29296875
2018-06-28 18:00:00,1053.05078125
2018-06-28 19:00:00,671.4765625
2018-06-28 20:00:00,528.26171875
2018-06-28 21:00:00,715.109375
2018-06-28 22:00:00,1462.41796875
2018-06-28 23:00:00,659.95703125
2018-06-29 00:00:00,709.0078125
2018-06-29 01:00:00,205.95703125
2018-06-29 02:00:00,5.46875
2018-06-29 03:00:00,2.826171875
2018-06-29 04:00:00,790.748046875
2018-06-29 05:00:00,89.42578125
2018-06-29 06:00:00,363.16796875
2018-06-29 07:00:00,132.044921875
2018-06-29 08:00:00,157.49609375
2018-06-29 09:00:00,287.90625
2018-06-29 10:00:00,248.3515625
2018-06-29 11:00:00,414.55078125
2018-06-29 12:00:00,236.87109375
2018-06-29 13:00:00,330.54296875
2018-06-29 14:00:00,132.85546875
2018-06-29 15:00:00,158.8828125
2018-06-29 16:00:00,359.68359375
2018-06-29 17:00:00,502.34765625
2018-06-29 18:00:00,431.1328125
2018-06-29 19:00:00,114.1953125
2018-06-29 20:00:00,112.03125
2018-06-29 21:00:00,170.2265625
2018-06-29 22:00:00,1262.453125
2018-06-29 23:00:00,592.15234375
2018-06-30 00:00:00,744.9375
2018-06-30 01:00:00,396.09765625
2018-06-30 02:00:00,27.28125
2018-06-30 03:00:00,475.10546875
2018-06-30 04:00:00,799.560546875
2018-06-30 05:00:00,771.576171875
2018-06-30 06:00:00,1008.029296875
2018-06-30 07:00:00,467.9609375
2018-06-30 08:00:00,480.056640625
2018-06-30 09:00:00,156.2421875
2018-06-30 10:00:00,147.38671875
2018-06-30 11:00:00,247.6875
2018-06-30 12:00:00,45.41015625
2018-06-30 13:00:00,110.75390625
2018-06-30 14:00:00,27.44921875
2018-06-30 15:00:00,59.63671875
2018-06-30 16:00:00,443.5625
2018-06-30 17:00:00,427.828125
2018-06-30 18:00:00,520.3203125
2018-06-30 19:00:00,294.71875
2018-06-30 20:00:00,26.9609375
2018-06-30 21:00:00,466.8515625
2018-06-30 22:00:00,1106.6015625
2018-06-30 23:00:00,152.23046875
2018-07-01 00:00:00,975.5703125
2018-07-01 01:00:00,23.61328125
2018-07-01 02:00:00,519.830078125
2018-07-01 03:00:00,49.501953125
2018-07-01 04:00:00,344.826171875
2018-07-01 05:00:00,525.380859375
2018-07-01 06:00:00,813.412109375
2018-07-01 07:00:00,363.33203125
2018-07-01 08:00:00,670.73046875
2018-07-01 09:00:00,99.12890625
2018-07-01 10:00:00,388.453125
2018-07-01 11:00:00,719.21484375
2018-07-01 12:00:00,417.59375
2018-07-01 13:00:00,394.08984375
2018-07-01 14:00:00,370.4140625
2018-07-01 15:00:00,119.5546875
2018-07-01 16:00:00,537.33203125
2018-07-01 17:00:00,538.94140625
2018-07-01 18:00:00,659.046875
2018-07-01 19:00:00,489.84375
2018-07-01 20:00:00,282.13671875
2018-07-01 21:00:00,550.93359375
2018-07-01 22:00:00,1299.54296875
2018-07-01 23:00:00,416.69140625
2018-07-02 00:00:00,1058.26171875
2018-07-02 01:00:00,24.98046875
2018-07-02 02:00:00,937.87890625
2018-07-02 03:00:00,210.759765625
2018-07-02 04:00:00,17.5703125
2018-07-02 05:00:00,76.703125
2018-07-02 06:00:00,157.26171875
2018-07-02 07:00:00,329.0625
2018-07-02 08:00:00,648.76953125
2018-07-02 09:00:00,476.109375
2018-07-02 10:00:00,1003.5703125
2018-07-02 11:00:00,1077.62890625
2018-07-02 12:00:00,799.5625
2018-07-02 13:00:00,845.484375
2018-07-02 14:00:00,730.4140625
2018-07-02 15:00:00,499.59765625
2018-07-02 16:00:00,667.765625
2018-07-02 17:00:00,690.1796875
2018-07-02 18:00:00,751.58203125
2018-07-02 19:00:00,888.95703125
2018-07-02 20:00:00,322.859375
2018-07-02 21:00:00,1235.3046875
2018-07-02 22:00:00,1066.44140625
2018-07-02 23:00:00,31.31640625
2018-07-03 00:00:00,1111.82421875
2018-07-03 01:00:00,304.17578125
2018-07-03 02:00:00,902.73046875
2018-07-03 03:00:00,418.54296875
2018-07-03 04:00:00,90.42578125
2018-07-03 05:00:00,96.23046875
2018-07-03 06:00:00,152.515625
2018-07-03 07:00:00,88.4765625
2018-07-03 08:00:00,206.66796875
2018-07-03 09:00:00,75.8828125
2018-07-03 10:00:00,791.87109375
2018-07-03 11:00:00,841.953125
2018-07-03 12:00:00,952.62890625
2018-07-03 13:00:00,766.859375
2018-07-03 14:00:00,514.9375
2018-07-03 15:00:00,160.47265625
2018-07-03 16:00:00,468.58984375
2018-07-03 17:00:00,51.625
2018-07-03 18:00:00,93.2265625
2018-07-03 19:00:00,15.90625
2018-07-03 20:00:00,88.171875
2018-07-03 21:00:00,1122.046875
2018-07-03 22:00:00,793.32421875
2018-07-03 23:00:00,35.49609375
2018-07-04 00:00:00,606.16015625
2018-07-04 01:00:00,466.65234375
2018-07-04 02:00:00,346.140625
2018-07-04 03:00:00,374.5703125
2018-07-04 04:00:00,628.384765625
2018-07-04 05:00:00,514.5234375
2018-07-04 06:00:00,869.056640625
2018-07-04 07:00:00,914.322265625
2018-07-04 08:00:00,62.068359375
2018-07-04 09:00:00,120.83203125
2018-07-04 10:00:00,175.4765625
2018-07-04 11:00:00,257.78125
2018-07-04 12:00:00,161.33203125
2018-07-04 13:00:00,11.484375
2018-07-04 14:00:00,61.3671875
2018-07-04 15:00:00,189.74609375
2018-07-04 16:00:00,29.875
2018-07-04 17:00:00,186.15234375
2018-07-04 18:00:00,121.546875
2018-07-04 19:00:00,510.3515625
2018-07-04 20:00:00,110.4375
2018-07-04 21:00:00,348.41015625
2018-07-04 22:00:00,395.8203125
2018-07-04 23:00:00,195.05859375
2018-07-05 00:00:00,335.1640625
2018-07-05 01:00:00,43.56640625
2018-07-05 02:00:00,100.166015625
2018-07-05 03:00:00,42.998046875
2018-07-05 04:00:00,104.583984375
2018-07-05 05:00:00,192.1171875
2018-07-05 06:00:00,37.05078125
2018-07-05 07:00:00,88.04296875
2018-07-05 08:00:00,393.63671875
2018-07-05 09:00:00,295.546875
2018-07-05 10:00:00,681.5234375
2018-07-05 11:00:00,469.3984375
2018-07-05 12:00:00,540.8046875
2018-07-05 13:00:00,773.9921875
2018-07-05 14:00:00,572.09375
2018-07-05 15:00:00,460.1875
2018-07-05 16:00:00,727.40234375
2018-07-05 17:00:00,1154.00390625
2018-07-05 18:00:00,1183.3515625
2018-07-05 19:00:00,608.66015625
2018-07-05 20:00:00,535.13671875
2018-07-05 21:00:00,1075.04296875
2018-07-05 22:00:00,1067.9765625
2018-07-05 23:00:00,70.046875
2018-07-06 00:00:00,963.42578125
2018-07-06 01:00:00,114.48828125
2018-07-06 02:00:00,823.76171875
2018-07-06 03:00:00,175.83203125
2018-07-06 04:00:00,11.13671875
2018-07-06 05:00:00,103.4140625
2018-07-06 06:00:00,206.11328125
2018-07-06 07:00:00,278.765625
2018-07-06 08:00:00,205.203125
2018-07-06 09:00:00,456.63671875
2018-07-06 10:00:00,591.64453125
2018-07-06 11:00:00,378.515625
2018-07-06 12:00:00,493.2109375
2018-07-06 13:00:00,664.578125
2018-07-06 14:00:00,485.22265625
2018-07-06 15:00:00,458.4375
2018-07-06 16:00:00,435.01171875
2018-07-06 17:00:00,346.81640625
2018-07-06 18:00:00,295.6484375
2018-07-06 19:00:00,636.68359375
2018-07-06 20:00:00,756.140625
2018-07-06 21:00:00,173.1328125
2018-07-06 22:00:00,384.80078125
2018-07-06 23:00:00,1425.8828125
2018-07-07 00:00:00,221.779296875
2018-07-07 01:00:00,1321.50390625
2018-07-07 02:00:00,536.8984375
2018-07-07 03:00:00,1146.5
2018-07-07 04:00:00,1196.177734375
2018-07-07 05:00:00,1250.876953125
2018-07-07 06:00:00,1160.107421875
2018-07-07 07:00:00,992.8203125
2018-07-07 08:00:00,422.35546875
2018-07-07 09:00:00,523.0546875
2018-07-07 10:00:00,971.037109375
2018-07-07 11:00:00,619.33203125
2018-07-07 12:00:00,756.052734375
2018-07-07 13:00:00,677.953125
2018-07-07 14:00:00,501.416015625
2018-07-07 15:00:00,430.91015625
2018-07-07 16:00:00,414.70703125
2018-07-07 17:00:00,597.3671875
2018-07-07 18:00:00,683.1640625
2018-07-07 19:00:00,1064.2109375
2018-07-07 20:00:00,1362.46875
2018-07-07 21:00:00,916.01953125
2018-07-07 22:00:00,276.44140625
2018-07-07 23:00:00,1199.306640625
2018-07-08 00:00:00,81.423828125
2018-07-08 01:00:00,494.23046875
2018-07-08 02:00:00,51.21484375
2018-07-08 03:00:00,341.375
2018-07-08 04:00:00,584.544921875
2018-07-08 05:00:00,582.5625
2018-07-08 06:00:00,891.591796875
2018-07-08 07:00:00,555.69921875
2018-07-08 08:00:00,112.1171875
2018-07-08 09:00:00,7.76171875
2018-07-08 10:00:00,118.37109375
2018-07-08 11:00:00,263.92578125
2018-07-08 12:00:00,38.404296875
2018-07-08 13:00:00,114.1875
2018-07-08 14:00:00,55.49609375
2018-07-08 15:00:00,72.517578125
2018-07-08 16:00:00,225.44921875
2018-07-08 17:00:00,442.796875
2018-07-08 18:00:00,437.00390625
2018-07-08 19:00:00,120.2734375
2018-07-08 20:00:00,428.62109375
2018-07-08 21:00:00,420.15625
2018-07-08 22:00:00,548.3359375
2018-07-08 23:00:00,1274.29296875
2018-07-09 00:00:00,85.85546875
2018-07-09 01:00:00,55.640625
2018-07-09 02:00:00,161.875
2018-07-09 03:00:00,320.666015625
2018-07-09 04:00:00,26.814453125
2018-07-09 05:00:00,222.40234375
2018-07-09 06:00:00,305.7109375
2018-07-09 07:00:00,440.421875
2018-07-09 08:00:00,943.421875
2018-07-09 09:00:00,263.5703125
2018-07-09 10:00:00,770.541015625
2018-07-09 11:00:00,703.2421875
2018-07-09 12:00:00,458.55859375
2018-07-09 13:00:00,636.078125
2018-07-09 14:00:00,811.4921875
2018-07-09 15:00:00,619.51953125
2018-07-09 16:00:00,892.84765625
2018-07-09 17:00:00,877.3828125
2018-07-09 18:00:00,745.2578125
2018-07-09 19:00:00,383.6328125
2018-07-09 20:00:00,55.12109375
2018-07-09 21:00:00,345.859375
2018-07-09 22:00:00,1063.75390625
2018-07-09 23:00:00,735.6015625
2018-07-10 00:00:00,718.82421875
2018-07-10 01:00:00,449.505859375
2018-07-10 02:00:00,300.02734375
2018-07-10 03:00:00,205.392578125
2018-07-10 04:00:00,270.263671875
2018-07-10 05:00:00,69.28125
2018-07-10 06:00:00,45.625
2018-07-10 07:00:00,287.060546875
2018-07-10 08:00:00,431.400390625
2018-07-10 09:00:00,65.10546875
2018-07-10 10:00:00,501.24609375
2018-07-10 11:00:00,652.49609375
2018-07-10 12:00:00,639.0078125
2018-07-10 13:00:00,520.109375
2018-07-10 14:00:00,569.28125
2018-07-10 15:00:00,402.5703125
2018-07-10 16:00:00,568.1328125
2018-07-10 17:00:00,781.90625
2018-07-10 18:00:00,779.0703125
2018-07-10 19:00:00,578.859375
2018-07-10 20:00:00,476.89453125
2018-07-10 21:00:00,900.8671875
2018-07-10 22:00:00,1408.72265625
2018-07-10 23:00:00,175.6796875
2018-07-11 00:00:00,1118.30078125
2018-07-11 01:00:00,86.8984375
2018-07-11 02:00:00,729.583984375
2018-07-11 03:00:00,22.642578125
2018-07-11 04:00:00,410.9453125
2018-07-11 05:00:00,219.955078125
2018-07-11 06:00:00,139.388671875
2018-07-11 07:00:00,319.7265625
2018-07-11 08:00:00,154.9453125
2018-07-11 09:00:00,553.83203125
2018-07-11 10:00:00,122.67578125
2018-07-11 11:00:00,135.65625
2018-07-11 12:00:00,114.91015625
2018-07-11 13:00:00,59.4921875
2018-07-11 14:00:00,54.4609375
2018-07-11 15:00:00,152.90234375
2018-07-11 16:00:00,29.37890625
2018-07-11 17:00:00,154.3515625
2018-07-11 18:00:00,88.30859375
2018-07-11 19:00:00,264.90625
2018-07-11 20:00:00,355.84375
2018-07-11 21:00:00,820.17578125
2018-07-11 22:00:00,501.1015625
2018-07-11 23:00:00,735.5078125
2018-07-12 00:00:00,302.42578125
2018-07-12 01:00:00,769.125
2018-07-12 02:00:00,131.841796875
2018-07-12 03:00:00,651.126953125
2018-07-12 04:00:00,717.298828125
2018-07-12 05:00:00,634.802734375
2018-07-12 06:00:00,341.06640625
2018-07-12 07:00:00,372.447265625
2018-07-12 08:00:00,488.69921875
2018-07-12 09:00:00,884.6953125
2018-07-12 10:00:00,543.96484375
2018-07-12 11:00:00,73.66796875
2018-07-12 12:00:00,384.32421875
2018-07-12 13:00:00,28.2109375
2018-07-12 14:00:00,98.56640625
2018-07-12 15:00:00,239.9609375
2018-07-12 16:00:00,24.13671875
2018-07-12 17:00:00,72.78515625
2018-07-12 18:00:00,30.55078125
2018-07-12 19:00:00,379.4296875
2018-07-12 20:00:00,372.25390625
2018-07-12 21:00:00,392.80078125
2018-07-12 22:00:00,566.81640625
2018-07-12 23:00:00,886.00390625
2018-07-13 00:00:00,156.517578125
2018-07-13 01:00:00,650.322265625
2018-07-13 02:00:00,0.490234375
2018-07-13 03:00:00,517.9765625
2018-07-13 04:00:00,485.671875
2018-07-13 05:00:00,301.505859375
2018-07-13 06:00:00,187.802734375
2018-07-13 07:00:00,55.7734375
2018-07-13 08:00:00,21.09375
2018-07-13 09:00:00,682.484375
2018-07-13 10:00:00,343.69921875
2018-07-13 11:00:00,71.6171875
2018-07-13 12:00:00,96.625
2018-07-13 13:00:00,69.01171875
2018-07-13 14:00:00,339.61328125
2018-07-13 15:00:00,153.0625
2018-07-13 16:00:00,241.73828125
2018-07-13 17:00:00,90.6875
2018-07-13 18:00:00,132.21484375
2018-07-13 19:00:00,323.7734375
2018-07-13 20:00:00,394.82421875
2018-07-13 21:00:00,119.6484375
2018-07-13 22:00:00,869.53125
2018-07-13 23:00:00,801.2265625
2018-07-14 00:00:00,354.53125
2018-07-14 01:00:00,610.78515625
2018-07-14 02:00:00,199.322265625
2018-07-14 03:00:00,409.208984375
2018-07-14 04:00:00,618.044921875
2018-07-14 05:00:00,478.99609375
2018-07-14 06:00:00,674.20703125
2018-07-14 07:00:00,558.845703125
2018-07-14 08:00:00,439.50390625
2018-07-14 09:00:00,85.53125
2018-07-14 10:00:00,212.869140625
2018-07-14 11:00:00,264.171875
2018-07-14 12:00:00,191.5859375
2018-07-14 13:00:00,241.546875
2018-07-14 14:00:00,2.3671875
2018-07-14 15:00:00,20.6796875
2018-07-14 16:00:00,218.01953125
2018-07-14 17:00:00,395.32421875
2018-07-14 18:00:00,181.265625
2018-07-14 19:00:00,18.2890625
2018-07-14 20:00:00,443.02734375
2018-07-14 21:00:00,309.21484375
2018-07-14 22:00:00,730.12890625
2018-07-14 23:00:00,358.9296875
2018-07-15 00:00:00,569.2265625
2018-07-15 01:00:00,185.01953125
2018-07-15 02:00:00,239.0078125
2018-07-15 03:00:00,89.259765625
2018-07-15 04:00:00,123.521484375
2018-07-15 05:00:00,261.58984375
2018-07-15 06:00:00,128.330078125
2018-07-15 07:00:00,581.71484375
2018-07-15 08:00:00,358.173828125
2018-07-15 09:00:00,80.2421875
2018-07-15 10:00:00,113.359375
2018-07-15 11:00:00,542.59375
2018-07-15 12:00:00,1182.4609375
2018-07-15 13:00:00,891.25
2018-07-15 14:00:00,344.73828125
2018-07-15 15:00:00,548.37109375
2018-07-15 16:00:00,264.421875
2018-07-15 17:00:00,545.64453125
2018-07-15 18:00:00,277.30078125
2018-07-15 19:00:00,188.65234375
2018-07-15 20:00:00,483.828125
2018-07-15 21:00:00,105.28125
2018-07-15 22:00:00,388.22265625
2018-07-15 23:00:00,907.53125
2018-07-16 00:00:00,224.83203125
2018-07-16 01:00:00,78.01953125
2018-07-16 02:00:00,174.10546875
2018-07-16 03:00:00,32.283203125
2018-07-16 04:00:00,89.609375
2018-07-16 05:00:00,227.76171875
2018-07-16 06:00:00,506.65234375
2018-07-16 07:00:00,451.025390625
2018-07-16 08:00:00,1347.9609375
2018-07-16 09:00:00,829.66015625
2018-07-16 10:00:00,1578.09375
2018-07-16 11:00:00,1597.62109375
2018-07-16 12:00:00,1521.62890625
2018-07-16 13:00:00,1540.10546875
2018-07-16 14:00:00,1122.1328125
2018-07-16 15:00:00,905.78515625
2018-07-16 16:00:00,634.31640625
2018-07-16 17:00:00,865.5546875
2018-07-16 18:00:00,450.3125
2018-07-16 19:00:00,744.75390625
2018-07-16 20:00:00,779.4140625
2018-07-16 21:00:00,1471.49609375
2018-07-16 22:00:00,1376.76953125
2018-07-16 23:00:00,49.35546875
2018-07-17 00:00:00,1140.5546875
2018-07-17 01:00:00,173.2421875
2018-07-17 02:00:00,963.7265625
2018-07-17 03:00:00,203.0234375
2018-07-17 04:00:00,67.57421875
2018-07-17 05:00:00,55.35546875
2018-07-17 06:00:00,56.9765625
2018-07-17 07:00:00,174.1875
2018-07-17 08:00:00,427.1328125
2018-07-17 09:00:00,367.046875
2018-07-17 10:00:00,422.9453125
2018-07-17 11:00:00,489.5859375
2018-07-17 12:00:00,330.3984375
2018-07-17 13:00:00,339.9765625
2018-07-17 14:00:00,34.4375
2018-07-17 15:00:00,1236.4375
2018-07-17 16:00:00,1676.9140625
2018-07-17 17:00:00,204.48828125
2018-07-17 18:00:00,240.71875
2018-07-17 19:00:00,20.07421875
2018-07-17 20:00:00,361.546875
2018-07-17 21:00:00,407.5625
2018-07-17 22:00:00,209.60546875
2018-07-17 23:00:00,1369.703125
2018-07-18 00:00:00,8.98046875
2018-07-18 01:00:00,554.865234375
2018-07-18 02:00:00,77.470703125
2018-07-18 03:00:00,482.013671875
2018-07-18 04:00:00,764.033203125
2018-07-18 05:00:00,535.216796875
2018-07-18 06:00:00,697.5546875
2018-07-18 07:00:00,647.009765625
2018-07-18 08:00:00,491.716796875
2018-07-18 09:00:00,1525.6640625
2018-07-18 10:00:00,609.4140625
2018-07-18 11:00:00,538.91015625
2018-07-18 12:00:00,121.19140625
2018-07-18 13:00:00,7.11328125
2018-07-18 14:00:00,175.82421875
2018-07-18 15:00:00,135.78515625
2018-07-18 16:00:00,206.203125
2018-07-18 17:00:00,246.6171875
2018-07-18 18:00:00,212.5625
2018-07-18 19:00:00,357.03515625
2018-07-18 20:00:00,469.140625
2018-07-18 21:00:00,18.30078125
2018-07-18 22:00:00,458.8984375
2018-07-18 23:00:00,1119.59765625
2018-07-19 00:00:00,181.55078125
2018-07-19 01:00:00,682.458984375
2018-07-19 02:00:00,263.623046875
2018-07-19 03:00:00,491.73046875
2018-07-19 04:00:00,731.5859375
2018-07-19 05:00:00,392.13671875
2018-07-19 06:00:00,88.248046875
2018-07-19 07:00:00,286.1953125
2018-07-19 08:00:00,18.86328125
2018-07-19 09:00:00,920.08203125
2018-07-19 10:00:00,468.5546875
2018-07-19 11:00:00,239.109375
2018-07-19 12:00:00,365.96875
2018-07-19 13:00:00,234.01171875
2018-07-19 14:00:00,65.3359375
2018-07-19 15:00:00,235.86328125
2018-07-19 16:00:00,318.9765625
2018-07-19 17:00:00,206.33203125
2018-07-19 18:00:00,232.87890625
2018-07-19 19:00:00,412.1640625
2018-07-19 20:00:00,385.80078125
2018-07-19 21:00:00,35.5546875
2018-07-19 22:00:00,547.39453125
2018-07-19 23:00:00,760.3125
2018-07-20 00:00:00,186.0859375
2018-07-20 01:00:00,386.927734375
2018-07-20 02:00:00,40.712890625
2018-07-20 03:00:00,331.150390625
2018-07-20 04:00:00,388.708984375
2018-07-20 05:00:00,57.5234375
2018-07-20 06:00:00,22.03125
2018-07-20 07:00:00,111.818359375
2018-07-20 08:00:00,444.478515625
2018-07-20 09:00:00,198.15625
2018-07-20 10:00:00,22.63671875
2018-07-20 11:00:00,22.78515625
2018-07-20 12:00:00,46.82421875
2018-07-20 13:00:00,121.9296875
2018-07-20 14:00:00,69.796875
2018-07-20 15:00:00,267.73828125
2018-07-20 16:00:00,55.3515625
2018-07-20 17:00:00,3.0546875
2018-07-20 18:00:00,137.87890625
2018-07-20 19:00:00,790.078125
2018-07-20 20:00:00,400.3046875
2018-07-20 21:00:00,206.48046875
2018-07-20 22:00:00,773.31640625
2018-07-20 23:00:00,675.6328125
2018-07-21 00:00:00,56.46875
2018-07-21 01:00:00,535.900390625
2018-07-21 02:00:00,242.3125
2018-07-21 03:00:00,186.662109375
2018-07-21 04:00:00,528.69140625
2018-07-21 05:00:00,310.72265625
2018-07-21 06:00:00,476.982421875
2018-07-21 07:00:00,623.896484375
2018-07-21 08:00:00,268.15625
2018-07-21 09:00:00,178.212890625
2018-07-21 10:00:00,624.880859375
2018-07-21 11:00:00,815.40234375
2018-07-21 12:00:00,971.21484375
2018-07-21 13:00:00,976.6171875
2018-07-21 14:00:00,883.5546875
2018-07-21 15:00:00,823.923828125
2018-07-21 16:00:00,733.7890625
2018-07-21 17:00:00,531.314453125
2018-07-21 18:00:00,682.376953125
2018-07-21 19:00:00,881.673828125
2018-07-21 20:00:00,661.806640625
2018-07-21 21:00:00,50.9140625
2018-07-21 22:00:00,808.95703125
2018-07-21 23:00:00,487.078125
2018-07-22 00:00:00,114.91015625
2018-07-22 01:00:00,80.068359375
2018-07-22 02:00:00,339.9375
2018-07-22 03:00:00,316.841796875
2018-07-22 04:00:00,99.0546875
2018-07-22 05:00:00,32.412109375
2018-07-22 06:00:00,125.740234375
2018-07-22 07:00:00,488.85546875
2018-07-22 08:00:00,554.591796875
2018-07-22 09:00:00,437.791015625
2018-07-22 10:00:00,144.76171875
2018-07-22 11:00:00,147.791015625
2018-07-22 12:00:00,467.861328125
2018-07-22 13:00:00,592.94921875
2018-07-22 14:00:00,362.41796875
2018-07-22 15:00:00,342.14453125
2018-07-22 16:00:00,316.1015625
2018-07-22 17:00:00,925.36328125
2018-07-22 18:00:00,473.95703125
2018-07-22 19:00:00,96.19140625
2018-07-22 20:00:00,317.640625
2018-07-22 21:00:00,671.265625
2018-07-22 22:00:00,394.1328125
2018-07-22 23:00:00,406.0390625
2018-07-23 00:00:00,116.568359375
2018-07-23 01:00:00,262.658203125
2018-07-23 02:00:00,418.20703125
2018-07-23 03:00:00,682.658203125
2018-07-23 04:00:00,609.859375
2018-07-23 05:00:00,863.642578125
2018-07-23 06:00:00,1145.896484375
2018-07-23 07:00:00,837.873046875
2018-07-23 08:00:00,951.05859375
2018-07-23 09:00:00,414.453125
2018-07-23 10:00:00,378.4375
2018-07-23 11:00:00,967.87109375
2018-07-23 12:00:00,454.015625
2018-07-23 13:00:00,568.50390625
2018-07-23 14:00:00,593.20703125
2018-07-23 15:00:00,629.421875
2018-07-23 16:00:00,192.8828125
2018-07-23 17:00:00,552.55859375
2018-07-23 18:00:00,253.15234375
2018-07-23 19:00:00,66.24609375
2018-07-23 20:00:00,481.01953125
2018-07-23 21:00:00,1183.33203125
2018-07-23 22:00:00,348.66015625
2018-07-23 23:00:00,185.16796875
2018-07-24 00:00:00,176.03125
2018-07-24 01:00:00,25.37890625
2018-07-24 02:00:00,211.337890625
2018-07-24 03:00:00,219.04296875
2018-07-24 04:00:00,195.404296875
2018-07-24 05:00:00,293.65625
2018-07-24 06:00:00,115.7109375
2018-07-24 07:00:00,240.0859375
2018-07-24 08:00:00,196.03515625
2018-07-24 09:00:00,278.41796875
2018-07-24 10:00:00,9.26171875
2018-07-24 11:00:00,159.87109375
2018-07-24 12:00:00,32.515625
2018-07-24 13:00:00,20.2109375
2018-07-24 14:00:00,155.359375
2018-07-24 15:00:00,347.20703125
2018-07-24 16:00:00,180.20703125
2018-07-24 17:00:00,6.48828125
2018-07-24 18:00:00,50.0
2018-07-24 19:00:00,45.13671875
2018-07-24 20:00:00,80.2734375
2018-07-24 21:00:00,1140.02734375
2018-07-24 22:00:00,88.12109375
2018-07-24 23:00:00,313.390625
2018-07-25 00:00:00,12.55859375
2018-07-25 01:00:00,12.865234375
2018-07-25 02:00:00,90.533203125
2018-07-25 03:00:00,229.169921875
2018-07-25 04:00:00,393.017578125
2018-07-25 05:00:00,314.107421875
2018-07-25 06:00:00,50.1484375
2018-07-25 07:00:00,449.83984375
2018-07-25 08:00:00,670.65234375
2018-07-25 09:00:00,545.609375
2018-07-25 10:00:00,244.75390625
2018-07-25 11:00:00,282.3515625
2018-07-25 12:00:00,5.34765625
2018-07-25 13:00:00,309.75
2018-07-25 14:00:00,200.75
2018-07-25 15:00:00,273.65234375
2018-07-25 16:00:00,246.33984375
2018-07-25 17:00:00,260.94921875
2018-07-25 18:00:00,367.8515625
2018-07-25 19:00:00,591.48828125
2018-07-25 20:00:00,122.0078125
2018-07-25 21:00:00,443.4453125
2018-07-25 22:00:00,109.203125
2018-07-25 23:00:00,622.2265625
2018-07-26 00:00:00,267.484375
2018-07-26 01:00:00,350.1953125
2018-07-26 02:00:00,126.81640625
2018-07-26 03:00:00,460.138671875
2018-07-26 04:00:00,283.8125
2018-07-26 05:00:00,401.28515625
2018-07-26 06:00:00,142.603515625
2018-07-26 07:00:00,341.74609375
2018-07-26 08:00:00,255.078125
2018-07-26 09:00:00,782.52734375
2018-07-26 10:00:00,198.02734375
2018-07-26 11:00:00,396.97265625
2018-07-26 12:00:00,190.5390625
2018-07-26 13:00:00,526.59765625
2018-07-26 14:00:00,641.67578125
2018-07-26 15:00:00,609.3828125
2018-07-26 16:00:00,705.32421875
2018-07-26 17:00:00,837.07421875
2018-07-26 18:00:00,687.83203125
2018-07-26 19:00:00,261.328125
2018-07-26 20:00:00,118.05078125
2018-07-26 21:00:00,943.30859375
2018-07-26 22:00:00,748.88671875
2018-07-26 23:00:00,244.26953125
2018-07-27 00:00:00,438.4296875
2018-07-27 01:00:00,76.6015625
2018-07-27 02:00:00,173.56640625
2018-07-27 03:00:00,451.8125
2018-07-27 04:00:00,441.970703125
2018-07-27 05:00:00,296.625
2018-07-27 06:00:00,137.67578125
2018-07-27 07:00:00,297.962890625
2018-07-27 08:00:00,14.32421875
2018-07-27 09:00:00,184.58984375
2018-07-27 10:00:00,400.1875
2018-07-27 11:00:00,663.5234375
2018-07-27 12:00:00,44.953125
2018-07-27 13:00:00,261.453125
2018-07-27 14:00:00,73.3828125
2018-07-27 15:00:00,454.66796875
2018-07-27 16:00:00,629.53515625
2018-07-27 17:00:00,171.75
2018-07-27 18:00:00,1045.55859375
2018-07-27 19:00:00,754.4296875
2018-07-27 20:00:00,105.2109375
2018-07-27 21:00:00,122.29296875
2018-07-27 22:00:00,623.7265625
2018-07-27 23:00:00,495.875
2018-07-28 00:00:00,1.876953125
2018-07-28 01:00:00,684.349609375
2018-07-28 02:00:00,323.912109375
2018-07-28 03:00:00,598.958984375
2018-07-28 04:00:00,607.125
2018-07-28 05:00:00,552.87890625
2018-07-28 06:00:00,608.5546875
2018-07-28 07:00:00,945.96484375
2018-07-28 08:00:00,194.353515625
2018-07-28 09:00:00,225.8671875
2018-07-28 10:00:00,814.92578125
2018-07-28 11:00:00,664.75
2018-07-28 12:00:00,312.83203125
2018-07-28 13:00:00,334.80859375
2018-07-28 14:00:00,141.56640625
2018-07-28 15:00:00,77.83984375
2018-07-28 16:00:00,166.4453125
2018-07-28 17:00:00,199.7265625
2018-07-28 18:00:00,87.63671875
2018-07-28 19:00:00,259.9609375
2018-07-28 20:00:00,526.68359375
2018-07-28 21:00:00,123.61328125
2018-07-28 22:00:00,181.42578125
2018-07-28 23:00:00,698.00390625
2018-07-29 00:00:00,171.228515625
2018-07-29 01:00:00,625.521484375
2018-07-29 02:00:00,62.681640625
2018-07-29 03:00:00,292.255859375
2018-07-29 04:00:00,438.68359375
2018-07-29 05:00:00,380.115234375
2018-07-29 06:00:00,502.94140625
2018-07-29 07:00:00,688.890625
2018-07-29 08:00:00,320.21875
2018-07-29 09:00:00,9.0859375
2018-07-29 10:00:00,247.716796875
2018-07-29 11:00:00,325.126953125
2018-07-29 12:00:00,606.6484375
2018-07-29 13:00:00,451.234375
2018-07-29 14:00:00,436.0546875
2018-07-29 15:00:00,127.2890625
2018-07-29 16:00:00,4.0234375
2018-07-29 17:00:00,150.66015625
2018-07-29 18:00:00,17.90234375
2018-07-29 19:00:00,377.6484375
2018-07-29 20:00:00,819.734375
2018-07-29 21:00:00,151.234375
2018-07-29 22:00:00,131.44140625
2018-07-29 23:00:00,1039.1640625
2018-07-30 00:00:00,30.7421875
2018-07-30 01:00:00,351.25390625
2018-07-30 02:00:00,167.666015625
2018-07-30 03:00:00,19.279296875
2018-07-30 04:00:00,177.189453125
2018-07-30 05:00:00,364.939453125
2018-07-30 06:00:00,655.818359375
2018-07-30 07:00:00,254.447265625
2018-07-30 08:00:00,627.99609375
2018-07-30 09:00:00,121.55859375
2018-07-30 10:00:00,187.4375
2018-07-30 11:00:00,168.578125
2018-07-30 12:00:00,408.8984375
2018-07-30 13:00:00,255.15234375
2018-07-30 14:00:00,434.8359375
2018-07-30 15:00:00,871.27734375
2018-07-30 16:00:00,469.28125
2018-07-30 17:00:00,588.71484375
2018-07-30 18:00:00,231.2421875
2018-07-30 19:00:00,572.3125
2018-07-30 20:00:00,42.73828125
2018-07-30 21:00:00,411.5078125
2018-07-30 22:00:00,363.9921875
2018-07-30 23:00:00,916.359375
2018-07-31 00:00:00,146.677734375
2018-07-31 01:00:00,312.412109375
2018-07-31 02:00:00,158.0859375
2018-07-31 03:00:00,34.970703125
2018-07-31 04:00:00,67.826171875
2018-07-31 05:00:00,25.740234375
2018-07-31 06:00:00,305.26171875
2018-07-31 07:00:00,76.453125
2018-07-31 08:00:00,26.400390625
2018-07-31 09:00:00,397.2734375
2018-07-31 10:00:00,2.2421875
2018-07-31 11:00:00,105.1171875
2018-07-31 12:00:00,226.046875
2018-07-31 13:00:00,182.6328125
2018-07-31 14:00:00,109.30859375
2018-07-31 15:00:00,46.53125
2018-07-31 16:00:00,221.28515625
2018-07-31 17:00:00,510.27734375
2018-07-31 18:00:00,244.51171875
2018-07-31 19:00:00,6.73828125
2018-07-31 20:00:00,383.27734375
2018-07-31 21:00:00,1230.47265625
2018-07-31 22:00:00,151.046875
2018-07-31 23:00:00,93.1171875
2018-08-01 00:00:00,68.91796875
2018-08-01 01:00:00,135.810546875
2018-08-01 02:00:00,334.091796875
2018-08-01 03:00:00,34.568359375
2018-08-01 04:00:00,70.431640625
2018-08-01 05:00:00,84.931640625
2018-08-01 06:00:00,571.37890625
2018-08-01 07:00:00,39.484375
2018-08-01 08:00:00,77.92578125
2018-08-01 09:00:00,14.00390625
2018-08-01 10:00:00,245.53125
2018-08-01 11:00:00,437.18359375
2018-08-01 12:00:00,919.40234375
2018-08-01 13:00:00,191.52734375
2018-08-01 14:00:00,814.7890625
2018-08-01 15:00:00,225.4375
2018-08-01 16:00:00,1133.8046875
2018-08-01 17:00:00,536.6875
2018-08-01 18:00:00,992.88671875
2018-08-01 19:00:00,98.29296875
2018-08-01 20:00:00,683.18359375
2018-08-01 21:00:00,1519.76953125
2018-08-01 22:00:00,444.234375
2018-08-01 23:00:00,151.01171875
2018-08-02 00:00:00,303.55859375
2018-08-02 01:00:00,226.05078125
2018-08-02 02:00:00,202.349609375
2018-08-02 03:00:00,204.49609375
2018-08-02 04:00:00,226.900390625
2018-08-02 05:00:00,349.921875
2018-08-02 06:00:00,11.880859375
2018-08-02 07:00:00,568.98046875
2018-08-02 08:00:00,104.8828125
2018-08-02 09:00:00,303.28125
2018-08-02 10:00:00,232.703125
2018-08-02 11:00:00,472.21484375
2018-08-02 12:00:00,7.87109375
2018-08-02 13:00:00,267.33984375
2018-08-02 14:00:00,28.98828125
2018-08-02 15:00:00,258.40234375
2018-08-02 16:00:00,539.7734375
2018-08-02 17:00:00,5.015625
2018-08-02 18:00:00,246.17578125
2018-08-02 19:00:00,310.828125
2018-08-02 20:00:00,286.7109375
2018-08-02 21:00:00,1051.8046875
2018-08-02 22:00:00,12.4765625
2018-08-02 23:00:00,171.14453125
2018-08-03 00:00:00,118.55859375
